ISO-10303-21;
HEADER;
FILE_DESCRIPTION(('KiCad electronic assembly'),'2;1');
FILE_NAME('allium58.step','2025-12-17T14:52:57',('Pcbnew'),('Kicad'),
  'Open CASCADE STEP processor 7.9','KiCad to STEP converter','Unknown'
  );
FILE_SCHEMA(('AUTOMOTIVE_DESIGN { 1 0 10303 214 1 1 1 1 }'));
ENDSEC;
DATA;
#1 = APPLICATION_PROTOCOL_DEFINITION('international standard',
  'automotive_design',2000,#2);
#2 = APPLICATION_CONTEXT(
  'core data for automotive mechanical design processes');
#3 = SHAPE_DEFINITION_REPRESENTATION(#4,#10);
#4 = PRODUCT_DEFINITION_SHAPE('','',#5);
#5 = PRODUCT_DEFINITION('design','',#6,#9);
#6 = PRODUCT_DEFINITION_FORMATION('','',#7);
#7 = PRODUCT('allium58 1','allium58 1','',(#8));
#8 = PRODUCT_CONTEXT('',#2,'mechanical');
#9 = PRODUCT_DEFINITION_CONTEXT('part definition',#2,'design');
#10 = SHAPE_REPRESENTATION('',(#11,#15,#19,#23),#27);
#11 = AXIS2_PLACEMENT_3D('',#12,#13,#14);
#12 = CARTESIAN_POINT('',(0.,0.,0.));
#13 = DIRECTION('',(0.,0.,1.));
#14 = DIRECTION('',(1.,0.,-0.));
#15 = AXIS2_PLACEMENT_3D('',#16,#17,#18);
#16 = CARTESIAN_POINT('',(150.9522,-80.264,1.595));
#17 = DIRECTION('',(0.,-0.,1.));
#18 = DIRECTION('',(1.110223024625E-16,1.,0.));
#19 = AXIS2_PLACEMENT_3D('',#20,#21,#22);
#20 = CARTESIAN_POINT('',(151.1381,-39.083,-8.5E-02));
#21 = DIRECTION('',(0.,-1.224646799147E-16,-1.));
#22 = DIRECTION('',(1.,0.,0.));
#23 = AXIS2_PLACEMENT_3D('',#24,#25,#26);
#24 = CARTESIAN_POINT('',(0.,0.,0.));
#25 = DIRECTION('',(0.,0.,1.));
#26 = DIRECTION('',(1.,0.,-0.));
#27 = ( GEOMETRIC_REPRESENTATION_CONTEXT(3) 
GLOBAL_UNCERTAINTY_ASSIGNED_CONTEXT((#31)) GLOBAL_UNIT_ASSIGNED_CONTEXT(
(#28,#29,#30)) REPRESENTATION_CONTEXT('Context #1',
  '3D Context with UNIT and UNCERTAINTY') );
#28 = ( LENGTH_UNIT() NAMED_UNIT(*) SI_UNIT(.MILLI.,.METRE.) );
#29 = ( NAMED_UNIT(*) PLANE_ANGLE_UNIT() SI_UNIT($,.RADIAN.) );
#30 = ( NAMED_UNIT(*) SI_UNIT($,.STERADIAN.) SOLID_ANGLE_UNIT() );
#31 = UNCERTAINTY_MEASURE_WITH_UNIT(LENGTH_MEASURE(1.E-07),#28,
  'distance_accuracy_value','confusion accuracy');
#32 = PRODUCT_RELATED_PRODUCT_CATEGORY('part',$,(#7));
#33 = SHAPE_DEFINITION_REPRESENTATION(#34,#40);
#34 = PRODUCT_DEFINITION_SHAPE('','',#35);
#35 = PRODUCT_DEFINITION('design','',#36,#39);
#36 = PRODUCT_DEFINITION_FORMATION('','',#37);
#37 = PRODUCT('JST_PH_S2B-PH-K_1x02_P2.00mm_Horizontal',
  'JST_PH_S2B-PH-K_1x02_P2.00mm_Horizontal','',(#38));
#38 = PRODUCT_CONTEXT('',#2,'mechanical');
#39 = PRODUCT_DEFINITION_CONTEXT('part definition',#2,'design');
#40 = ADVANCED_BREP_SHAPE_REPRESENTATION('',(#11,#41),#3535);
#41 = MANIFOLD_SOLID_BREP('',#42);
#42 = CLOSED_SHELL('',(#43,#83,#163,#251,#308,#325,#349,#373,#397,#453,
    #589,#620,#632,#718,#732,#788,#845,#869,#942,#966,#999,#1110,#1227,
    #1267,#1298,#1316,#1333,#1351,#1377,#1408,#1425,#1458,#1498,#1521,
    #1570,#1594,#1641,#1658,#1675,#1687,#1734,#1765,#1782,#1799,#1823,
    #1847,#1864,#1881,#1893,#1910,#1922,#1946,#1964,#1976,#1990,#2021,
    #2045,#2069,#2086,#2117,#2141,#2165,#2182,#2228,#2274,#2291,#2303,
    #2334,#2358,#2382,#2399,#2430,#2454,#2478,#2495,#2592,#2616,#2706,
    #2723,#2820,#2844,#2934,#2951,#2963,#2975,#2992,#3009,#3026,#3059,
    #3099,#3130,#3147,#3164,#3176,#3209,#3226,#3243,#3260,#3293,#3333,
    #3364,#3381,#3398,#3410,#3443,#3460,#3477,#3489,#3506,#3523));
#43 = ADVANCED_FACE('',(#44),#78,.T.);
#44 = FACE_BOUND('',#45,.T.);
#45 = EDGE_LOOP('',(#46,#56,#64,#72));
#46 = ORIENTED_EDGE('',*,*,#47,.F.);
#47 = EDGE_CURVE('',#48,#50,#52,.T.);
#48 = VERTEX_POINT('',#49);
#49 = CARTESIAN_POINT('',(3.95,-4.65,2.5));
#50 = VERTEX_POINT('',#51);
#51 = CARTESIAN_POINT('',(3.95,-6.25,2.5));
#52 = LINE('',#53,#54);
#53 = CARTESIAN_POINT('',(3.95,-4.65,2.5));
#54 = VECTOR('',#55,1.);
#55 = DIRECTION('',(-1.224646799147E-16,-1.,1.110223024625E-16));
#56 = ORIENTED_EDGE('',*,*,#57,.T.);
#57 = EDGE_CURVE('',#48,#58,#60,.T.);
#58 = VERTEX_POINT('',#59);
#59 = CARTESIAN_POINT('',(3.45,-4.65,2.5));
#60 = LINE('',#61,#62);
#61 = CARTESIAN_POINT('',(3.95,-4.65,2.5));
#62 = VECTOR('',#63,1.);
#63 = DIRECTION('',(-1.,1.224646799147E-16,0.));
#64 = ORIENTED_EDGE('',*,*,#65,.T.);
#65 = EDGE_CURVE('',#58,#66,#68,.T.);
#66 = VERTEX_POINT('',#67);
#67 = CARTESIAN_POINT('',(3.45,-6.25,2.5));
#68 = LINE('',#69,#70);
#69 = CARTESIAN_POINT('',(3.45,-5.45,2.5));
#70 = VECTOR('',#71,1.);
#71 = DIRECTION('',(-1.224646799147E-16,-1.,1.110223024625E-16));
#72 = ORIENTED_EDGE('',*,*,#73,.F.);
#73 = EDGE_CURVE('',#50,#66,#74,.T.);
#74 = LINE('',#75,#76);
#75 = CARTESIAN_POINT('',(3.95,-6.25,2.5));
#76 = VECTOR('',#77,1.);
#77 = DIRECTION('',(-1.,1.224646799147E-16,0.));
#78 = PLANE('',#79);
#79 = AXIS2_PLACEMENT_3D('',#80,#81,#82);
#80 = CARTESIAN_POINT('',(3.95,-4.65,2.5));
#81 = DIRECTION('',(1.359631073447E-32,1.110223024625E-16,1.));
#82 = DIRECTION('',(-1.224646799147E-16,-1.,1.110223024625E-16));
#83 = ADVANCED_FACE('',(#84),#158,.T.);
#84 = FACE_BOUND('',#85,.T.);
#85 = EDGE_LOOP('',(#86,#94,#102,#110,#118,#126,#134,#142,#150,#157));
#86 = ORIENTED_EDGE('',*,*,#87,.F.);
#87 = EDGE_CURVE('',#88,#50,#90,.T.);
#88 = VERTEX_POINT('',#89);
#89 = CARTESIAN_POINT('',(3.95,-6.25,0.));
#90 = LINE('',#91,#92);
#91 = CARTESIAN_POINT('',(3.95,-6.25,0.3));
#92 = VECTOR('',#93,1.);
#93 = DIRECTION('',(1.359631073447E-32,1.110223024625E-16,1.));
#94 = ORIENTED_EDGE('',*,*,#95,.F.);
#95 = EDGE_CURVE('',#96,#88,#98,.T.);
#96 = VERTEX_POINT('',#97);
#97 = CARTESIAN_POINT('',(3.95,1.35,0.));
#98 = LINE('',#99,#100);
#99 = CARTESIAN_POINT('',(3.95,1.35,0.));
#100 = VECTOR('',#101,1.);
#101 = DIRECTION('',(-1.224646799147E-16,-1.,0.));
#102 = ORIENTED_EDGE('',*,*,#103,.F.);
#103 = EDGE_CURVE('',#104,#96,#106,.T.);
#104 = VERTEX_POINT('',#105);
#105 = CARTESIAN_POINT('',(3.95,1.35,3.2));
#106 = LINE('',#107,#108);
#107 = CARTESIAN_POINT('',(3.95,1.35,3.2));
#108 = VECTOR('',#109,1.);
#109 = DIRECTION('',(-0.,0.,-1.));
#110 = ORIENTED_EDGE('',*,*,#111,.F.);
#111 = EDGE_CURVE('',#112,#104,#114,.T.);
#112 = VERTEX_POINT('',#113);
#113 = CARTESIAN_POINT('',(3.95,-0.25,4.1));
#114 = LINE('',#115,#116);
#115 = CARTESIAN_POINT('',(3.95,-0.25,4.1));
#116 = VECTOR('',#117,1.);
#117 = DIRECTION('',(1.067372191754E-16,0.871575537124,-0.490261239633)
  );
#118 = ORIENTED_EDGE('',*,*,#119,.T.);
#119 = EDGE_CURVE('',#112,#120,#122,.T.);
#120 = VERTEX_POINT('',#121);
#121 = CARTESIAN_POINT('',(3.95,-0.25,4.8));
#122 = LINE('',#123,#124);
#123 = CARTESIAN_POINT('',(3.95,-0.25,0.3));
#124 = VECTOR('',#125,1.);
#125 = DIRECTION('',(1.359631073447E-32,1.110223024625E-16,1.));
#126 = ORIENTED_EDGE('',*,*,#127,.T.);
#127 = EDGE_CURVE('',#120,#128,#130,.T.);
#128 = VERTEX_POINT('',#129);
#129 = CARTESIAN_POINT('',(3.95,-6.25,4.8));
#130 = LINE('',#131,#132);
#131 = CARTESIAN_POINT('',(3.95,-0.25,4.8));
#132 = VECTOR('',#133,1.);
#133 = DIRECTION('',(-1.224646799147E-16,-1.,1.110223024625E-16));
#134 = ORIENTED_EDGE('',*,*,#135,.F.);
#135 = EDGE_CURVE('',#136,#128,#138,.T.);
#136 = VERTEX_POINT('',#137);
#137 = CARTESIAN_POINT('',(3.95,-6.25,3.3));
#138 = LINE('',#139,#140);
#139 = CARTESIAN_POINT('',(3.95,-6.25,0.3));
#140 = VECTOR('',#141,1.);
#141 = DIRECTION('',(1.359631073447E-32,1.110223024625E-16,1.));
#142 = ORIENTED_EDGE('',*,*,#143,.T.);
#143 = EDGE_CURVE('',#136,#144,#146,.T.);
#144 = VERTEX_POINT('',#145);
#145 = CARTESIAN_POINT('',(3.95,-4.65,3.3));
#146 = LINE('',#147,#148);
#147 = CARTESIAN_POINT('',(3.95,-6.25,3.3));
#148 = VECTOR('',#149,1.);
#149 = DIRECTION('',(1.224646799147E-16,1.,-1.110223024625E-16));
#150 = ORIENTED_EDGE('',*,*,#151,.T.);
#151 = EDGE_CURVE('',#144,#48,#152,.T.);
#152 = CIRCLE('',#153,0.4);
#153 = AXIS2_PLACEMENT_3D('',#154,#155,#156);
#154 = CARTESIAN_POINT('',(3.95,-4.65,2.9));
#155 = DIRECTION('',(-1.,1.224646799147E-16,0.));
#156 = DIRECTION('',(1.359631073446E-32,1.110223024625E-16,1.));
#157 = ORIENTED_EDGE('',*,*,#47,.T.);
#158 = PLANE('',#159);
#159 = AXIS2_PLACEMENT_3D('',#160,#161,#162);
#160 = CARTESIAN_POINT('',(3.95,-2.909897467985,2.368621550033));
#161 = DIRECTION('',(1.,-1.224646799147E-16,-3.096025220137E-32));
#162 = DIRECTION('',(-3.096025220137E-32,3.79153737592E-48,-1.));
#163 = ADVANCED_FACE('',(#164),#246,.T.);
#164 = FACE_BOUND('',#165,.T.);
#165 = EDGE_LOOP('',(#166,#176,#184,#190,#191,#192,#200,#208,#216,#224,
    #232,#240));
#166 = ORIENTED_EDGE('',*,*,#167,.T.);
#167 = EDGE_CURVE('',#168,#170,#172,.T.);
#168 = VERTEX_POINT('',#169);
#169 = CARTESIAN_POINT('',(-0.95,-6.25,0.3));
#170 = VERTEX_POINT('',#171);
#171 = CARTESIAN_POINT('',(2.95,-6.25,0.3));
#172 = LINE('',#173,#174);
#173 = CARTESIAN_POINT('',(-1.95,-6.25,0.3));
#174 = VECTOR('',#175,1.);
#175 = DIRECTION('',(1.,-1.224646799147E-16,0.));
#176 = ORIENTED_EDGE('',*,*,#177,.F.);
#177 = EDGE_CURVE('',#178,#170,#180,.T.);
#178 = VERTEX_POINT('',#179);
#179 = CARTESIAN_POINT('',(2.95,-6.25,0.));
#180 = LINE('',#181,#182);
#181 = CARTESIAN_POINT('',(2.95,-6.25,0.));
#182 = VECTOR('',#183,1.);
#183 = DIRECTION('',(0.,0.,1.));
#184 = ORIENTED_EDGE('',*,*,#185,.F.);
#185 = EDGE_CURVE('',#88,#178,#186,.T.);
#186 = LINE('',#187,#188);
#187 = CARTESIAN_POINT('',(3.95,-6.25,0.));
#188 = VECTOR('',#189,1.);
#189 = DIRECTION('',(-1.,1.224646799147E-16,0.));
#190 = ORIENTED_EDGE('',*,*,#87,.T.);
#191 = ORIENTED_EDGE('',*,*,#73,.T.);
#192 = ORIENTED_EDGE('',*,*,#193,.F.);
#193 = EDGE_CURVE('',#194,#66,#196,.T.);
#194 = VERTEX_POINT('',#195);
#195 = CARTESIAN_POINT('',(3.45,-6.25,0.8));
#196 = LINE('',#197,#198);
#197 = CARTESIAN_POINT('',(3.45,-6.25,0.8));
#198 = VECTOR('',#199,1.);
#199 = DIRECTION('',(1.359631073447E-32,1.110223024625E-16,1.));
#200 = ORIENTED_EDGE('',*,*,#201,.F.);
#201 = EDGE_CURVE('',#202,#194,#204,.T.);
#202 = VERTEX_POINT('',#203);
#203 = CARTESIAN_POINT('',(-1.45,-6.25,0.8));
#204 = LINE('',#205,#206);
#205 = CARTESIAN_POINT('',(-1.45,-6.25,0.8));
#206 = VECTOR('',#207,1.);
#207 = DIRECTION('',(1.,-1.224646799147E-16,0.));
#208 = ORIENTED_EDGE('',*,*,#209,.F.);
#209 = EDGE_CURVE('',#210,#202,#212,.T.);
#210 = VERTEX_POINT('',#211);
#211 = CARTESIAN_POINT('',(-1.45,-6.25,2.5));
#212 = LINE('',#213,#214);
#213 = CARTESIAN_POINT('',(-1.45,-6.25,4.2));
#214 = VECTOR('',#215,1.);
#215 = DIRECTION('',(-1.359631073447E-32,-1.110223024625E-16,-1.));
#216 = ORIENTED_EDGE('',*,*,#217,.T.);
#217 = EDGE_CURVE('',#210,#218,#220,.T.);
#218 = VERTEX_POINT('',#219);
#219 = CARTESIAN_POINT('',(-1.95,-6.25,2.5));
#220 = LINE('',#221,#222);
#221 = CARTESIAN_POINT('',(3.95,-6.25,2.5));
#222 = VECTOR('',#223,1.);
#223 = DIRECTION('',(-1.,1.224646799147E-16,0.));
#224 = ORIENTED_EDGE('',*,*,#225,.T.);
#225 = EDGE_CURVE('',#218,#226,#228,.T.);
#226 = VERTEX_POINT('',#227);
#227 = CARTESIAN_POINT('',(-1.95,-6.25,0.));
#228 = LINE('',#229,#230);
#229 = CARTESIAN_POINT('',(-1.95,-6.25,4.8));
#230 = VECTOR('',#231,1.);
#231 = DIRECTION('',(-1.359631073447E-32,-1.110223024625E-16,-1.));
#232 = ORIENTED_EDGE('',*,*,#233,.F.);
#233 = EDGE_CURVE('',#234,#226,#236,.T.);
#234 = VERTEX_POINT('',#235);
#235 = CARTESIAN_POINT('',(-0.95,-6.25,0.));
#236 = LINE('',#237,#238);
#237 = CARTESIAN_POINT('',(-0.95,-6.25,0.));
#238 = VECTOR('',#239,1.);
#239 = DIRECTION('',(-1.,1.224646799147E-16,0.));
#240 = ORIENTED_EDGE('',*,*,#241,.T.);
#241 = EDGE_CURVE('',#234,#168,#242,.T.);
#242 = LINE('',#243,#244);
#243 = CARTESIAN_POINT('',(-0.95,-6.25,0.));
#244 = VECTOR('',#245,1.);
#245 = DIRECTION('',(0.,0.,1.));
#246 = PLANE('',#247);
#247 = AXIS2_PLACEMENT_3D('',#248,#249,#250);
#248 = CARTESIAN_POINT('',(1.,-6.25,0.939423076923));
#249 = DIRECTION('',(-1.224646799147E-16,-1.,-4.111705995194E-31));
#250 = DIRECTION('',(-5.03538758605E-47,-4.111705995194E-31,1.));
#251 = ADVANCED_FACE('',(#252),#303,.F.);
#252 = FACE_BOUND('',#253,.F.);
#253 = EDGE_LOOP('',(#254,#255,#263,#271,#279,#287,#295,#302));
#254 = ORIENTED_EDGE('',*,*,#193,.F.);
#255 = ORIENTED_EDGE('',*,*,#256,.T.);
#256 = EDGE_CURVE('',#194,#257,#259,.T.);
#257 = VERTEX_POINT('',#258);
#258 = CARTESIAN_POINT('',(3.45,-2.05,0.8));
#259 = LINE('',#260,#261);
#260 = CARTESIAN_POINT('',(3.45,-6.25,0.8));
#261 = VECTOR('',#262,1.);
#262 = DIRECTION('',(1.224646799147E-16,1.,-1.110223024625E-16));
#263 = ORIENTED_EDGE('',*,*,#264,.T.);
#264 = EDGE_CURVE('',#257,#265,#267,.T.);
#265 = VERTEX_POINT('',#266);
#266 = CARTESIAN_POINT('',(3.45,-2.05,4.2));
#267 = LINE('',#268,#269);
#268 = CARTESIAN_POINT('',(3.45,-2.05,0.8));
#269 = VECTOR('',#270,1.);
#270 = DIRECTION('',(1.359631073447E-32,1.110223024625E-16,1.));
#271 = ORIENTED_EDGE('',*,*,#272,.F.);
#272 = EDGE_CURVE('',#273,#265,#275,.T.);
#273 = VERTEX_POINT('',#274);
#274 = CARTESIAN_POINT('',(3.45,-6.25,4.2));
#275 = LINE('',#276,#277);
#276 = CARTESIAN_POINT('',(3.45,-6.25,4.2));
#277 = VECTOR('',#278,1.);
#278 = DIRECTION('',(1.224646799147E-16,1.,-1.110223024625E-16));
#279 = ORIENTED_EDGE('',*,*,#280,.F.);
#280 = EDGE_CURVE('',#281,#273,#283,.T.);
#281 = VERTEX_POINT('',#282);
#282 = CARTESIAN_POINT('',(3.45,-6.25,3.3));
#283 = LINE('',#284,#285);
#284 = CARTESIAN_POINT('',(3.45,-6.25,0.8));
#285 = VECTOR('',#286,1.);
#286 = DIRECTION('',(1.359631073447E-32,1.110223024625E-16,1.));
#287 = ORIENTED_EDGE('',*,*,#288,.T.);
#288 = EDGE_CURVE('',#281,#289,#291,.T.);
#289 = VERTEX_POINT('',#290);
#290 = CARTESIAN_POINT('',(3.45,-4.65,3.3));
#291 = LINE('',#292,#293);
#292 = CARTESIAN_POINT('',(3.45,-6.25,3.3));
#293 = VECTOR('',#294,1.);
#294 = DIRECTION('',(1.224646799147E-16,1.,-1.110223024625E-16));
#295 = ORIENTED_EDGE('',*,*,#296,.F.);
#296 = EDGE_CURVE('',#58,#289,#297,.T.);
#297 = CIRCLE('',#298,0.4);
#298 = AXIS2_PLACEMENT_3D('',#299,#300,#301);
#299 = CARTESIAN_POINT('',(3.45,-4.65,2.9));
#300 = DIRECTION('',(1.,-1.224646799147E-16,0.));
#301 = DIRECTION('',(1.359631073446E-32,1.110223024625E-16,1.));
#302 = ORIENTED_EDGE('',*,*,#65,.T.);
#303 = PLANE('',#304);
#304 = AXIS2_PLACEMENT_3D('',#305,#306,#307);
#305 = CARTESIAN_POINT('',(3.45,-6.25,0.8));
#306 = DIRECTION('',(1.,-1.224646799147E-16,0.));
#307 = DIRECTION('',(1.359631073446E-32,1.110223024625E-16,1.));
#308 = ADVANCED_FACE('',(#309),#320,.F.);
#309 = FACE_BOUND('',#310,.F.);
#310 = EDGE_LOOP('',(#311,#312,#313,#319));
#311 = ORIENTED_EDGE('',*,*,#57,.T.);
#312 = ORIENTED_EDGE('',*,*,#296,.T.);
#313 = ORIENTED_EDGE('',*,*,#314,.F.);
#314 = EDGE_CURVE('',#144,#289,#315,.T.);
#315 = LINE('',#316,#317);
#316 = CARTESIAN_POINT('',(3.95,-4.65,3.3));
#317 = VECTOR('',#318,1.);
#318 = DIRECTION('',(-1.,1.224646799147E-16,0.));
#319 = ORIENTED_EDGE('',*,*,#151,.T.);
#320 = CYLINDRICAL_SURFACE('',#321,0.4);
#321 = AXIS2_PLACEMENT_3D('',#322,#323,#324);
#322 = CARTESIAN_POINT('',(3.95,-4.65,2.9));
#323 = DIRECTION('',(1.,-1.224646799147E-16,0.));
#324 = DIRECTION('',(1.359631073446E-32,1.110223024625E-16,1.));
#325 = ADVANCED_FACE('',(#326),#344,.F.);
#326 = FACE_BOUND('',#327,.F.);
#327 = EDGE_LOOP('',(#328,#336,#342,#343));
#328 = ORIENTED_EDGE('',*,*,#329,.T.);
#329 = EDGE_CURVE('',#96,#330,#332,.T.);
#330 = VERTEX_POINT('',#331);
#331 = CARTESIAN_POINT('',(2.95,1.35,0.));
#332 = LINE('',#333,#334);
#333 = CARTESIAN_POINT('',(3.95,1.35,0.));
#334 = VECTOR('',#335,1.);
#335 = DIRECTION('',(-1.,1.224646799147E-16,0.));
#336 = ORIENTED_EDGE('',*,*,#337,.T.);
#337 = EDGE_CURVE('',#330,#178,#338,.T.);
#338 = LINE('',#339,#340);
#339 = CARTESIAN_POINT('',(2.95,1.35,0.));
#340 = VECTOR('',#341,1.);
#341 = DIRECTION('',(-1.224646799147E-16,-1.,0.));
#342 = ORIENTED_EDGE('',*,*,#185,.F.);
#343 = ORIENTED_EDGE('',*,*,#95,.F.);
#344 = PLANE('',#345);
#345 = AXIS2_PLACEMENT_3D('',#346,#347,#348);
#346 = CARTESIAN_POINT('',(3.95,1.35,0.));
#347 = DIRECTION('',(0.,0.,1.));
#348 = DIRECTION('',(-1.224646799147E-16,-1.,0.));
#349 = ADVANCED_FACE('',(#350),#368,.F.);
#350 = FACE_BOUND('',#351,.F.);
#351 = EDGE_LOOP('',(#352,#360,#366,#367));
#352 = ORIENTED_EDGE('',*,*,#353,.T.);
#353 = EDGE_CURVE('',#104,#354,#356,.T.);
#354 = VERTEX_POINT('',#355);
#355 = CARTESIAN_POINT('',(2.95,1.35,3.2));
#356 = LINE('',#357,#358);
#357 = CARTESIAN_POINT('',(3.95,1.35,3.2));
#358 = VECTOR('',#359,1.);
#359 = DIRECTION('',(-1.,1.224646799147E-16,0.));
#360 = ORIENTED_EDGE('',*,*,#361,.T.);
#361 = EDGE_CURVE('',#354,#330,#362,.T.);
#362 = LINE('',#363,#364);
#363 = CARTESIAN_POINT('',(2.95,1.35,3.2));
#364 = VECTOR('',#365,1.);
#365 = DIRECTION('',(-0.,0.,-1.));
#366 = ORIENTED_EDGE('',*,*,#329,.F.);
#367 = ORIENTED_EDGE('',*,*,#103,.F.);
#368 = PLANE('',#369);
#369 = AXIS2_PLACEMENT_3D('',#370,#371,#372);
#370 = CARTESIAN_POINT('',(3.95,1.35,3.2));
#371 = DIRECTION('',(-1.224646799147E-16,-1.,0.));
#372 = DIRECTION('',(-0.,0.,-1.));
#373 = ADVANCED_FACE('',(#374),#392,.F.);
#374 = FACE_BOUND('',#375,.F.);
#375 = EDGE_LOOP('',(#376,#384,#390,#391));
#376 = ORIENTED_EDGE('',*,*,#377,.T.);
#377 = EDGE_CURVE('',#112,#378,#380,.T.);
#378 = VERTEX_POINT('',#379);
#379 = CARTESIAN_POINT('',(2.95,-0.25,4.1));
#380 = LINE('',#381,#382);
#381 = CARTESIAN_POINT('',(3.95,-0.25,4.1));
#382 = VECTOR('',#383,1.);
#383 = DIRECTION('',(-1.,1.224646799147E-16,0.));
#384 = ORIENTED_EDGE('',*,*,#385,.T.);
#385 = EDGE_CURVE('',#378,#354,#386,.T.);
#386 = LINE('',#387,#388);
#387 = CARTESIAN_POINT('',(2.95,-0.25,4.1));
#388 = VECTOR('',#389,1.);
#389 = DIRECTION('',(1.067372191754E-16,0.871575537124,-0.490261239633)
  );
#390 = ORIENTED_EDGE('',*,*,#353,.F.);
#391 = ORIENTED_EDGE('',*,*,#111,.F.);
#392 = PLANE('',#393);
#393 = AXIS2_PLACEMENT_3D('',#394,#395,#396);
#394 = CARTESIAN_POINT('',(3.95,-0.25,4.1));
#395 = DIRECTION('',(-6.003968578616E-17,-0.490261239633,-0.871575537124
    ));
#396 = DIRECTION('',(1.067372191754E-16,0.871575537124,-0.490261239633)
  );
#397 = ADVANCED_FACE('',(#398),#448,.F.);
#398 = FACE_BOUND('',#399,.F.);
#399 = EDGE_LOOP('',(#400,#410,#418,#424,#425,#426,#434,#442));
#400 = ORIENTED_EDGE('',*,*,#401,.F.);
#401 = EDGE_CURVE('',#402,#404,#406,.T.);
#402 = VERTEX_POINT('',#403);
#403 = CARTESIAN_POINT('',(2.75,-0.25,0.3));
#404 = VERTEX_POINT('',#405);
#405 = CARTESIAN_POINT('',(2.75,-0.25,4.2));
#406 = LINE('',#407,#408);
#407 = CARTESIAN_POINT('',(2.75,-0.25,0.3));
#408 = VECTOR('',#409,1.);
#409 = DIRECTION('',(1.359631073447E-32,1.110223024625E-16,1.));
#410 = ORIENTED_EDGE('',*,*,#411,.T.);
#411 = EDGE_CURVE('',#402,#412,#414,.T.);
#412 = VERTEX_POINT('',#413);
#413 = CARTESIAN_POINT('',(2.95,-0.25,0.3));
#414 = LINE('',#415,#416);
#415 = CARTESIAN_POINT('',(-1.95,-0.25,0.3));
#416 = VECTOR('',#417,1.);
#417 = DIRECTION('',(1.,-1.224646799147E-16,0.));
#418 = ORIENTED_EDGE('',*,*,#419,.T.);
#419 = EDGE_CURVE('',#412,#378,#420,.T.);
#420 = LINE('',#421,#422);
#421 = CARTESIAN_POINT('',(2.95,-0.25,0.3));
#422 = VECTOR('',#423,1.);
#423 = DIRECTION('',(0.,0.,1.));
#424 = ORIENTED_EDGE('',*,*,#377,.F.);
#425 = ORIENTED_EDGE('',*,*,#119,.T.);
#426 = ORIENTED_EDGE('',*,*,#427,.T.);
#427 = EDGE_CURVE('',#120,#428,#430,.T.);
#428 = VERTEX_POINT('',#429);
#429 = CARTESIAN_POINT('',(3.4,-0.25,4.8));
#430 = LINE('',#431,#432);
#431 = CARTESIAN_POINT('',(3.95,-0.25,4.8));
#432 = VECTOR('',#433,1.);
#433 = DIRECTION('',(-1.,1.224646799147E-16,0.));
#434 = ORIENTED_EDGE('',*,*,#435,.T.);
#435 = EDGE_CURVE('',#428,#436,#438,.T.);
#436 = VERTEX_POINT('',#437);
#437 = CARTESIAN_POINT('',(3.4,-0.25,4.2));
#438 = LINE('',#439,#440);
#439 = CARTESIAN_POINT('',(3.4,-0.25,4.8));
#440 = VECTOR('',#441,1.);
#441 = DIRECTION('',(-1.359631073447E-32,-1.110223024625E-16,-1.));
#442 = ORIENTED_EDGE('',*,*,#443,.T.);
#443 = EDGE_CURVE('',#436,#404,#444,.T.);
#444 = LINE('',#445,#446);
#445 = CARTESIAN_POINT('',(3.4,-0.25,4.2));
#446 = VECTOR('',#447,1.);
#447 = DIRECTION('',(-1.,1.224646799147E-16,0.));
#448 = PLANE('',#449);
#449 = AXIS2_PLACEMENT_3D('',#450,#451,#452);
#450 = CARTESIAN_POINT('',(1.,-0.25,2.55));
#451 = DIRECTION('',(-1.224646799147E-16,-1.,1.110223024625E-16));
#452 = DIRECTION('',(-1.,1.224646799147E-16,0.));
#453 = ADVANCED_FACE('',(#454),#584,.F.);
#454 = FACE_BOUND('',#455,.F.);
#455 = EDGE_LOOP('',(#456,#457,#458,#466,#474,#482,#490,#498,#506,#514,
    #522,#530,#538,#546,#554,#562,#570,#578));
#456 = ORIENTED_EDGE('',*,*,#427,.F.);
#457 = ORIENTED_EDGE('',*,*,#127,.T.);
#458 = ORIENTED_EDGE('',*,*,#459,.T.);
#459 = EDGE_CURVE('',#128,#460,#462,.T.);
#460 = VERTEX_POINT('',#461);
#461 = CARTESIAN_POINT('',(1.45,-6.25,4.8));
#462 = LINE('',#463,#464);
#463 = CARTESIAN_POINT('',(3.95,-6.25,4.8));
#464 = VECTOR('',#465,1.);
#465 = DIRECTION('',(-1.,1.224646799147E-16,0.));
#466 = ORIENTED_EDGE('',*,*,#467,.T.);
#467 = EDGE_CURVE('',#460,#468,#470,.T.);
#468 = VERTEX_POINT('',#469);
#469 = CARTESIAN_POINT('',(1.45,-2.35,4.8));
#470 = LINE('',#471,#472);
#471 = CARTESIAN_POINT('',(1.45,-6.25,4.8));
#472 = VECTOR('',#473,1.);
#473 = DIRECTION('',(1.224646799147E-16,1.,-1.110223024625E-16));
#474 = ORIENTED_EDGE('',*,*,#475,.T.);
#475 = EDGE_CURVE('',#468,#476,#478,.T.);
#476 = VERTEX_POINT('',#477);
#477 = CARTESIAN_POINT('',(0.55,-2.35,4.8));
#478 = LINE('',#479,#480);
#479 = CARTESIAN_POINT('',(1.45,-2.35,4.8));
#480 = VECTOR('',#481,1.);
#481 = DIRECTION('',(-1.,1.224646799147E-16,0.));
#482 = ORIENTED_EDGE('',*,*,#483,.T.);
#483 = EDGE_CURVE('',#476,#484,#486,.T.);
#484 = VERTEX_POINT('',#485);
#485 = CARTESIAN_POINT('',(0.55,-6.25,4.8));
#486 = LINE('',#487,#488);
#487 = CARTESIAN_POINT('',(0.55,-2.35,4.8));
#488 = VECTOR('',#489,1.);
#489 = DIRECTION('',(-1.224646799147E-16,-1.,1.110223024625E-16));
#490 = ORIENTED_EDGE('',*,*,#491,.T.);
#491 = EDGE_CURVE('',#484,#492,#494,.T.);
#492 = VERTEX_POINT('',#493);
#493 = CARTESIAN_POINT('',(-0.45,-6.25,4.8));
#494 = LINE('',#495,#496);
#495 = CARTESIAN_POINT('',(3.95,-6.25,4.8));
#496 = VECTOR('',#497,1.);
#497 = DIRECTION('',(-1.,1.224646799147E-16,0.));
#498 = ORIENTED_EDGE('',*,*,#499,.F.);
#499 = EDGE_CURVE('',#500,#492,#502,.T.);
#500 = VERTEX_POINT('',#501);
#501 = CARTESIAN_POINT('',(-0.45,-4.45,4.8));
#502 = LINE('',#503,#504);
#503 = CARTESIAN_POINT('',(-0.45,-4.45,4.8));
#504 = VECTOR('',#505,1.);
#505 = DIRECTION('',(-1.224646799147E-16,-1.,1.110223024625E-16));
#506 = ORIENTED_EDGE('',*,*,#507,.F.);
#507 = EDGE_CURVE('',#508,#500,#510,.T.);
#508 = VERTEX_POINT('',#509);
#509 = CARTESIAN_POINT('',(-0.4,-4.45,4.8));
#510 = LINE('',#511,#512);
#511 = CARTESIAN_POINT('',(-0.4,-4.45,4.8));
#512 = VECTOR('',#513,1.);
#513 = DIRECTION('',(-1.,1.224646799147E-16,0.));
#514 = ORIENTED_EDGE('',*,*,#515,.F.);
#515 = EDGE_CURVE('',#516,#508,#518,.T.);
#516 = VERTEX_POINT('',#517);
#517 = CARTESIAN_POINT('',(-0.4,-0.45,4.8));
#518 = LINE('',#519,#520);
#519 = CARTESIAN_POINT('',(-0.4,-0.25,4.8));
#520 = VECTOR('',#521,1.);
#521 = DIRECTION('',(-1.224646799147E-16,-1.,1.110223024625E-16));
#522 = ORIENTED_EDGE('',*,*,#523,.F.);
#523 = EDGE_CURVE('',#524,#516,#526,.T.);
#524 = VERTEX_POINT('',#525);
#525 = CARTESIAN_POINT('',(0.75,-0.45,4.8));
#526 = LINE('',#527,#528);
#527 = CARTESIAN_POINT('',(0.75,-0.45,4.8));
#528 = VECTOR('',#529,1.);
#529 = DIRECTION('',(-1.,1.224646799147E-16,0.));
#530 = ORIENTED_EDGE('',*,*,#531,.F.);
#531 = EDGE_CURVE('',#532,#524,#534,.T.);
#532 = VERTEX_POINT('',#533);
#533 = CARTESIAN_POINT('',(0.75,-0.25,4.8));
#534 = LINE('',#535,#536);
#535 = CARTESIAN_POINT('',(0.75,-0.25,4.8));
#536 = VECTOR('',#537,1.);
#537 = DIRECTION('',(-1.224646799147E-16,-1.,1.110223024625E-16));
#538 = ORIENTED_EDGE('',*,*,#539,.F.);
#539 = EDGE_CURVE('',#540,#532,#542,.T.);
#540 = VERTEX_POINT('',#541);
#541 = CARTESIAN_POINT('',(1.25,-0.25,4.8));
#542 = LINE('',#543,#544);
#543 = CARTESIAN_POINT('',(3.95,-0.25,4.8));
#544 = VECTOR('',#545,1.);
#545 = DIRECTION('',(-1.,1.224646799147E-16,0.));
#546 = ORIENTED_EDGE('',*,*,#547,.T.);
#547 = EDGE_CURVE('',#540,#548,#550,.T.);
#548 = VERTEX_POINT('',#549);
#549 = CARTESIAN_POINT('',(1.25,-0.45,4.8));
#550 = LINE('',#551,#552);
#551 = CARTESIAN_POINT('',(1.25,-0.25,4.8));
#552 = VECTOR('',#553,1.);
#553 = DIRECTION('',(-1.224646799147E-16,-1.,1.110223024625E-16));
#554 = ORIENTED_EDGE('',*,*,#555,.F.);
#555 = EDGE_CURVE('',#556,#548,#558,.T.);
#556 = VERTEX_POINT('',#557);
#557 = CARTESIAN_POINT('',(2.4,-0.45,4.8));
#558 = LINE('',#559,#560);
#559 = CARTESIAN_POINT('',(2.75,-0.45,4.8));
#560 = VECTOR('',#561,1.);
#561 = DIRECTION('',(-1.,1.224646799147E-16,0.));
#562 = ORIENTED_EDGE('',*,*,#563,.T.);
#563 = EDGE_CURVE('',#556,#564,#566,.T.);
#564 = VERTEX_POINT('',#565);
#565 = CARTESIAN_POINT('',(2.4,-4.45,4.8));
#566 = LINE('',#567,#568);
#567 = CARTESIAN_POINT('',(2.4,-0.25,4.8));
#568 = VECTOR('',#569,1.);
#569 = DIRECTION('',(-1.224646799147E-16,-1.,1.110223024625E-16));
#570 = ORIENTED_EDGE('',*,*,#571,.T.);
#571 = EDGE_CURVE('',#564,#572,#574,.T.);
#572 = VERTEX_POINT('',#573);
#573 = CARTESIAN_POINT('',(3.4,-4.45,4.8));
#574 = LINE('',#575,#576);
#575 = CARTESIAN_POINT('',(2.4,-4.45,4.8));
#576 = VECTOR('',#577,1.);
#577 = DIRECTION('',(1.,-1.224646799147E-16,0.));
#578 = ORIENTED_EDGE('',*,*,#579,.T.);
#579 = EDGE_CURVE('',#572,#428,#580,.T.);
#580 = LINE('',#581,#582);
#581 = CARTESIAN_POINT('',(3.4,-4.45,4.8));
#582 = VECTOR('',#583,1.);
#583 = DIRECTION('',(1.224646799147E-16,1.,-1.110223024625E-16));
#584 = PLANE('',#585);
#585 = AXIS2_PLACEMENT_3D('',#586,#587,#588);
#586 = CARTESIAN_POINT('',(3.95,-0.25,4.8));
#587 = DIRECTION('',(-1.359631073447E-32,-1.110223024625E-16,-1.));
#588 = DIRECTION('',(-1.,1.224646799147E-16,6.927121900793E-45));
#589 = ADVANCED_FACE('',(#590),#615,.T.);
#590 = FACE_BOUND('',#591,.T.);
#591 = EDGE_LOOP('',(#592,#598,#599,#600,#608,#614));
#592 = ORIENTED_EDGE('',*,*,#593,.F.);
#593 = EDGE_CURVE('',#136,#281,#594,.T.);
#594 = LINE('',#595,#596);
#595 = CARTESIAN_POINT('',(3.95,-6.25,3.3));
#596 = VECTOR('',#597,1.);
#597 = DIRECTION('',(-1.,1.224646799147E-16,0.));
#598 = ORIENTED_EDGE('',*,*,#135,.T.);
#599 = ORIENTED_EDGE('',*,*,#459,.T.);
#600 = ORIENTED_EDGE('',*,*,#601,.T.);
#601 = EDGE_CURVE('',#460,#602,#604,.T.);
#602 = VERTEX_POINT('',#603);
#603 = CARTESIAN_POINT('',(1.45,-6.25,4.2));
#604 = LINE('',#605,#606);
#605 = CARTESIAN_POINT('',(1.45,-6.25,4.8));
#606 = VECTOR('',#607,1.);
#607 = DIRECTION('',(-1.359631073447E-32,-1.110223024625E-16,-1.));
#608 = ORIENTED_EDGE('',*,*,#609,.F.);
#609 = EDGE_CURVE('',#273,#602,#610,.T.);
#610 = LINE('',#611,#612);
#611 = CARTESIAN_POINT('',(3.45,-6.25,4.2));
#612 = VECTOR('',#613,1.);
#613 = DIRECTION('',(-1.,1.224646799147E-16,0.));
#614 = ORIENTED_EDGE('',*,*,#280,.F.);
#615 = PLANE('',#616);
#616 = AXIS2_PLACEMENT_3D('',#617,#618,#619);
#617 = CARTESIAN_POINT('',(1.,-6.25,2.55));
#618 = DIRECTION('',(-1.224646799147E-16,-1.,1.110223024625E-16));
#619 = DIRECTION('',(-1.,1.224646799147E-16,0.));
#620 = ADVANCED_FACE('',(#621),#627,.T.);
#621 = FACE_BOUND('',#622,.T.);
#622 = EDGE_LOOP('',(#623,#624,#625,#626));
#623 = ORIENTED_EDGE('',*,*,#143,.F.);
#624 = ORIENTED_EDGE('',*,*,#593,.T.);
#625 = ORIENTED_EDGE('',*,*,#288,.T.);
#626 = ORIENTED_EDGE('',*,*,#314,.F.);
#627 = PLANE('',#628);
#628 = AXIS2_PLACEMENT_3D('',#629,#630,#631);
#629 = CARTESIAN_POINT('',(3.95,-6.25,3.3));
#630 = DIRECTION('',(-1.359631073447E-32,-1.110223024625E-16,-1.));
#631 = DIRECTION('',(1.224646799147E-16,1.,-1.110223024625E-16));
#632 = ADVANCED_FACE('',(#633),#713,.F.);
#633 = FACE_BOUND('',#634,.F.);
#634 = EDGE_LOOP('',(#635,#645,#651,#652,#658,#659,#667,#675,#683,#691,
    #699,#707));
#635 = ORIENTED_EDGE('',*,*,#636,.F.);
#636 = EDGE_CURVE('',#637,#639,#641,.T.);
#637 = VERTEX_POINT('',#638);
#638 = CARTESIAN_POINT('',(-0.95,-0.25,0.3));
#639 = VERTEX_POINT('',#640);
#640 = CARTESIAN_POINT('',(-0.75,-0.25,0.3));
#641 = LINE('',#642,#643);
#642 = CARTESIAN_POINT('',(-1.95,-0.25,0.3));
#643 = VECTOR('',#644,1.);
#644 = DIRECTION('',(1.,-1.224646799147E-16,0.));
#645 = ORIENTED_EDGE('',*,*,#646,.F.);
#646 = EDGE_CURVE('',#168,#637,#647,.T.);
#647 = LINE('',#648,#649);
#648 = CARTESIAN_POINT('',(-0.95,-6.25,0.3));
#649 = VECTOR('',#650,1.);
#650 = DIRECTION('',(1.224646799147E-16,1.,0.));
#651 = ORIENTED_EDGE('',*,*,#167,.T.);
#652 = ORIENTED_EDGE('',*,*,#653,.T.);
#653 = EDGE_CURVE('',#170,#412,#654,.T.);
#654 = LINE('',#655,#656);
#655 = CARTESIAN_POINT('',(2.95,-6.25,0.3));
#656 = VECTOR('',#657,1.);
#657 = DIRECTION('',(1.224646799147E-16,1.,0.));
#658 = ORIENTED_EDGE('',*,*,#411,.F.);
#659 = ORIENTED_EDGE('',*,*,#660,.F.);
#660 = EDGE_CURVE('',#661,#402,#663,.T.);
#661 = VERTEX_POINT('',#662);
#662 = CARTESIAN_POINT('',(2.75,-0.45,0.3));
#663 = LINE('',#664,#665);
#664 = CARTESIAN_POINT('',(2.75,-0.45,0.3));
#665 = VECTOR('',#666,1.);
#666 = DIRECTION('',(1.224646799147E-16,1.,-1.110223024625E-16));
#667 = ORIENTED_EDGE('',*,*,#668,.T.);
#668 = EDGE_CURVE('',#661,#669,#671,.T.);
#669 = VERTEX_POINT('',#670);
#670 = CARTESIAN_POINT('',(1.25,-0.45,0.3));
#671 = LINE('',#672,#673);
#672 = CARTESIAN_POINT('',(2.75,-0.45,0.3));
#673 = VECTOR('',#674,1.);
#674 = DIRECTION('',(-1.,1.224646799147E-16,0.));
#675 = ORIENTED_EDGE('',*,*,#676,.T.);
#676 = EDGE_CURVE('',#669,#677,#679,.T.);
#677 = VERTEX_POINT('',#678);
#678 = CARTESIAN_POINT('',(1.25,-0.25,0.3));
#679 = LINE('',#680,#681);
#680 = CARTESIAN_POINT('',(1.25,-0.45,0.3));
#681 = VECTOR('',#682,1.);
#682 = DIRECTION('',(1.224646799147E-16,1.,-1.110223024625E-16));
#683 = ORIENTED_EDGE('',*,*,#684,.F.);
#684 = EDGE_CURVE('',#685,#677,#687,.T.);
#685 = VERTEX_POINT('',#686);
#686 = CARTESIAN_POINT('',(0.75,-0.25,0.3));
#687 = LINE('',#688,#689);
#688 = CARTESIAN_POINT('',(-1.95,-0.25,0.3));
#689 = VECTOR('',#690,1.);
#690 = DIRECTION('',(1.,-1.224646799147E-16,0.));
#691 = ORIENTED_EDGE('',*,*,#692,.F.);
#692 = EDGE_CURVE('',#693,#685,#695,.T.);
#693 = VERTEX_POINT('',#694);
#694 = CARTESIAN_POINT('',(0.75,-0.45,0.3));
#695 = LINE('',#696,#697);
#696 = CARTESIAN_POINT('',(0.75,-0.45,0.3));
#697 = VECTOR('',#698,1.);
#698 = DIRECTION('',(1.224646799147E-16,1.,-1.110223024625E-16));
#699 = ORIENTED_EDGE('',*,*,#700,.T.);
#700 = EDGE_CURVE('',#693,#701,#703,.T.);
#701 = VERTEX_POINT('',#702);
#702 = CARTESIAN_POINT('',(-0.75,-0.45,0.3));
#703 = LINE('',#704,#705);
#704 = CARTESIAN_POINT('',(0.75,-0.45,0.3));
#705 = VECTOR('',#706,1.);
#706 = DIRECTION('',(-1.,1.224646799147E-16,0.));
#707 = ORIENTED_EDGE('',*,*,#708,.T.);
#708 = EDGE_CURVE('',#701,#639,#709,.T.);
#709 = LINE('',#710,#711);
#710 = CARTESIAN_POINT('',(-0.75,-0.45,0.3));
#711 = VECTOR('',#712,1.);
#712 = DIRECTION('',(1.224646799147E-16,1.,-1.110223024625E-16));
#713 = PLANE('',#714);
#714 = AXIS2_PLACEMENT_3D('',#715,#716,#717);
#715 = CARTESIAN_POINT('',(-1.95,-0.25,0.3));
#716 = DIRECTION('',(1.359631073447E-32,1.110223024625E-16,1.));
#717 = DIRECTION('',(1.,-1.224646799147E-16,-6.927121900793E-45));
#718 = ADVANCED_FACE('',(#719),#727,.T.);
#719 = FACE_BOUND('',#720,.T.);
#720 = EDGE_LOOP('',(#721,#722,#723,#724,#725,#726));
#721 = ORIENTED_EDGE('',*,*,#419,.T.);
#722 = ORIENTED_EDGE('',*,*,#385,.T.);
#723 = ORIENTED_EDGE('',*,*,#361,.T.);
#724 = ORIENTED_EDGE('',*,*,#337,.T.);
#725 = ORIENTED_EDGE('',*,*,#177,.T.);
#726 = ORIENTED_EDGE('',*,*,#653,.T.);
#727 = PLANE('',#728);
#728 = AXIS2_PLACEMENT_3D('',#729,#730,#731);
#729 = CARTESIAN_POINT('',(2.95,-1.566489992801,0.968760807125));
#730 = DIRECTION('',(-1.,1.224646799147E-16,0.));
#731 = DIRECTION('',(0.,0.,1.));
#732 = ADVANCED_FACE('',(#733),#783,.F.);
#733 = FACE_BOUND('',#734,.F.);
#734 = EDGE_LOOP('',(#735,#736,#744,#752,#760,#768,#776,#782));
#735 = ORIENTED_EDGE('',*,*,#201,.F.);
#736 = ORIENTED_EDGE('',*,*,#737,.T.);
#737 = EDGE_CURVE('',#202,#738,#740,.T.);
#738 = VERTEX_POINT('',#739);
#739 = CARTESIAN_POINT('',(-1.45,-2.05,0.8));
#740 = LINE('',#741,#742);
#741 = CARTESIAN_POINT('',(-1.45,-6.25,0.8));
#742 = VECTOR('',#743,1.);
#743 = DIRECTION('',(1.224646799147E-16,1.,-1.110223024625E-16));
#744 = ORIENTED_EDGE('',*,*,#745,.T.);
#745 = EDGE_CURVE('',#738,#746,#748,.T.);
#746 = VERTEX_POINT('',#747);
#747 = CARTESIAN_POINT('',(0.8,-2.05,0.8));
#748 = LINE('',#749,#750);
#749 = CARTESIAN_POINT('',(-1.45,-2.05,0.8));
#750 = VECTOR('',#751,1.);
#751 = DIRECTION('',(1.,-1.224646799147E-16,0.));
#752 = ORIENTED_EDGE('',*,*,#753,.T.);
#753 = EDGE_CURVE('',#746,#754,#756,.T.);
#754 = VERTEX_POINT('',#755);
#755 = CARTESIAN_POINT('',(0.8,-3.95,0.8));
#756 = LINE('',#757,#758);
#757 = CARTESIAN_POINT('',(0.8,-2.05,0.8));
#758 = VECTOR('',#759,1.);
#759 = DIRECTION('',(-1.224646799147E-16,-1.,1.110223024625E-16));
#760 = ORIENTED_EDGE('',*,*,#761,.T.);
#761 = EDGE_CURVE('',#754,#762,#764,.T.);
#762 = VERTEX_POINT('',#763);
#763 = CARTESIAN_POINT('',(1.2,-3.95,0.8));
#764 = LINE('',#765,#766);
#765 = CARTESIAN_POINT('',(0.8,-3.95,0.8));
#766 = VECTOR('',#767,1.);
#767 = DIRECTION('',(1.,-1.224646799147E-16,0.));
#768 = ORIENTED_EDGE('',*,*,#769,.F.);
#769 = EDGE_CURVE('',#770,#762,#772,.T.);
#770 = VERTEX_POINT('',#771);
#771 = CARTESIAN_POINT('',(1.2,-2.05,0.8));
#772 = LINE('',#773,#774);
#773 = CARTESIAN_POINT('',(1.2,-2.05,0.8));
#774 = VECTOR('',#775,1.);
#775 = DIRECTION('',(-1.224646799147E-16,-1.,1.110223024625E-16));
#776 = ORIENTED_EDGE('',*,*,#777,.T.);
#777 = EDGE_CURVE('',#770,#257,#778,.T.);
#778 = LINE('',#779,#780);
#779 = CARTESIAN_POINT('',(-1.45,-2.05,0.8));
#780 = VECTOR('',#781,1.);
#781 = DIRECTION('',(1.,-1.224646799147E-16,0.));
#782 = ORIENTED_EDGE('',*,*,#256,.F.);
#783 = PLANE('',#784);
#784 = AXIS2_PLACEMENT_3D('',#785,#786,#787);
#785 = CARTESIAN_POINT('',(-1.45,-6.25,0.8));
#786 = DIRECTION('',(-1.359631073447E-32,-1.110223024625E-16,-1.));
#787 = DIRECTION('',(1.,-1.224646799147E-16,-6.927121900793E-45));
#788 = ADVANCED_FACE('',(#789),#840,.F.);
#789 = FACE_BOUND('',#790,.F.);
#790 = EDGE_LOOP('',(#791,#801,#809,#815,#816,#817,#825,#834));
#791 = ORIENTED_EDGE('',*,*,#792,.F.);
#792 = EDGE_CURVE('',#793,#795,#797,.T.);
#793 = VERTEX_POINT('',#794);
#794 = CARTESIAN_POINT('',(-1.45,-6.25,4.2));
#795 = VERTEX_POINT('',#796);
#796 = CARTESIAN_POINT('',(-1.45,-6.25,3.3));
#797 = LINE('',#798,#799);
#798 = CARTESIAN_POINT('',(-1.45,-6.25,4.2));
#799 = VECTOR('',#800,1.);
#800 = DIRECTION('',(-1.359631073447E-32,-1.110223024625E-16,-1.));
#801 = ORIENTED_EDGE('',*,*,#802,.T.);
#802 = EDGE_CURVE('',#793,#803,#805,.T.);
#803 = VERTEX_POINT('',#804);
#804 = CARTESIAN_POINT('',(-1.45,-2.05,4.2));
#805 = LINE('',#806,#807);
#806 = CARTESIAN_POINT('',(-1.45,-6.25,4.2));
#807 = VECTOR('',#808,1.);
#808 = DIRECTION('',(1.224646799147E-16,1.,-1.110223024625E-16));
#809 = ORIENTED_EDGE('',*,*,#810,.T.);
#810 = EDGE_CURVE('',#803,#738,#811,.T.);
#811 = LINE('',#812,#813);
#812 = CARTESIAN_POINT('',(-1.45,-2.05,4.2));
#813 = VECTOR('',#814,1.);
#814 = DIRECTION('',(-1.359631073447E-32,-1.110223024625E-16,-1.));
#815 = ORIENTED_EDGE('',*,*,#737,.F.);
#816 = ORIENTED_EDGE('',*,*,#209,.F.);
#817 = ORIENTED_EDGE('',*,*,#818,.T.);
#818 = EDGE_CURVE('',#210,#819,#821,.T.);
#819 = VERTEX_POINT('',#820);
#820 = CARTESIAN_POINT('',(-1.45,-4.65,2.5));
#821 = LINE('',#822,#823);
#822 = CARTESIAN_POINT('',(-1.45,-5.45,2.5));
#823 = VECTOR('',#824,1.);
#824 = DIRECTION('',(1.224646799147E-16,1.,-1.110223024625E-16));
#825 = ORIENTED_EDGE('',*,*,#826,.T.);
#826 = EDGE_CURVE('',#819,#827,#829,.T.);
#827 = VERTEX_POINT('',#828);
#828 = CARTESIAN_POINT('',(-1.45,-4.65,3.3));
#829 = CIRCLE('',#830,0.4);
#830 = AXIS2_PLACEMENT_3D('',#831,#832,#833);
#831 = CARTESIAN_POINT('',(-1.45,-4.65,2.9));
#832 = DIRECTION('',(1.,-1.224646799147E-16,0.));
#833 = DIRECTION('',(1.359631073446E-32,1.110223024625E-16,1.));
#834 = ORIENTED_EDGE('',*,*,#835,.T.);
#835 = EDGE_CURVE('',#827,#795,#836,.T.);
#836 = LINE('',#837,#838);
#837 = CARTESIAN_POINT('',(-1.45,-6.25,3.3));
#838 = VECTOR('',#839,1.);
#839 = DIRECTION('',(-1.224646799147E-16,-1.,1.110223024625E-16));
#840 = PLANE('',#841);
#841 = AXIS2_PLACEMENT_3D('',#842,#843,#844);
#842 = CARTESIAN_POINT('',(-1.45,-6.25,4.2));
#843 = DIRECTION('',(-1.,1.224646799147E-16,0.));
#844 = DIRECTION('',(-1.359631073446E-32,-1.110223024625E-16,-1.));
#845 = ADVANCED_FACE('',(#846),#864,.T.);
#846 = FACE_BOUND('',#847,.T.);
#847 = EDGE_LOOP('',(#848,#849,#857,#863));
#848 = ORIENTED_EDGE('',*,*,#818,.T.);
#849 = ORIENTED_EDGE('',*,*,#850,.T.);
#850 = EDGE_CURVE('',#819,#851,#853,.T.);
#851 = VERTEX_POINT('',#852);
#852 = CARTESIAN_POINT('',(-1.95,-4.65,2.5));
#853 = LINE('',#854,#855);
#854 = CARTESIAN_POINT('',(3.95,-4.65,2.5));
#855 = VECTOR('',#856,1.);
#856 = DIRECTION('',(-1.,1.224646799147E-16,0.));
#857 = ORIENTED_EDGE('',*,*,#858,.T.);
#858 = EDGE_CURVE('',#851,#218,#859,.T.);
#859 = LINE('',#860,#861);
#860 = CARTESIAN_POINT('',(-1.95,-2.45,2.5));
#861 = VECTOR('',#862,1.);
#862 = DIRECTION('',(-1.224646799147E-16,-1.,1.110223024625E-16));
#863 = ORIENTED_EDGE('',*,*,#217,.F.);
#864 = PLANE('',#865);
#865 = AXIS2_PLACEMENT_3D('',#866,#867,#868);
#866 = CARTESIAN_POINT('',(3.95,-4.65,2.5));
#867 = DIRECTION('',(1.359631073447E-32,1.110223024625E-16,1.));
#868 = DIRECTION('',(-1.224646799147E-16,-1.,1.110223024625E-16));
#869 = ADVANCED_FACE('',(#870),#937,.T.);
#870 = FACE_BOUND('',#871,.T.);
#871 = EDGE_LOOP('',(#872,#882,#890,#898,#904,#905,#906,#915,#923,#931)
  );
#872 = ORIENTED_EDGE('',*,*,#873,.T.);
#873 = EDGE_CURVE('',#874,#876,#878,.T.);
#874 = VERTEX_POINT('',#875);
#875 = CARTESIAN_POINT('',(-1.95,-0.25,4.8));
#876 = VERTEX_POINT('',#877);
#877 = CARTESIAN_POINT('',(-1.95,-0.25,4.1));
#878 = LINE('',#879,#880);
#879 = CARTESIAN_POINT('',(-1.95,-0.25,4.8));
#880 = VECTOR('',#881,1.);
#881 = DIRECTION('',(-1.359631073447E-32,-1.110223024625E-16,-1.));
#882 = ORIENTED_EDGE('',*,*,#883,.T.);
#883 = EDGE_CURVE('',#876,#884,#886,.T.);
#884 = VERTEX_POINT('',#885);
#885 = CARTESIAN_POINT('',(-1.95,1.35,3.2));
#886 = LINE('',#887,#888);
#887 = CARTESIAN_POINT('',(-1.95,-0.25,4.1));
#888 = VECTOR('',#889,1.);
#889 = DIRECTION('',(1.067372191754E-16,0.871575537124,-0.490261239633)
  );
#890 = ORIENTED_EDGE('',*,*,#891,.T.);
#891 = EDGE_CURVE('',#884,#892,#894,.T.);
#892 = VERTEX_POINT('',#893);
#893 = CARTESIAN_POINT('',(-1.95,1.35,0.));
#894 = LINE('',#895,#896);
#895 = CARTESIAN_POINT('',(-1.95,1.35,3.2));
#896 = VECTOR('',#897,1.);
#897 = DIRECTION('',(-0.,0.,-1.));
#898 = ORIENTED_EDGE('',*,*,#899,.T.);
#899 = EDGE_CURVE('',#892,#226,#900,.T.);
#900 = LINE('',#901,#902);
#901 = CARTESIAN_POINT('',(-1.95,1.35,0.));
#902 = VECTOR('',#903,1.);
#903 = DIRECTION('',(-1.224646799147E-16,-1.,0.));
#904 = ORIENTED_EDGE('',*,*,#225,.F.);
#905 = ORIENTED_EDGE('',*,*,#858,.F.);
#906 = ORIENTED_EDGE('',*,*,#907,.T.);
#907 = EDGE_CURVE('',#851,#908,#910,.T.);
#908 = VERTEX_POINT('',#909);
#909 = CARTESIAN_POINT('',(-1.95,-4.65,3.3));
#910 = CIRCLE('',#911,0.4);
#911 = AXIS2_PLACEMENT_3D('',#912,#913,#914);
#912 = CARTESIAN_POINT('',(-1.95,-4.65,2.9));
#913 = DIRECTION('',(1.,-1.224646799147E-16,0.));
#914 = DIRECTION('',(1.359631073446E-32,1.110223024625E-16,1.));
#915 = ORIENTED_EDGE('',*,*,#916,.F.);
#916 = EDGE_CURVE('',#917,#908,#919,.T.);
#917 = VERTEX_POINT('',#918);
#918 = CARTESIAN_POINT('',(-1.95,-6.25,3.3));
#919 = LINE('',#920,#921);
#920 = CARTESIAN_POINT('',(-1.95,-3.25,3.3));
#921 = VECTOR('',#922,1.);
#922 = DIRECTION('',(1.224646799147E-16,1.,-1.110223024625E-16));
#923 = ORIENTED_EDGE('',*,*,#924,.F.);
#924 = EDGE_CURVE('',#925,#917,#927,.T.);
#925 = VERTEX_POINT('',#926);
#926 = CARTESIAN_POINT('',(-1.95,-6.25,4.8));
#927 = LINE('',#928,#929);
#928 = CARTESIAN_POINT('',(-1.95,-6.25,4.8));
#929 = VECTOR('',#930,1.);
#930 = DIRECTION('',(-1.359631073447E-32,-1.110223024625E-16,-1.));
#931 = ORIENTED_EDGE('',*,*,#932,.F.);
#932 = EDGE_CURVE('',#874,#925,#933,.T.);
#933 = LINE('',#934,#935);
#934 = CARTESIAN_POINT('',(-1.95,-0.25,4.8));
#935 = VECTOR('',#936,1.);
#936 = DIRECTION('',(-1.224646799147E-16,-1.,1.110223024625E-16));
#937 = PLANE('',#938);
#938 = AXIS2_PLACEMENT_3D('',#939,#940,#941);
#939 = CARTESIAN_POINT('',(-1.95,-2.909897467985,2.368621550033));
#940 = DIRECTION('',(-1.,1.224646799147E-16,-3.525915016947E-32));
#941 = DIRECTION('',(-3.525915016947E-32,4.31800053957E-48,1.));
#942 = ADVANCED_FACE('',(#943),#961,.F.);
#943 = FACE_BOUND('',#944,.F.);
#944 = EDGE_LOOP('',(#945,#953,#954,#955));
#945 = ORIENTED_EDGE('',*,*,#946,.T.);
#946 = EDGE_CURVE('',#947,#892,#949,.T.);
#947 = VERTEX_POINT('',#948);
#948 = CARTESIAN_POINT('',(-0.95,1.35,0.));
#949 = LINE('',#950,#951);
#950 = CARTESIAN_POINT('',(-0.95,1.35,0.));
#951 = VECTOR('',#952,1.);
#952 = DIRECTION('',(-1.,1.224646799147E-16,0.));
#953 = ORIENTED_EDGE('',*,*,#899,.T.);
#954 = ORIENTED_EDGE('',*,*,#233,.F.);
#955 = ORIENTED_EDGE('',*,*,#956,.F.);
#956 = EDGE_CURVE('',#947,#234,#957,.T.);
#957 = LINE('',#958,#959);
#958 = CARTESIAN_POINT('',(-0.95,1.35,0.));
#959 = VECTOR('',#960,1.);
#960 = DIRECTION('',(-1.224646799147E-16,-1.,0.));
#961 = PLANE('',#962);
#962 = AXIS2_PLACEMENT_3D('',#963,#964,#965);
#963 = CARTESIAN_POINT('',(-0.95,1.35,0.));
#964 = DIRECTION('',(0.,0.,1.));
#965 = DIRECTION('',(-1.224646799147E-16,-1.,0.));
#966 = ADVANCED_FACE('',(#967),#994,.F.);
#967 = FACE_BOUND('',#968,.F.);
#968 = EDGE_LOOP('',(#969,#977,#985,#991,#992,#993));
#969 = ORIENTED_EDGE('',*,*,#970,.T.);
#970 = EDGE_CURVE('',#637,#971,#973,.T.);
#971 = VERTEX_POINT('',#972);
#972 = CARTESIAN_POINT('',(-0.95,-0.25,4.1));
#973 = LINE('',#974,#975);
#974 = CARTESIAN_POINT('',(-0.95,-0.25,0.3));
#975 = VECTOR('',#976,1.);
#976 = DIRECTION('',(0.,0.,1.));
#977 = ORIENTED_EDGE('',*,*,#978,.T.);
#978 = EDGE_CURVE('',#971,#979,#981,.T.);
#979 = VERTEX_POINT('',#980);
#980 = CARTESIAN_POINT('',(-0.95,1.35,3.2));
#981 = LINE('',#982,#983);
#982 = CARTESIAN_POINT('',(-0.95,-0.25,4.1));
#983 = VECTOR('',#984,1.);
#984 = DIRECTION('',(1.067372191754E-16,0.871575537124,-0.490261239633)
  );
#985 = ORIENTED_EDGE('',*,*,#986,.T.);
#986 = EDGE_CURVE('',#979,#947,#987,.T.);
#987 = LINE('',#988,#989);
#988 = CARTESIAN_POINT('',(-0.95,1.35,3.2));
#989 = VECTOR('',#990,1.);
#990 = DIRECTION('',(-0.,0.,-1.));
#991 = ORIENTED_EDGE('',*,*,#956,.T.);
#992 = ORIENTED_EDGE('',*,*,#241,.T.);
#993 = ORIENTED_EDGE('',*,*,#646,.T.);
#994 = PLANE('',#995);
#995 = AXIS2_PLACEMENT_3D('',#996,#997,#998);
#996 = CARTESIAN_POINT('',(-0.95,-1.566489992801,0.968760807125));
#997 = DIRECTION('',(-1.,1.224646799147E-16,0.));
#998 = DIRECTION('',(0.,0.,1.));
#999 = ADVANCED_FACE('',(#1000),#1105,.F.);
#1000 = FACE_BOUND('',#1001,.F.);
#1001 = EDGE_LOOP('',(#1002,#1003,#1004,#1012,#1020,#1028,#1036,#1044,
    #1052,#1060,#1068,#1074,#1075,#1083,#1091,#1099));
#1002 = ORIENTED_EDGE('',*,*,#609,.F.);
#1003 = ORIENTED_EDGE('',*,*,#272,.T.);
#1004 = ORIENTED_EDGE('',*,*,#1005,.T.);
#1005 = EDGE_CURVE('',#265,#1006,#1008,.T.);
#1006 = VERTEX_POINT('',#1007);
#1007 = CARTESIAN_POINT('',(3.4,-2.05,4.2));
#1008 = LINE('',#1009,#1010);
#1009 = CARTESIAN_POINT('',(3.45,-2.05,4.2));
#1010 = VECTOR('',#1011,1.);
#1011 = DIRECTION('',(-1.,1.224646799147E-16,0.));
#1012 = ORIENTED_EDGE('',*,*,#1013,.F.);
#1013 = EDGE_CURVE('',#1014,#1006,#1016,.T.);
#1014 = VERTEX_POINT('',#1015);
#1015 = CARTESIAN_POINT('',(3.4,-4.45,4.2));
#1016 = LINE('',#1017,#1018);
#1017 = CARTESIAN_POINT('',(3.4,-4.45,4.2));
#1018 = VECTOR('',#1019,1.);
#1019 = DIRECTION('',(1.224646799147E-16,1.,-1.110223024625E-16));
#1020 = ORIENTED_EDGE('',*,*,#1021,.F.);
#1021 = EDGE_CURVE('',#1022,#1014,#1024,.T.);
#1022 = VERTEX_POINT('',#1023);
#1023 = CARTESIAN_POINT('',(2.4,-4.45,4.2));
#1024 = LINE('',#1025,#1026);
#1025 = CARTESIAN_POINT('',(2.4,-4.45,4.2));
#1026 = VECTOR('',#1027,1.);
#1027 = DIRECTION('',(1.,-1.224646799147E-16,0.));
#1028 = ORIENTED_EDGE('',*,*,#1029,.F.);
#1029 = EDGE_CURVE('',#1030,#1022,#1032,.T.);
#1030 = VERTEX_POINT('',#1031);
#1031 = CARTESIAN_POINT('',(2.4,-2.05,4.2));
#1032 = LINE('',#1033,#1034);
#1033 = CARTESIAN_POINT('',(2.4,-0.25,4.2));
#1034 = VECTOR('',#1035,1.);
#1035 = DIRECTION('',(-1.224646799147E-16,-1.,1.110223024625E-16));
#1036 = ORIENTED_EDGE('',*,*,#1037,.T.);
#1037 = EDGE_CURVE('',#1030,#1038,#1040,.T.);
#1038 = VERTEX_POINT('',#1039);
#1039 = CARTESIAN_POINT('',(-0.4,-2.05,4.2));
#1040 = LINE('',#1041,#1042);
#1041 = CARTESIAN_POINT('',(3.45,-2.05,4.2));
#1042 = VECTOR('',#1043,1.);
#1043 = DIRECTION('',(-1.,1.224646799147E-16,0.));
#1044 = ORIENTED_EDGE('',*,*,#1045,.T.);
#1045 = EDGE_CURVE('',#1038,#1046,#1048,.T.);
#1046 = VERTEX_POINT('',#1047);
#1047 = CARTESIAN_POINT('',(-0.4,-4.45,4.2));
#1048 = LINE('',#1049,#1050);
#1049 = CARTESIAN_POINT('',(-0.4,-0.25,4.2));
#1050 = VECTOR('',#1051,1.);
#1051 = DIRECTION('',(-1.224646799147E-16,-1.,1.110223024625E-16));
#1052 = ORIENTED_EDGE('',*,*,#1053,.T.);
#1053 = EDGE_CURVE('',#1046,#1054,#1056,.T.);
#1054 = VERTEX_POINT('',#1055);
#1055 = CARTESIAN_POINT('',(-1.4,-4.45,4.2));
#1056 = LINE('',#1057,#1058);
#1057 = CARTESIAN_POINT('',(-0.4,-4.45,4.2));
#1058 = VECTOR('',#1059,1.);
#1059 = DIRECTION('',(-1.,1.224646799147E-16,0.));
#1060 = ORIENTED_EDGE('',*,*,#1061,.T.);
#1061 = EDGE_CURVE('',#1054,#1062,#1064,.T.);
#1062 = VERTEX_POINT('',#1063);
#1063 = CARTESIAN_POINT('',(-1.4,-2.05,4.2));
#1064 = LINE('',#1065,#1066);
#1065 = CARTESIAN_POINT('',(-1.4,-4.45,4.2));
#1066 = VECTOR('',#1067,1.);
#1067 = DIRECTION('',(1.224646799147E-16,1.,-1.110223024625E-16));
#1068 = ORIENTED_EDGE('',*,*,#1069,.T.);
#1069 = EDGE_CURVE('',#1062,#803,#1070,.T.);
#1070 = LINE('',#1071,#1072);
#1071 = CARTESIAN_POINT('',(3.45,-2.05,4.2));
#1072 = VECTOR('',#1073,1.);
#1073 = DIRECTION('',(-1.,1.224646799147E-16,0.));
#1074 = ORIENTED_EDGE('',*,*,#802,.F.);
#1075 = ORIENTED_EDGE('',*,*,#1076,.F.);
#1076 = EDGE_CURVE('',#1077,#793,#1079,.T.);
#1077 = VERTEX_POINT('',#1078);
#1078 = CARTESIAN_POINT('',(0.55,-6.25,4.2));
#1079 = LINE('',#1080,#1081);
#1080 = CARTESIAN_POINT('',(3.45,-6.25,4.2));
#1081 = VECTOR('',#1082,1.);
#1082 = DIRECTION('',(-1.,1.224646799147E-16,0.));
#1083 = ORIENTED_EDGE('',*,*,#1084,.F.);
#1084 = EDGE_CURVE('',#1085,#1077,#1087,.T.);
#1085 = VERTEX_POINT('',#1086);
#1086 = CARTESIAN_POINT('',(0.55,-2.35,4.2));
#1087 = LINE('',#1088,#1089);
#1088 = CARTESIAN_POINT('',(0.55,-4.3,4.2));
#1089 = VECTOR('',#1090,1.);
#1090 = DIRECTION('',(-1.224646799147E-16,-1.,1.110223024625E-16));
#1091 = ORIENTED_EDGE('',*,*,#1092,.F.);
#1092 = EDGE_CURVE('',#1093,#1085,#1095,.T.);
#1093 = VERTEX_POINT('',#1094);
#1094 = CARTESIAN_POINT('',(1.45,-2.35,4.2));
#1095 = LINE('',#1096,#1097);
#1096 = CARTESIAN_POINT('',(2.45,-2.35,4.2));
#1097 = VECTOR('',#1098,1.);
#1098 = DIRECTION('',(-1.,1.224646799147E-16,0.));
#1099 = ORIENTED_EDGE('',*,*,#1100,.F.);
#1100 = EDGE_CURVE('',#602,#1093,#1101,.T.);
#1101 = LINE('',#1102,#1103);
#1102 = CARTESIAN_POINT('',(1.45,-6.25,4.2));
#1103 = VECTOR('',#1104,1.);
#1104 = DIRECTION('',(1.224646799147E-16,1.,-1.110223024625E-16));
#1105 = PLANE('',#1106);
#1106 = AXIS2_PLACEMENT_3D('',#1107,#1108,#1109);
#1107 = CARTESIAN_POINT('',(3.45,-6.25,4.2));
#1108 = DIRECTION('',(1.359631073447E-32,1.110223024625E-16,1.));
#1109 = DIRECTION('',(-1.,1.224646799147E-16,6.927121900793E-45));
#1110 = ADVANCED_FACE('',(#1111,#1154,#1188),#1222,.T.);
#1111 = FACE_BOUND('',#1112,.T.);
#1112 = EDGE_LOOP('',(#1113,#1114,#1115,#1121,#1122,#1128,#1129,#1130,
    #1131,#1139,#1147,#1153));
#1113 = ORIENTED_EDGE('',*,*,#264,.T.);
#1114 = ORIENTED_EDGE('',*,*,#1005,.T.);
#1115 = ORIENTED_EDGE('',*,*,#1116,.T.);
#1116 = EDGE_CURVE('',#1006,#1030,#1117,.T.);
#1117 = LINE('',#1118,#1119);
#1118 = CARTESIAN_POINT('',(3.45,-2.05,4.2));
#1119 = VECTOR('',#1120,1.);
#1120 = DIRECTION('',(-1.,1.224646799147E-16,0.));
#1121 = ORIENTED_EDGE('',*,*,#1037,.T.);
#1122 = ORIENTED_EDGE('',*,*,#1123,.T.);
#1123 = EDGE_CURVE('',#1038,#1062,#1124,.T.);
#1124 = LINE('',#1125,#1126);
#1125 = CARTESIAN_POINT('',(3.45,-2.05,4.2));
#1126 = VECTOR('',#1127,1.);
#1127 = DIRECTION('',(-1.,1.224646799147E-16,0.));
#1128 = ORIENTED_EDGE('',*,*,#1069,.T.);
#1129 = ORIENTED_EDGE('',*,*,#810,.T.);
#1130 = ORIENTED_EDGE('',*,*,#745,.T.);
#1131 = ORIENTED_EDGE('',*,*,#1132,.F.);
#1132 = EDGE_CURVE('',#1133,#746,#1135,.T.);
#1133 = VERTEX_POINT('',#1134);
#1134 = CARTESIAN_POINT('',(0.8,-2.05,1.1));
#1135 = LINE('',#1136,#1137);
#1136 = CARTESIAN_POINT('',(0.8,-2.05,1.1));
#1137 = VECTOR('',#1138,1.);
#1138 = DIRECTION('',(-1.359631073447E-32,-1.110223024625E-16,-1.));
#1139 = ORIENTED_EDGE('',*,*,#1140,.F.);
#1140 = EDGE_CURVE('',#1141,#1133,#1143,.T.);
#1141 = VERTEX_POINT('',#1142);
#1142 = CARTESIAN_POINT('',(1.2,-2.05,1.1));
#1143 = LINE('',#1144,#1145);
#1144 = CARTESIAN_POINT('',(1.2,-2.05,1.1));
#1145 = VECTOR('',#1146,1.);
#1146 = DIRECTION('',(-1.,1.224646799147E-16,0.));
#1147 = ORIENTED_EDGE('',*,*,#1148,.F.);
#1148 = EDGE_CURVE('',#770,#1141,#1149,.T.);
#1149 = LINE('',#1150,#1151);
#1150 = CARTESIAN_POINT('',(1.2,-2.05,0.8));
#1151 = VECTOR('',#1152,1.);
#1152 = DIRECTION('',(1.359631073447E-32,1.110223024625E-16,1.));
#1153 = ORIENTED_EDGE('',*,*,#777,.T.);
#1154 = FACE_BOUND('',#1155,.T.);
#1155 = EDGE_LOOP('',(#1156,#1166,#1174,#1182));
#1156 = ORIENTED_EDGE('',*,*,#1157,.T.);
#1157 = EDGE_CURVE('',#1158,#1160,#1162,.T.);
#1158 = VERTEX_POINT('',#1159);
#1159 = CARTESIAN_POINT('',(0.25,-2.05,3.35));
#1160 = VERTEX_POINT('',#1161);
#1161 = CARTESIAN_POINT('',(0.25,-2.05,2.85));
#1162 = LINE('',#1163,#1164);
#1163 = CARTESIAN_POINT('',(0.25,-2.05,1.901106711288));
#1164 = VECTOR('',#1165,1.);
#1165 = DIRECTION('',(-1.359631073447E-32,-1.110223024625E-16,-1.));
#1166 = ORIENTED_EDGE('',*,*,#1167,.T.);
#1167 = EDGE_CURVE('',#1160,#1168,#1170,.T.);
#1168 = VERTEX_POINT('',#1169);
#1169 = CARTESIAN_POINT('',(-0.25,-2.05,2.85));
#1170 = LINE('',#1171,#1172);
#1171 = CARTESIAN_POINT('',(0.625,-2.05,2.85));
#1172 = VECTOR('',#1173,1.);
#1173 = DIRECTION('',(-1.,1.224646799147E-16,0.));
#1174 = ORIENTED_EDGE('',*,*,#1175,.F.);
#1175 = EDGE_CURVE('',#1176,#1168,#1178,.T.);
#1176 = VERTEX_POINT('',#1177);
#1177 = CARTESIAN_POINT('',(-0.25,-2.05,3.35));
#1178 = LINE('',#1179,#1180);
#1179 = CARTESIAN_POINT('',(-0.25,-2.05,1.901106711288));
#1180 = VECTOR('',#1181,1.);
#1181 = DIRECTION('',(-1.359631073447E-32,-1.110223024625E-16,-1.));
#1182 = ORIENTED_EDGE('',*,*,#1183,.T.);
#1183 = EDGE_CURVE('',#1176,#1158,#1184,.T.);
#1184 = LINE('',#1185,#1186);
#1185 = CARTESIAN_POINT('',(0.625,-2.05,3.35));
#1186 = VECTOR('',#1187,1.);
#1187 = DIRECTION('',(1.,-1.224646799147E-16,0.));
#1188 = FACE_BOUND('',#1189,.T.);
#1189 = EDGE_LOOP('',(#1190,#1200,#1208,#1216));
#1190 = ORIENTED_EDGE('',*,*,#1191,.T.);
#1191 = EDGE_CURVE('',#1192,#1194,#1196,.T.);
#1192 = VERTEX_POINT('',#1193);
#1193 = CARTESIAN_POINT('',(2.25,-2.05,3.35));
#1194 = VERTEX_POINT('',#1195);
#1195 = CARTESIAN_POINT('',(2.25,-2.05,2.85));
#1196 = LINE('',#1197,#1198);
#1197 = CARTESIAN_POINT('',(2.25,-2.05,1.901106711288));
#1198 = VECTOR('',#1199,1.);
#1199 = DIRECTION('',(-1.359631073447E-32,-1.110223024625E-16,-1.));
#1200 = ORIENTED_EDGE('',*,*,#1201,.T.);
#1201 = EDGE_CURVE('',#1194,#1202,#1204,.T.);
#1202 = VERTEX_POINT('',#1203);
#1203 = CARTESIAN_POINT('',(1.75,-2.05,2.85));
#1204 = LINE('',#1205,#1206);
#1205 = CARTESIAN_POINT('',(1.625,-2.05,2.85));
#1206 = VECTOR('',#1207,1.);
#1207 = DIRECTION('',(-1.,1.224646799147E-16,0.));
#1208 = ORIENTED_EDGE('',*,*,#1209,.F.);
#1209 = EDGE_CURVE('',#1210,#1202,#1212,.T.);
#1210 = VERTEX_POINT('',#1211);
#1211 = CARTESIAN_POINT('',(1.75,-2.05,3.35));
#1212 = LINE('',#1213,#1214);
#1213 = CARTESIAN_POINT('',(1.75,-2.05,1.901106711288));
#1214 = VECTOR('',#1215,1.);
#1215 = DIRECTION('',(-1.359631073447E-32,-1.110223024625E-16,-1.));
#1216 = ORIENTED_EDGE('',*,*,#1217,.T.);
#1217 = EDGE_CURVE('',#1210,#1192,#1218,.T.);
#1218 = LINE('',#1219,#1220);
#1219 = CARTESIAN_POINT('',(1.625,-2.05,3.35));
#1220 = VECTOR('',#1221,1.);
#1221 = DIRECTION('',(1.,-1.224646799147E-16,0.));
#1222 = PLANE('',#1223);
#1223 = AXIS2_PLACEMENT_3D('',#1224,#1225,#1226);
#1224 = CARTESIAN_POINT('',(1.,-2.05,2.5));
#1225 = DIRECTION('',(-1.224646799147E-16,-1.,1.110223024625E-16));
#1226 = DIRECTION('',(-1.,1.224646799147E-16,0.));
#1227 = ADVANCED_FACE('',(#1228),#1262,.F.);
#1228 = FACE_BOUND('',#1229,.F.);
#1229 = EDGE_LOOP('',(#1230,#1231,#1239,#1247,#1255,#1261));
#1230 = ORIENTED_EDGE('',*,*,#401,.T.);
#1231 = ORIENTED_EDGE('',*,*,#1232,.T.);
#1232 = EDGE_CURVE('',#404,#1233,#1235,.T.);
#1233 = VERTEX_POINT('',#1234);
#1234 = CARTESIAN_POINT('',(2.75,-0.4,4.2));
#1235 = LINE('',#1236,#1237);
#1236 = CARTESIAN_POINT('',(2.75,-1.335399017773,4.2));
#1237 = VECTOR('',#1238,1.);
#1238 = DIRECTION('',(-1.224646799147E-16,-1.,1.110223024625E-16));
#1239 = ORIENTED_EDGE('',*,*,#1240,.T.);
#1240 = EDGE_CURVE('',#1233,#1241,#1243,.T.);
#1241 = VERTEX_POINT('',#1242);
#1242 = CARTESIAN_POINT('',(2.75,-0.35,3.6));
#1243 = LINE('',#1244,#1245);
#1244 = CARTESIAN_POINT('',(2.75,-0.45,4.8));
#1245 = VECTOR('',#1246,1.);
#1246 = DIRECTION('',(1.017013810865E-17,8.304547985373E-02,
    -0.996545758245));
#1247 = ORIENTED_EDGE('',*,*,#1248,.T.);
#1248 = EDGE_CURVE('',#1241,#1249,#1251,.T.);
#1249 = VERTEX_POINT('',#1250);
#1250 = CARTESIAN_POINT('',(2.75,-0.35,2.6));
#1251 = LINE('',#1252,#1253);
#1252 = CARTESIAN_POINT('',(2.75,-0.35,3.6));
#1253 = VECTOR('',#1254,1.);
#1254 = DIRECTION('',(-1.359631073447E-32,-1.110223024625E-16,-1.));
#1255 = ORIENTED_EDGE('',*,*,#1256,.T.);
#1256 = EDGE_CURVE('',#1249,#661,#1257,.T.);
#1257 = LINE('',#1258,#1259);
#1258 = CARTESIAN_POINT('',(2.75,-0.35,2.6));
#1259 = VECTOR('',#1260,1.);
#1260 = DIRECTION('',(-5.319525767383E-18,-4.343722427631E-02,
    -0.999056158355));
#1261 = ORIENTED_EDGE('',*,*,#660,.T.);
#1262 = PLANE('',#1263);
#1263 = AXIS2_PLACEMENT_3D('',#1264,#1265,#1266);
#1264 = CARTESIAN_POINT('',(2.75,-0.320798035545,2.550475523299));
#1265 = DIRECTION('',(1.,-1.224646799147E-16,0.));
#1266 = DIRECTION('',(1.224646799147E-16,1.,-1.110223024625E-16));
#1267 = ADVANCED_FACE('',(#1268),#1293,.T.);
#1268 = FACE_BOUND('',#1269,.T.);
#1269 = EDGE_LOOP('',(#1270,#1271,#1277,#1278,#1279,#1287));
#1270 = ORIENTED_EDGE('',*,*,#1116,.F.);
#1271 = ORIENTED_EDGE('',*,*,#1272,.T.);
#1272 = EDGE_CURVE('',#1006,#436,#1273,.T.);
#1273 = LINE('',#1274,#1275);
#1274 = CARTESIAN_POINT('',(3.4,-4.45,4.2));
#1275 = VECTOR('',#1276,1.);
#1276 = DIRECTION('',(1.224646799147E-16,1.,-1.110223024625E-16));
#1277 = ORIENTED_EDGE('',*,*,#443,.T.);
#1278 = ORIENTED_EDGE('',*,*,#1232,.T.);
#1279 = ORIENTED_EDGE('',*,*,#1280,.T.);
#1280 = EDGE_CURVE('',#1233,#1281,#1283,.T.);
#1281 = VERTEX_POINT('',#1282);
#1282 = CARTESIAN_POINT('',(2.4,-0.4,4.2));
#1283 = LINE('',#1284,#1285);
#1284 = CARTESIAN_POINT('',(2.825,-0.4,4.2));
#1285 = VECTOR('',#1286,1.);
#1286 = DIRECTION('',(-1.,1.224646799147E-16,0.));
#1287 = ORIENTED_EDGE('',*,*,#1288,.T.);
#1288 = EDGE_CURVE('',#1281,#1030,#1289,.T.);
#1289 = LINE('',#1290,#1291);
#1290 = CARTESIAN_POINT('',(2.4,-0.25,4.2));
#1291 = VECTOR('',#1292,1.);
#1292 = DIRECTION('',(-1.224646799147E-16,-1.,1.110223024625E-16));
#1293 = PLANE('',#1294);
#1294 = AXIS2_PLACEMENT_3D('',#1295,#1296,#1297);
#1295 = CARTESIAN_POINT('',(2.9,-2.35,4.2));
#1296 = DIRECTION('',(1.359631073447E-32,1.110223024625E-16,1.));
#1297 = DIRECTION('',(1.224646799147E-16,1.,-1.110223024625E-16));
#1298 = ADVANCED_FACE('',(#1299),#1311,.F.);
#1299 = FACE_BOUND('',#1300,.T.);
#1300 = EDGE_LOOP('',(#1301,#1302,#1303,#1304,#1305));
#1301 = ORIENTED_EDGE('',*,*,#579,.T.);
#1302 = ORIENTED_EDGE('',*,*,#435,.T.);
#1303 = ORIENTED_EDGE('',*,*,#1272,.F.);
#1304 = ORIENTED_EDGE('',*,*,#1013,.F.);
#1305 = ORIENTED_EDGE('',*,*,#1306,.F.);
#1306 = EDGE_CURVE('',#572,#1014,#1307,.T.);
#1307 = LINE('',#1308,#1309);
#1308 = CARTESIAN_POINT('',(3.4,-4.45,4.8));
#1309 = VECTOR('',#1310,1.);
#1310 = DIRECTION('',(-1.359631073447E-32,-1.110223024625E-16,-1.));
#1311 = PLANE('',#1312);
#1312 = AXIS2_PLACEMENT_3D('',#1313,#1314,#1315);
#1313 = CARTESIAN_POINT('',(3.4,-4.45,4.8));
#1314 = DIRECTION('',(1.,-1.224646799147E-16,0.));
#1315 = DIRECTION('',(1.224646799147E-16,1.,-1.110223024625E-16));
#1316 = ADVANCED_FACE('',(#1317),#1328,.F.);
#1317 = FACE_BOUND('',#1318,.F.);
#1318 = EDGE_LOOP('',(#1319,#1320,#1326,#1327));
#1319 = ORIENTED_EDGE('',*,*,#571,.F.);
#1320 = ORIENTED_EDGE('',*,*,#1321,.T.);
#1321 = EDGE_CURVE('',#564,#1022,#1322,.T.);
#1322 = LINE('',#1323,#1324);
#1323 = CARTESIAN_POINT('',(2.4,-4.45,4.8));
#1324 = VECTOR('',#1325,1.);
#1325 = DIRECTION('',(-1.359631073447E-32,-1.110223024625E-16,-1.));
#1326 = ORIENTED_EDGE('',*,*,#1021,.T.);
#1327 = ORIENTED_EDGE('',*,*,#1306,.F.);
#1328 = PLANE('',#1329);
#1329 = AXIS2_PLACEMENT_3D('',#1330,#1331,#1332);
#1330 = CARTESIAN_POINT('',(2.4,-4.45,4.8));
#1331 = DIRECTION('',(-1.224646799147E-16,-1.,1.110223024625E-16));
#1332 = DIRECTION('',(1.,-1.224646799147E-16,0.));
#1333 = ADVANCED_FACE('',(#1334),#1346,.F.);
#1334 = FACE_BOUND('',#1335,.T.);
#1335 = EDGE_LOOP('',(#1336,#1337,#1338,#1339,#1340));
#1336 = ORIENTED_EDGE('',*,*,#563,.T.);
#1337 = ORIENTED_EDGE('',*,*,#1321,.T.);
#1338 = ORIENTED_EDGE('',*,*,#1029,.F.);
#1339 = ORIENTED_EDGE('',*,*,#1288,.F.);
#1340 = ORIENTED_EDGE('',*,*,#1341,.F.);
#1341 = EDGE_CURVE('',#556,#1281,#1342,.T.);
#1342 = LINE('',#1343,#1344);
#1343 = CARTESIAN_POINT('',(2.4,-0.449310344828,4.791724137931));
#1344 = VECTOR('',#1345,1.);
#1345 = DIRECTION('',(1.017013810865E-17,8.304547985373E-02,
    -0.996545758245));
#1346 = PLANE('',#1347);
#1347 = AXIS2_PLACEMENT_3D('',#1348,#1349,#1350);
#1348 = CARTESIAN_POINT('',(2.4,-0.25,4.8));
#1349 = DIRECTION('',(-1.,1.224646799147E-16,0.));
#1350 = DIRECTION('',(-1.224646799147E-16,-1.,1.110223024625E-16));
#1351 = ADVANCED_FACE('',(#1352),#1372,.F.);
#1352 = FACE_BOUND('',#1353,.F.);
#1353 = EDGE_LOOP('',(#1354,#1355,#1356,#1364,#1370,#1371));
#1354 = ORIENTED_EDGE('',*,*,#1341,.F.);
#1355 = ORIENTED_EDGE('',*,*,#555,.T.);
#1356 = ORIENTED_EDGE('',*,*,#1357,.T.);
#1357 = EDGE_CURVE('',#548,#1358,#1360,.T.);
#1358 = VERTEX_POINT('',#1359);
#1359 = CARTESIAN_POINT('',(1.25,-0.35,3.6));
#1360 = LINE('',#1361,#1362);
#1361 = CARTESIAN_POINT('',(1.25,-0.45,4.8));
#1362 = VECTOR('',#1363,1.);
#1363 = DIRECTION('',(1.017013810865E-17,8.304547985373E-02,
    -0.996545758245));
#1364 = ORIENTED_EDGE('',*,*,#1365,.F.);
#1365 = EDGE_CURVE('',#1241,#1358,#1366,.T.);
#1366 = LINE('',#1367,#1368);
#1367 = CARTESIAN_POINT('',(2.75,-0.35,3.6));
#1368 = VECTOR('',#1369,1.);
#1369 = DIRECTION('',(-1.,1.224646799147E-16,0.));
#1370 = ORIENTED_EDGE('',*,*,#1240,.F.);
#1371 = ORIENTED_EDGE('',*,*,#1280,.T.);
#1372 = PLANE('',#1373);
#1373 = AXIS2_PLACEMENT_3D('',#1374,#1375,#1376);
#1374 = CARTESIAN_POINT('',(2.75,-0.45,4.8));
#1375 = DIRECTION('',(-1.220416573038E-16,-0.996545758245,
    -8.304547985373E-02));
#1376 = DIRECTION('',(1.017013810865E-17,8.304547985373E-02,
    -0.996545758245));
#1377 = ADVANCED_FACE('',(#1378),#1403,.T.);
#1378 = FACE_BOUND('',#1379,.T.);
#1379 = EDGE_LOOP('',(#1380,#1381,#1382,#1390,#1396,#1397));
#1380 = ORIENTED_EDGE('',*,*,#547,.T.);
#1381 = ORIENTED_EDGE('',*,*,#1357,.T.);
#1382 = ORIENTED_EDGE('',*,*,#1383,.T.);
#1383 = EDGE_CURVE('',#1358,#1384,#1386,.T.);
#1384 = VERTEX_POINT('',#1385);
#1385 = CARTESIAN_POINT('',(1.25,-0.35,2.6));
#1386 = LINE('',#1387,#1388);
#1387 = CARTESIAN_POINT('',(1.25,-0.35,3.6));
#1388 = VECTOR('',#1389,1.);
#1389 = DIRECTION('',(-1.359631073447E-32,-1.110223024625E-16,-1.));
#1390 = ORIENTED_EDGE('',*,*,#1391,.T.);
#1391 = EDGE_CURVE('',#1384,#669,#1392,.T.);
#1392 = LINE('',#1393,#1394);
#1393 = CARTESIAN_POINT('',(1.25,-0.35,2.6));
#1394 = VECTOR('',#1395,1.);
#1395 = DIRECTION('',(-5.319525767383E-18,-4.343722427631E-02,
    -0.999056158355));
#1396 = ORIENTED_EDGE('',*,*,#676,.T.);
#1397 = ORIENTED_EDGE('',*,*,#1398,.T.);
#1398 = EDGE_CURVE('',#677,#540,#1399,.T.);
#1399 = LINE('',#1400,#1401);
#1400 = CARTESIAN_POINT('',(1.25,-0.25,0.3));
#1401 = VECTOR('',#1402,1.);
#1402 = DIRECTION('',(1.359631073447E-32,1.110223024625E-16,1.));
#1403 = PLANE('',#1404);
#1404 = AXIS2_PLACEMENT_3D('',#1405,#1406,#1407);
#1405 = CARTESIAN_POINT('',(1.25,-0.320798035545,2.550475523299));
#1406 = DIRECTION('',(1.,-1.224646799147E-16,0.));
#1407 = DIRECTION('',(1.224646799147E-16,1.,-1.110223024625E-16));
#1408 = ADVANCED_FACE('',(#1409),#1420,.F.);
#1409 = FACE_BOUND('',#1410,.F.);
#1410 = EDGE_LOOP('',(#1411,#1412,#1413,#1414));
#1411 = ORIENTED_EDGE('',*,*,#684,.T.);
#1412 = ORIENTED_EDGE('',*,*,#1398,.T.);
#1413 = ORIENTED_EDGE('',*,*,#539,.T.);
#1414 = ORIENTED_EDGE('',*,*,#1415,.F.);
#1415 = EDGE_CURVE('',#685,#532,#1416,.T.);
#1416 = LINE('',#1417,#1418);
#1417 = CARTESIAN_POINT('',(0.75,-0.25,0.3));
#1418 = VECTOR('',#1419,1.);
#1419 = DIRECTION('',(1.359631073447E-32,1.110223024625E-16,1.));
#1420 = PLANE('',#1421);
#1421 = AXIS2_PLACEMENT_3D('',#1422,#1423,#1424);
#1422 = CARTESIAN_POINT('',(1.,-0.25,2.55));
#1423 = DIRECTION('',(-1.224646799147E-16,-1.,1.110223024625E-16));
#1424 = DIRECTION('',(-1.,1.224646799147E-16,0.));
#1425 = ADVANCED_FACE('',(#1426),#1453,.F.);
#1426 = FACE_BOUND('',#1427,.F.);
#1427 = EDGE_LOOP('',(#1428,#1429,#1437,#1445,#1451,#1452));
#1428 = ORIENTED_EDGE('',*,*,#531,.T.);
#1429 = ORIENTED_EDGE('',*,*,#1430,.T.);
#1430 = EDGE_CURVE('',#524,#1431,#1433,.T.);
#1431 = VERTEX_POINT('',#1432);
#1432 = CARTESIAN_POINT('',(0.75,-0.35,3.6));
#1433 = LINE('',#1434,#1435);
#1434 = CARTESIAN_POINT('',(0.75,-0.45,4.8));
#1435 = VECTOR('',#1436,1.);
#1436 = DIRECTION('',(1.017013810865E-17,8.304547985373E-02,
    -0.996545758245));
#1437 = ORIENTED_EDGE('',*,*,#1438,.T.);
#1438 = EDGE_CURVE('',#1431,#1439,#1441,.T.);
#1439 = VERTEX_POINT('',#1440);
#1440 = CARTESIAN_POINT('',(0.75,-0.35,2.6));
#1441 = LINE('',#1442,#1443);
#1442 = CARTESIAN_POINT('',(0.75,-0.35,3.6));
#1443 = VECTOR('',#1444,1.);
#1444 = DIRECTION('',(-1.359631073447E-32,-1.110223024625E-16,-1.));
#1445 = ORIENTED_EDGE('',*,*,#1446,.T.);
#1446 = EDGE_CURVE('',#1439,#693,#1447,.T.);
#1447 = LINE('',#1448,#1449);
#1448 = CARTESIAN_POINT('',(0.75,-0.35,2.6));
#1449 = VECTOR('',#1450,1.);
#1450 = DIRECTION('',(-5.319525767383E-18,-4.343722427631E-02,
    -0.999056158355));
#1451 = ORIENTED_EDGE('',*,*,#692,.T.);
#1452 = ORIENTED_EDGE('',*,*,#1415,.T.);
#1453 = PLANE('',#1454);
#1454 = AXIS2_PLACEMENT_3D('',#1455,#1456,#1457);
#1455 = CARTESIAN_POINT('',(0.75,-0.320798035545,2.550475523299));
#1456 = DIRECTION('',(1.,-1.224646799147E-16,0.));
#1457 = DIRECTION('',(1.224646799147E-16,1.,-1.110223024625E-16));
#1458 = ADVANCED_FACE('',(#1459),#1493,.F.);
#1459 = FACE_BOUND('',#1460,.F.);
#1460 = EDGE_LOOP('',(#1461,#1462,#1463,#1471,#1479,#1487));
#1461 = ORIENTED_EDGE('',*,*,#1430,.F.);
#1462 = ORIENTED_EDGE('',*,*,#523,.T.);
#1463 = ORIENTED_EDGE('',*,*,#1464,.T.);
#1464 = EDGE_CURVE('',#516,#1465,#1467,.T.);
#1465 = VERTEX_POINT('',#1466);
#1466 = CARTESIAN_POINT('',(-0.4,-0.4,4.2));
#1467 = LINE('',#1468,#1469);
#1468 = CARTESIAN_POINT('',(-0.4,-0.449310344828,4.791724137931));
#1469 = VECTOR('',#1470,1.);
#1470 = DIRECTION('',(1.017013810865E-17,8.304547985373E-02,
    -0.996545758245));
#1471 = ORIENTED_EDGE('',*,*,#1472,.F.);
#1472 = EDGE_CURVE('',#1473,#1465,#1475,.T.);
#1473 = VERTEX_POINT('',#1474);
#1474 = CARTESIAN_POINT('',(-0.75,-0.4,4.2));
#1475 = LINE('',#1476,#1477);
#1476 = CARTESIAN_POINT('',(-7.5E-02,-0.4,4.2));
#1477 = VECTOR('',#1478,1.);
#1478 = DIRECTION('',(1.,-1.224646799147E-16,-0.));
#1479 = ORIENTED_EDGE('',*,*,#1480,.T.);
#1480 = EDGE_CURVE('',#1473,#1481,#1483,.T.);
#1481 = VERTEX_POINT('',#1482);
#1482 = CARTESIAN_POINT('',(-0.75,-0.35,3.6));
#1483 = LINE('',#1484,#1485);
#1484 = CARTESIAN_POINT('',(-0.75,-0.45,4.8));
#1485 = VECTOR('',#1486,1.);
#1486 = DIRECTION('',(1.017013810865E-17,8.304547985373E-02,
    -0.996545758245));
#1487 = ORIENTED_EDGE('',*,*,#1488,.F.);
#1488 = EDGE_CURVE('',#1431,#1481,#1489,.T.);
#1489 = LINE('',#1490,#1491);
#1490 = CARTESIAN_POINT('',(0.75,-0.35,3.6));
#1491 = VECTOR('',#1492,1.);
#1492 = DIRECTION('',(-1.,1.224646799147E-16,0.));
#1493 = PLANE('',#1494);
#1494 = AXIS2_PLACEMENT_3D('',#1495,#1496,#1497);
#1495 = CARTESIAN_POINT('',(0.75,-0.45,4.8));
#1496 = DIRECTION('',(-1.220416573038E-16,-0.996545758245,
    -8.304547985373E-02));
#1497 = DIRECTION('',(1.017013810865E-17,8.304547985373E-02,
    -0.996545758245));
#1498 = ADVANCED_FACE('',(#1499),#1516,.T.);
#1499 = FACE_BOUND('',#1500,.T.);
#1500 = EDGE_LOOP('',(#1501,#1502,#1503,#1509,#1510));
#1501 = ORIENTED_EDGE('',*,*,#515,.F.);
#1502 = ORIENTED_EDGE('',*,*,#1464,.T.);
#1503 = ORIENTED_EDGE('',*,*,#1504,.T.);
#1504 = EDGE_CURVE('',#1465,#1038,#1505,.T.);
#1505 = LINE('',#1506,#1507);
#1506 = CARTESIAN_POINT('',(-0.4,-0.25,4.2));
#1507 = VECTOR('',#1508,1.);
#1508 = DIRECTION('',(-1.224646799147E-16,-1.,1.110223024625E-16));
#1509 = ORIENTED_EDGE('',*,*,#1045,.T.);
#1510 = ORIENTED_EDGE('',*,*,#1511,.F.);
#1511 = EDGE_CURVE('',#508,#1046,#1512,.T.);
#1512 = LINE('',#1513,#1514);
#1513 = CARTESIAN_POINT('',(-0.4,-4.45,4.8));
#1514 = VECTOR('',#1515,1.);
#1515 = DIRECTION('',(-1.359631073447E-32,-1.110223024625E-16,-1.));
#1516 = PLANE('',#1517);
#1517 = AXIS2_PLACEMENT_3D('',#1518,#1519,#1520);
#1518 = CARTESIAN_POINT('',(-0.4,-0.25,4.8));
#1519 = DIRECTION('',(-1.,1.224646799147E-16,0.));
#1520 = DIRECTION('',(-1.224646799147E-16,-1.,1.110223024625E-16));
#1521 = ADVANCED_FACE('',(#1522),#1565,.T.);
#1522 = FACE_BOUND('',#1523,.T.);
#1523 = EDGE_LOOP('',(#1524,#1525,#1526,#1527,#1535,#1543,#1551,#1559));
#1524 = ORIENTED_EDGE('',*,*,#507,.F.);
#1525 = ORIENTED_EDGE('',*,*,#1511,.T.);
#1526 = ORIENTED_EDGE('',*,*,#1053,.T.);
#1527 = ORIENTED_EDGE('',*,*,#1528,.F.);
#1528 = EDGE_CURVE('',#1529,#1054,#1531,.T.);
#1529 = VERTEX_POINT('',#1530);
#1530 = CARTESIAN_POINT('',(-1.4,-4.45,4.8));
#1531 = LINE('',#1532,#1533);
#1532 = CARTESIAN_POINT('',(-1.4,-4.45,4.8));
#1533 = VECTOR('',#1534,1.);
#1534 = DIRECTION('',(-1.359631073447E-32,-1.110223024625E-16,-1.));
#1535 = ORIENTED_EDGE('',*,*,#1536,.F.);
#1536 = EDGE_CURVE('',#1537,#1529,#1539,.T.);
#1537 = VERTEX_POINT('',#1538);
#1538 = CARTESIAN_POINT('',(-0.95,-4.45,4.8));
#1539 = LINE('',#1540,#1541);
#1540 = CARTESIAN_POINT('',(-0.4,-4.45,4.8));
#1541 = VECTOR('',#1542,1.);
#1542 = DIRECTION('',(-1.,1.224646799147E-16,0.));
#1543 = ORIENTED_EDGE('',*,*,#1544,.F.);
#1544 = EDGE_CURVE('',#1545,#1537,#1547,.T.);
#1545 = VERTEX_POINT('',#1546);
#1546 = CARTESIAN_POINT('',(-0.95,-4.45,4.85));
#1547 = LINE('',#1548,#1549);
#1548 = CARTESIAN_POINT('',(-0.95,-4.45,4.85));
#1549 = VECTOR('',#1550,1.);
#1550 = DIRECTION('',(-1.359631073447E-32,-1.110223024625E-16,-1.));
#1551 = ORIENTED_EDGE('',*,*,#1552,.F.);
#1552 = EDGE_CURVE('',#1553,#1545,#1555,.T.);
#1553 = VERTEX_POINT('',#1554);
#1554 = CARTESIAN_POINT('',(-0.45,-4.45,4.85));
#1555 = LINE('',#1556,#1557);
#1556 = CARTESIAN_POINT('',(-0.45,-4.45,4.85));
#1557 = VECTOR('',#1558,1.);
#1558 = DIRECTION('',(-1.,1.224646799147E-16,0.));
#1559 = ORIENTED_EDGE('',*,*,#1560,.F.);
#1560 = EDGE_CURVE('',#500,#1553,#1561,.T.);
#1561 = LINE('',#1562,#1563);
#1562 = CARTESIAN_POINT('',(-0.45,-4.45,4.8));
#1563 = VECTOR('',#1564,1.);
#1564 = DIRECTION('',(1.359631073447E-32,1.110223024625E-16,1.));
#1565 = PLANE('',#1566);
#1566 = AXIS2_PLACEMENT_3D('',#1567,#1568,#1569);
#1567 = CARTESIAN_POINT('',(-0.893939393939,-4.45,4.517424242424));
#1568 = DIRECTION('',(1.224646799147E-16,1.,-1.110223024625E-16));
#1569 = DIRECTION('',(1.,-1.224646799147E-16,-2.873756616291E-46));
#1570 = ADVANCED_FACE('',(#1571),#1589,.F.);
#1571 = FACE_BOUND('',#1572,.F.);
#1572 = EDGE_LOOP('',(#1573,#1574,#1582,#1588));
#1573 = ORIENTED_EDGE('',*,*,#499,.T.);
#1574 = ORIENTED_EDGE('',*,*,#1575,.T.);
#1575 = EDGE_CURVE('',#492,#1576,#1578,.T.);
#1576 = VERTEX_POINT('',#1577);
#1577 = CARTESIAN_POINT('',(-0.45,-6.25,4.85));
#1578 = LINE('',#1579,#1580);
#1579 = CARTESIAN_POINT('',(-0.45,-6.25,4.8));
#1580 = VECTOR('',#1581,1.);
#1581 = DIRECTION('',(1.359631073447E-32,1.110223024625E-16,1.));
#1582 = ORIENTED_EDGE('',*,*,#1583,.F.);
#1583 = EDGE_CURVE('',#1553,#1576,#1584,.T.);
#1584 = LINE('',#1585,#1586);
#1585 = CARTESIAN_POINT('',(-0.45,-4.45,4.85));
#1586 = VECTOR('',#1587,1.);
#1587 = DIRECTION('',(-1.224646799147E-16,-1.,1.110223024625E-16));
#1588 = ORIENTED_EDGE('',*,*,#1560,.F.);
#1589 = PLANE('',#1590);
#1590 = AXIS2_PLACEMENT_3D('',#1591,#1592,#1593);
#1591 = CARTESIAN_POINT('',(-0.45,-4.45,4.8));
#1592 = DIRECTION('',(-1.,1.224646799147E-16,0.));
#1593 = DIRECTION('',(1.359631073446E-32,1.110223024625E-16,1.));
#1594 = ADVANCED_FACE('',(#1595),#1636,.T.);
#1595 = FACE_BOUND('',#1596,.T.);
#1596 = EDGE_LOOP('',(#1597,#1603,#1604,#1605,#1613,#1621,#1627,#1628,
    #1634,#1635));
#1597 = ORIENTED_EDGE('',*,*,#1598,.F.);
#1598 = EDGE_CURVE('',#484,#1077,#1599,.T.);
#1599 = LINE('',#1600,#1601);
#1600 = CARTESIAN_POINT('',(0.55,-6.25,4.8));
#1601 = VECTOR('',#1602,1.);
#1602 = DIRECTION('',(-1.359631073447E-32,-1.110223024625E-16,-1.));
#1603 = ORIENTED_EDGE('',*,*,#491,.T.);
#1604 = ORIENTED_EDGE('',*,*,#1575,.T.);
#1605 = ORIENTED_EDGE('',*,*,#1606,.T.);
#1606 = EDGE_CURVE('',#1576,#1607,#1609,.T.);
#1607 = VERTEX_POINT('',#1608);
#1608 = CARTESIAN_POINT('',(-0.95,-6.25,4.85));
#1609 = LINE('',#1610,#1611);
#1610 = CARTESIAN_POINT('',(-0.45,-6.25,4.85));
#1611 = VECTOR('',#1612,1.);
#1612 = DIRECTION('',(-1.,1.224646799147E-16,0.));
#1613 = ORIENTED_EDGE('',*,*,#1614,.T.);
#1614 = EDGE_CURVE('',#1607,#1615,#1617,.T.);
#1615 = VERTEX_POINT('',#1616);
#1616 = CARTESIAN_POINT('',(-0.95,-6.25,4.8));
#1617 = LINE('',#1618,#1619);
#1618 = CARTESIAN_POINT('',(-0.95,-6.25,4.85));
#1619 = VECTOR('',#1620,1.);
#1620 = DIRECTION('',(-1.359631073447E-32,-1.110223024625E-16,-1.));
#1621 = ORIENTED_EDGE('',*,*,#1622,.T.);
#1622 = EDGE_CURVE('',#1615,#925,#1623,.T.);
#1623 = LINE('',#1624,#1625);
#1624 = CARTESIAN_POINT('',(3.95,-6.25,4.8));
#1625 = VECTOR('',#1626,1.);
#1626 = DIRECTION('',(-1.,1.224646799147E-16,0.));
#1627 = ORIENTED_EDGE('',*,*,#924,.T.);
#1628 = ORIENTED_EDGE('',*,*,#1629,.F.);
#1629 = EDGE_CURVE('',#795,#917,#1630,.T.);
#1630 = LINE('',#1631,#1632);
#1631 = CARTESIAN_POINT('',(3.95,-6.25,3.3));
#1632 = VECTOR('',#1633,1.);
#1633 = DIRECTION('',(-1.,1.224646799147E-16,0.));
#1634 = ORIENTED_EDGE('',*,*,#792,.F.);
#1635 = ORIENTED_EDGE('',*,*,#1076,.F.);
#1636 = PLANE('',#1637);
#1637 = AXIS2_PLACEMENT_3D('',#1638,#1639,#1640);
#1638 = CARTESIAN_POINT('',(-0.922222222222,-6.25,4.28487654321));
#1639 = DIRECTION('',(-1.224646799147E-16,-1.,1.110223024625E-16));
#1640 = DIRECTION('',(-1.,1.224646799147E-16,0.));
#1641 = ADVANCED_FACE('',(#1642),#1653,.F.);
#1642 = FACE_BOUND('',#1643,.F.);
#1643 = EDGE_LOOP('',(#1644,#1645,#1651,#1652));
#1644 = ORIENTED_EDGE('',*,*,#483,.F.);
#1645 = ORIENTED_EDGE('',*,*,#1646,.T.);
#1646 = EDGE_CURVE('',#476,#1085,#1647,.T.);
#1647 = LINE('',#1648,#1649);
#1648 = CARTESIAN_POINT('',(0.55,-2.35,4.8));
#1649 = VECTOR('',#1650,1.);
#1650 = DIRECTION('',(-1.359631073447E-32,-1.110223024625E-16,-1.));
#1651 = ORIENTED_EDGE('',*,*,#1084,.T.);
#1652 = ORIENTED_EDGE('',*,*,#1598,.F.);
#1653 = PLANE('',#1654);
#1654 = AXIS2_PLACEMENT_3D('',#1655,#1656,#1657);
#1655 = CARTESIAN_POINT('',(0.55,-2.35,4.8));
#1656 = DIRECTION('',(-1.,1.224646799147E-16,0.));
#1657 = DIRECTION('',(-1.224646799147E-16,-1.,1.110223024625E-16));
#1658 = ADVANCED_FACE('',(#1659),#1670,.F.);
#1659 = FACE_BOUND('',#1660,.F.);
#1660 = EDGE_LOOP('',(#1661,#1662,#1668,#1669));
#1661 = ORIENTED_EDGE('',*,*,#475,.F.);
#1662 = ORIENTED_EDGE('',*,*,#1663,.T.);
#1663 = EDGE_CURVE('',#468,#1093,#1664,.T.);
#1664 = LINE('',#1665,#1666);
#1665 = CARTESIAN_POINT('',(1.45,-2.35,4.8));
#1666 = VECTOR('',#1667,1.);
#1667 = DIRECTION('',(-1.359631073447E-32,-1.110223024625E-16,-1.));
#1668 = ORIENTED_EDGE('',*,*,#1092,.T.);
#1669 = ORIENTED_EDGE('',*,*,#1646,.F.);
#1670 = PLANE('',#1671);
#1671 = AXIS2_PLACEMENT_3D('',#1672,#1673,#1674);
#1672 = CARTESIAN_POINT('',(1.45,-2.35,4.8));
#1673 = DIRECTION('',(1.224646799147E-16,1.,-1.110223024625E-16));
#1674 = DIRECTION('',(-1.,1.224646799147E-16,0.));
#1675 = ADVANCED_FACE('',(#1676),#1682,.F.);
#1676 = FACE_BOUND('',#1677,.F.);
#1677 = EDGE_LOOP('',(#1678,#1679,#1680,#1681));
#1678 = ORIENTED_EDGE('',*,*,#467,.F.);
#1679 = ORIENTED_EDGE('',*,*,#601,.T.);
#1680 = ORIENTED_EDGE('',*,*,#1100,.T.);
#1681 = ORIENTED_EDGE('',*,*,#1663,.F.);
#1682 = PLANE('',#1683);
#1683 = AXIS2_PLACEMENT_3D('',#1684,#1685,#1686);
#1684 = CARTESIAN_POINT('',(1.45,-6.25,4.8));
#1685 = DIRECTION('',(1.,-1.224646799147E-16,-0.));
#1686 = DIRECTION('',(1.224646799147E-16,1.,-1.110223024625E-16));
#1687 = ADVANCED_FACE('',(#1688),#1729,.F.);
#1688 = FACE_BOUND('',#1689,.F.);
#1689 = EDGE_LOOP('',(#1690,#1698,#1699,#1705,#1706,#1707,#1715,#1723));
#1690 = ORIENTED_EDGE('',*,*,#1691,.T.);
#1691 = EDGE_CURVE('',#1692,#874,#1694,.T.);
#1692 = VERTEX_POINT('',#1693);
#1693 = CARTESIAN_POINT('',(-1.4,-0.25,4.8));
#1694 = LINE('',#1695,#1696);
#1695 = CARTESIAN_POINT('',(3.95,-0.25,4.8));
#1696 = VECTOR('',#1697,1.);
#1697 = DIRECTION('',(-1.,1.224646799147E-16,0.));
#1698 = ORIENTED_EDGE('',*,*,#873,.T.);
#1699 = ORIENTED_EDGE('',*,*,#1700,.F.);
#1700 = EDGE_CURVE('',#971,#876,#1701,.T.);
#1701 = LINE('',#1702,#1703);
#1702 = CARTESIAN_POINT('',(-0.95,-0.25,4.1));
#1703 = VECTOR('',#1704,1.);
#1704 = DIRECTION('',(-1.,1.224646799147E-16,0.));
#1705 = ORIENTED_EDGE('',*,*,#970,.F.);
#1706 = ORIENTED_EDGE('',*,*,#636,.T.);
#1707 = ORIENTED_EDGE('',*,*,#1708,.T.);
#1708 = EDGE_CURVE('',#639,#1709,#1711,.T.);
#1709 = VERTEX_POINT('',#1710);
#1710 = CARTESIAN_POINT('',(-0.75,-0.25,4.2));
#1711 = LINE('',#1712,#1713);
#1712 = CARTESIAN_POINT('',(-0.75,-0.25,0.3));
#1713 = VECTOR('',#1714,1.);
#1714 = DIRECTION('',(1.359631073447E-32,1.110223024625E-16,1.));
#1715 = ORIENTED_EDGE('',*,*,#1716,.F.);
#1716 = EDGE_CURVE('',#1717,#1709,#1719,.T.);
#1717 = VERTEX_POINT('',#1718);
#1718 = CARTESIAN_POINT('',(-1.4,-0.25,4.2));
#1719 = LINE('',#1720,#1721);
#1720 = CARTESIAN_POINT('',(-1.4,-0.25,4.2));
#1721 = VECTOR('',#1722,1.);
#1722 = DIRECTION('',(1.,-1.224646799147E-16,0.));
#1723 = ORIENTED_EDGE('',*,*,#1724,.F.);
#1724 = EDGE_CURVE('',#1692,#1717,#1725,.T.);
#1725 = LINE('',#1726,#1727);
#1726 = CARTESIAN_POINT('',(-1.4,-0.25,4.8));
#1727 = VECTOR('',#1728,1.);
#1728 = DIRECTION('',(-1.359631073447E-32,-1.110223024625E-16,-1.));
#1729 = PLANE('',#1730);
#1730 = AXIS2_PLACEMENT_3D('',#1731,#1732,#1733);
#1731 = CARTESIAN_POINT('',(1.,-0.25,2.55));
#1732 = DIRECTION('',(-1.224646799147E-16,-1.,1.110223024625E-16));
#1733 = DIRECTION('',(-1.,1.224646799147E-16,0.));
#1734 = ADVANCED_FACE('',(#1735),#1760,.T.);
#1735 = FACE_BOUND('',#1736,.T.);
#1736 = EDGE_LOOP('',(#1737,#1738,#1744,#1745,#1753,#1759));
#1737 = ORIENTED_EDGE('',*,*,#1708,.T.);
#1738 = ORIENTED_EDGE('',*,*,#1739,.F.);
#1739 = EDGE_CURVE('',#1473,#1709,#1740,.T.);
#1740 = LINE('',#1741,#1742);
#1741 = CARTESIAN_POINT('',(-0.75,-1.335399017773,4.2));
#1742 = VECTOR('',#1743,1.);
#1743 = DIRECTION('',(1.224646799147E-16,1.,-1.110223024625E-16));
#1744 = ORIENTED_EDGE('',*,*,#1480,.T.);
#1745 = ORIENTED_EDGE('',*,*,#1746,.T.);
#1746 = EDGE_CURVE('',#1481,#1747,#1749,.T.);
#1747 = VERTEX_POINT('',#1748);
#1748 = CARTESIAN_POINT('',(-0.75,-0.35,2.6));
#1749 = LINE('',#1750,#1751);
#1750 = CARTESIAN_POINT('',(-0.75,-0.35,3.6));
#1751 = VECTOR('',#1752,1.);
#1752 = DIRECTION('',(-1.359631073447E-32,-1.110223024625E-16,-1.));
#1753 = ORIENTED_EDGE('',*,*,#1754,.T.);
#1754 = EDGE_CURVE('',#1747,#701,#1755,.T.);
#1755 = LINE('',#1756,#1757);
#1756 = CARTESIAN_POINT('',(-0.75,-0.35,2.6));
#1757 = VECTOR('',#1758,1.);
#1758 = DIRECTION('',(-5.319525767383E-18,-4.343722427631E-02,
    -0.999056158355));
#1759 = ORIENTED_EDGE('',*,*,#708,.T.);
#1760 = PLANE('',#1761);
#1761 = AXIS2_PLACEMENT_3D('',#1762,#1763,#1764);
#1762 = CARTESIAN_POINT('',(-0.75,-0.320798035545,2.550475523299));
#1763 = DIRECTION('',(1.,-1.224646799147E-16,0.));
#1764 = DIRECTION('',(1.224646799147E-16,1.,-1.110223024625E-16));
#1765 = ADVANCED_FACE('',(#1766),#1777,.F.);
#1766 = FACE_BOUND('',#1767,.F.);
#1767 = EDGE_LOOP('',(#1768,#1774,#1775,#1776));
#1768 = ORIENTED_EDGE('',*,*,#1769,.T.);
#1769 = EDGE_CURVE('',#1439,#1747,#1770,.T.);
#1770 = LINE('',#1771,#1772);
#1771 = CARTESIAN_POINT('',(0.75,-0.35,2.6));
#1772 = VECTOR('',#1773,1.);
#1773 = DIRECTION('',(-1.,1.224646799147E-16,0.));
#1774 = ORIENTED_EDGE('',*,*,#1754,.T.);
#1775 = ORIENTED_EDGE('',*,*,#700,.F.);
#1776 = ORIENTED_EDGE('',*,*,#1446,.F.);
#1777 = PLANE('',#1778);
#1778 = AXIS2_PLACEMENT_3D('',#1779,#1780,#1781);
#1779 = CARTESIAN_POINT('',(0.75,-0.35,2.6));
#1780 = DIRECTION('',(-1.223490926498E-16,-0.999056158355,
    4.343722427631E-02));
#1781 = DIRECTION('',(-5.319525767383E-18,-4.343722427631E-02,
    -0.999056158355));
#1782 = ADVANCED_FACE('',(#1783),#1794,.F.);
#1783 = FACE_BOUND('',#1784,.F.);
#1784 = EDGE_LOOP('',(#1785,#1791,#1792,#1793));
#1785 = ORIENTED_EDGE('',*,*,#1786,.T.);
#1786 = EDGE_CURVE('',#1249,#1384,#1787,.T.);
#1787 = LINE('',#1788,#1789);
#1788 = CARTESIAN_POINT('',(2.75,-0.35,2.6));
#1789 = VECTOR('',#1790,1.);
#1790 = DIRECTION('',(-1.,1.224646799147E-16,0.));
#1791 = ORIENTED_EDGE('',*,*,#1391,.T.);
#1792 = ORIENTED_EDGE('',*,*,#668,.F.);
#1793 = ORIENTED_EDGE('',*,*,#1256,.F.);
#1794 = PLANE('',#1795);
#1795 = AXIS2_PLACEMENT_3D('',#1796,#1797,#1798);
#1796 = CARTESIAN_POINT('',(2.75,-0.35,2.6));
#1797 = DIRECTION('',(-1.223490926498E-16,-0.999056158355,
    4.343722427631E-02));
#1798 = DIRECTION('',(-5.319525767383E-18,-4.343722427631E-02,
    -0.999056158355));
#1799 = ADVANCED_FACE('',(#1800),#1818,.F.);
#1800 = FACE_BOUND('',#1801,.F.);
#1801 = EDGE_LOOP('',(#1802,#1803,#1811,#1817));
#1802 = ORIENTED_EDGE('',*,*,#769,.T.);
#1803 = ORIENTED_EDGE('',*,*,#1804,.T.);
#1804 = EDGE_CURVE('',#762,#1805,#1807,.T.);
#1805 = VERTEX_POINT('',#1806);
#1806 = CARTESIAN_POINT('',(1.2,-3.95,1.1));
#1807 = LINE('',#1808,#1809);
#1808 = CARTESIAN_POINT('',(1.2,-3.95,0.8));
#1809 = VECTOR('',#1810,1.);
#1810 = DIRECTION('',(1.359631073447E-32,1.110223024625E-16,1.));
#1811 = ORIENTED_EDGE('',*,*,#1812,.F.);
#1812 = EDGE_CURVE('',#1141,#1805,#1813,.T.);
#1813 = LINE('',#1814,#1815);
#1814 = CARTESIAN_POINT('',(1.2,-2.05,1.1));
#1815 = VECTOR('',#1816,1.);
#1816 = DIRECTION('',(-1.224646799147E-16,-1.,1.110223024625E-16));
#1817 = ORIENTED_EDGE('',*,*,#1148,.F.);
#1818 = PLANE('',#1819);
#1819 = AXIS2_PLACEMENT_3D('',#1820,#1821,#1822);
#1820 = CARTESIAN_POINT('',(1.2,-2.05,0.8));
#1821 = DIRECTION('',(-1.,1.224646799147E-16,0.));
#1822 = DIRECTION('',(1.359631073446E-32,1.110223024625E-16,1.));
#1823 = ADVANCED_FACE('',(#1824),#1842,.T.);
#1824 = FACE_BOUND('',#1825,.T.);
#1825 = EDGE_LOOP('',(#1826,#1834,#1840,#1841));
#1826 = ORIENTED_EDGE('',*,*,#1827,.T.);
#1827 = EDGE_CURVE('',#1805,#1828,#1830,.T.);
#1828 = VERTEX_POINT('',#1829);
#1829 = CARTESIAN_POINT('',(0.8,-3.95,1.1));
#1830 = LINE('',#1831,#1832);
#1831 = CARTESIAN_POINT('',(1.2,-3.95,1.1));
#1832 = VECTOR('',#1833,1.);
#1833 = DIRECTION('',(-1.,1.224646799147E-16,0.));
#1834 = ORIENTED_EDGE('',*,*,#1835,.T.);
#1835 = EDGE_CURVE('',#1828,#754,#1836,.T.);
#1836 = LINE('',#1837,#1838);
#1837 = CARTESIAN_POINT('',(0.8,-3.95,1.1));
#1838 = VECTOR('',#1839,1.);
#1839 = DIRECTION('',(-1.359631073447E-32,-1.110223024625E-16,-1.));
#1840 = ORIENTED_EDGE('',*,*,#761,.T.);
#1841 = ORIENTED_EDGE('',*,*,#1804,.T.);
#1842 = PLANE('',#1843);
#1843 = AXIS2_PLACEMENT_3D('',#1844,#1845,#1846);
#1844 = CARTESIAN_POINT('',(1.,-3.95,0.95));
#1845 = DIRECTION('',(-1.224646799147E-16,-1.,1.110223024625E-16));
#1846 = DIRECTION('',(-1.,1.224646799147E-16,0.));
#1847 = ADVANCED_FACE('',(#1848),#1859,.F.);
#1848 = FACE_BOUND('',#1849,.F.);
#1849 = EDGE_LOOP('',(#1850,#1856,#1857,#1858));
#1850 = ORIENTED_EDGE('',*,*,#1851,.T.);
#1851 = EDGE_CURVE('',#1133,#1828,#1852,.T.);
#1852 = LINE('',#1853,#1854);
#1853 = CARTESIAN_POINT('',(0.8,-2.05,1.1));
#1854 = VECTOR('',#1855,1.);
#1855 = DIRECTION('',(-1.224646799147E-16,-1.,1.110223024625E-16));
#1856 = ORIENTED_EDGE('',*,*,#1835,.T.);
#1857 = ORIENTED_EDGE('',*,*,#753,.F.);
#1858 = ORIENTED_EDGE('',*,*,#1132,.F.);
#1859 = PLANE('',#1860);
#1860 = AXIS2_PLACEMENT_3D('',#1861,#1862,#1863);
#1861 = CARTESIAN_POINT('',(0.8,-2.05,1.1));
#1862 = DIRECTION('',(1.,-1.224646799147E-16,0.));
#1863 = DIRECTION('',(-1.359631073446E-32,-1.110223024625E-16,-1.));
#1864 = ADVANCED_FACE('',(#1865),#1876,.T.);
#1865 = FACE_BOUND('',#1866,.T.);
#1866 = EDGE_LOOP('',(#1867,#1868,#1869,#1870));
#1867 = ORIENTED_EDGE('',*,*,#835,.T.);
#1868 = ORIENTED_EDGE('',*,*,#1629,.T.);
#1869 = ORIENTED_EDGE('',*,*,#916,.T.);
#1870 = ORIENTED_EDGE('',*,*,#1871,.F.);
#1871 = EDGE_CURVE('',#827,#908,#1872,.T.);
#1872 = LINE('',#1873,#1874);
#1873 = CARTESIAN_POINT('',(3.95,-4.65,3.3));
#1874 = VECTOR('',#1875,1.);
#1875 = DIRECTION('',(-1.,1.224646799147E-16,0.));
#1876 = PLANE('',#1877);
#1877 = AXIS2_PLACEMENT_3D('',#1878,#1879,#1880);
#1878 = CARTESIAN_POINT('',(3.95,-6.25,3.3));
#1879 = DIRECTION('',(-1.359631073447E-32,-1.110223024625E-16,-1.));
#1880 = DIRECTION('',(1.224646799147E-16,1.,-1.110223024625E-16));
#1881 = ADVANCED_FACE('',(#1882),#1888,.F.);
#1882 = FACE_BOUND('',#1883,.F.);
#1883 = EDGE_LOOP('',(#1884,#1885,#1886,#1887));
#1884 = ORIENTED_EDGE('',*,*,#850,.T.);
#1885 = ORIENTED_EDGE('',*,*,#907,.T.);
#1886 = ORIENTED_EDGE('',*,*,#1871,.F.);
#1887 = ORIENTED_EDGE('',*,*,#826,.F.);
#1888 = CYLINDRICAL_SURFACE('',#1889,0.4);
#1889 = AXIS2_PLACEMENT_3D('',#1890,#1891,#1892);
#1890 = CARTESIAN_POINT('',(3.95,-4.65,2.9));
#1891 = DIRECTION('',(1.,-1.224646799147E-16,0.));
#1892 = DIRECTION('',(1.359631073446E-32,1.110223024625E-16,1.));
#1893 = ADVANCED_FACE('',(#1894),#1905,.F.);
#1894 = FACE_BOUND('',#1895,.F.);
#1895 = EDGE_LOOP('',(#1896,#1897,#1898,#1904));
#1896 = ORIENTED_EDGE('',*,*,#1700,.T.);
#1897 = ORIENTED_EDGE('',*,*,#883,.T.);
#1898 = ORIENTED_EDGE('',*,*,#1899,.F.);
#1899 = EDGE_CURVE('',#979,#884,#1900,.T.);
#1900 = LINE('',#1901,#1902);
#1901 = CARTESIAN_POINT('',(-0.95,1.35,3.2));
#1902 = VECTOR('',#1903,1.);
#1903 = DIRECTION('',(-1.,1.224646799147E-16,0.));
#1904 = ORIENTED_EDGE('',*,*,#978,.F.);
#1905 = PLANE('',#1906);
#1906 = AXIS2_PLACEMENT_3D('',#1907,#1908,#1909);
#1907 = CARTESIAN_POINT('',(-0.95,-0.25,4.1));
#1908 = DIRECTION('',(-6.003968578616E-17,-0.490261239633,
    -0.871575537124));
#1909 = DIRECTION('',(1.067372191754E-16,0.871575537124,-0.490261239633)
  );
#1910 = ADVANCED_FACE('',(#1911),#1917,.F.);
#1911 = FACE_BOUND('',#1912,.F.);
#1912 = EDGE_LOOP('',(#1913,#1914,#1915,#1916));
#1913 = ORIENTED_EDGE('',*,*,#1899,.T.);
#1914 = ORIENTED_EDGE('',*,*,#891,.T.);
#1915 = ORIENTED_EDGE('',*,*,#946,.F.);
#1916 = ORIENTED_EDGE('',*,*,#986,.F.);
#1917 = PLANE('',#1918);
#1918 = AXIS2_PLACEMENT_3D('',#1919,#1920,#1921);
#1919 = CARTESIAN_POINT('',(-0.95,1.35,3.2));
#1920 = DIRECTION('',(-1.224646799147E-16,-1.,0.));
#1921 = DIRECTION('',(-0.,0.,-1.));
#1922 = ADVANCED_FACE('',(#1923),#1941,.F.);
#1923 = FACE_BOUND('',#1924,.F.);
#1924 = EDGE_LOOP('',(#1925,#1926,#1932,#1933,#1939,#1940));
#1925 = ORIENTED_EDGE('',*,*,#1691,.F.);
#1926 = ORIENTED_EDGE('',*,*,#1927,.F.);
#1927 = EDGE_CURVE('',#1529,#1692,#1928,.T.);
#1928 = LINE('',#1929,#1930);
#1929 = CARTESIAN_POINT('',(-1.4,-4.45,4.8));
#1930 = VECTOR('',#1931,1.);
#1931 = DIRECTION('',(1.224646799147E-16,1.,-1.110223024625E-16));
#1932 = ORIENTED_EDGE('',*,*,#1536,.F.);
#1933 = ORIENTED_EDGE('',*,*,#1934,.T.);
#1934 = EDGE_CURVE('',#1537,#1615,#1935,.T.);
#1935 = LINE('',#1936,#1937);
#1936 = CARTESIAN_POINT('',(-0.95,-4.45,4.8));
#1937 = VECTOR('',#1938,1.);
#1938 = DIRECTION('',(-1.224646799147E-16,-1.,1.110223024625E-16));
#1939 = ORIENTED_EDGE('',*,*,#1622,.T.);
#1940 = ORIENTED_EDGE('',*,*,#932,.F.);
#1941 = PLANE('',#1942);
#1942 = AXIS2_PLACEMENT_3D('',#1943,#1944,#1945);
#1943 = CARTESIAN_POINT('',(3.95,-0.25,4.8));
#1944 = DIRECTION('',(-1.359631073447E-32,-1.110223024625E-16,-1.));
#1945 = DIRECTION('',(-1.,1.224646799147E-16,6.927121900793E-45));
#1946 = ADVANCED_FACE('',(#1947),#1959,.T.);
#1947 = FACE_BOUND('',#1948,.T.);
#1948 = EDGE_LOOP('',(#1949,#1950,#1951,#1952,#1958));
#1949 = ORIENTED_EDGE('',*,*,#1927,.F.);
#1950 = ORIENTED_EDGE('',*,*,#1528,.T.);
#1951 = ORIENTED_EDGE('',*,*,#1061,.T.);
#1952 = ORIENTED_EDGE('',*,*,#1953,.T.);
#1953 = EDGE_CURVE('',#1062,#1717,#1954,.T.);
#1954 = LINE('',#1955,#1956);
#1955 = CARTESIAN_POINT('',(-1.4,-4.45,4.2));
#1956 = VECTOR('',#1957,1.);
#1957 = DIRECTION('',(1.224646799147E-16,1.,-1.110223024625E-16));
#1958 = ORIENTED_EDGE('',*,*,#1724,.F.);
#1959 = PLANE('',#1960);
#1960 = AXIS2_PLACEMENT_3D('',#1961,#1962,#1963);
#1961 = CARTESIAN_POINT('',(-1.4,-4.45,4.8));
#1962 = DIRECTION('',(1.,-1.224646799147E-16,0.));
#1963 = DIRECTION('',(1.224646799147E-16,1.,-1.110223024625E-16));
#1964 = ADVANCED_FACE('',(#1965),#1971,.F.);
#1965 = FACE_BOUND('',#1966,.F.);
#1966 = EDGE_LOOP('',(#1967,#1968,#1969,#1970));
#1967 = ORIENTED_EDGE('',*,*,#1812,.T.);
#1968 = ORIENTED_EDGE('',*,*,#1827,.T.);
#1969 = ORIENTED_EDGE('',*,*,#1851,.F.);
#1970 = ORIENTED_EDGE('',*,*,#1140,.F.);
#1971 = PLANE('',#1972);
#1972 = AXIS2_PLACEMENT_3D('',#1973,#1974,#1975);
#1973 = CARTESIAN_POINT('',(1.2,-2.05,1.1));
#1974 = DIRECTION('',(-1.359631073447E-32,-1.110223024625E-16,-1.));
#1975 = DIRECTION('',(-1.,1.224646799147E-16,6.927121900793E-45));
#1976 = ADVANCED_FACE('',(#1977),#1985,.F.);
#1977 = FACE_BOUND('',#1978,.F.);
#1978 = EDGE_LOOP('',(#1979,#1980,#1981,#1982,#1983,#1984));
#1979 = ORIENTED_EDGE('',*,*,#1123,.T.);
#1980 = ORIENTED_EDGE('',*,*,#1953,.T.);
#1981 = ORIENTED_EDGE('',*,*,#1716,.T.);
#1982 = ORIENTED_EDGE('',*,*,#1739,.F.);
#1983 = ORIENTED_EDGE('',*,*,#1472,.T.);
#1984 = ORIENTED_EDGE('',*,*,#1504,.T.);
#1985 = PLANE('',#1986);
#1986 = AXIS2_PLACEMENT_3D('',#1987,#1988,#1989);
#1987 = CARTESIAN_POINT('',(-0.9,-2.35,4.2));
#1988 = DIRECTION('',(-1.359631073447E-32,-1.110223024625E-16,-1.));
#1989 = DIRECTION('',(-1.224646799147E-16,-1.,1.110223024625E-16));
#1990 = ADVANCED_FACE('',(#1991),#2016,.F.);
#1991 = FACE_BOUND('',#1992,.F.);
#1992 = EDGE_LOOP('',(#1993,#2003,#2009,#2010));
#1993 = ORIENTED_EDGE('',*,*,#1994,.T.);
#1994 = EDGE_CURVE('',#1995,#1997,#1999,.T.);
#1995 = VERTEX_POINT('',#1996);
#1996 = CARTESIAN_POINT('',(0.25,-5.55,2.85));
#1997 = VERTEX_POINT('',#1998);
#1998 = CARTESIAN_POINT('',(0.25,-5.55,3.35));
#1999 = LINE('',#2000,#2001);
#2000 = CARTESIAN_POINT('',(0.25,-5.55,2.85));
#2001 = VECTOR('',#2002,1.);
#2002 = DIRECTION('',(0.,0.,1.));
#2003 = ORIENTED_EDGE('',*,*,#2004,.T.);
#2004 = EDGE_CURVE('',#1997,#1158,#2005,.T.);
#2005 = LINE('',#2006,#2007);
#2006 = CARTESIAN_POINT('',(0.25,-5.75,3.35));
#2007 = VECTOR('',#2008,1.);
#2008 = DIRECTION('',(1.224646799147E-16,1.,0.));
#2009 = ORIENTED_EDGE('',*,*,#1157,.T.);
#2010 = ORIENTED_EDGE('',*,*,#2011,.T.);
#2011 = EDGE_CURVE('',#1160,#1995,#2012,.T.);
#2012 = LINE('',#2013,#2014);
#2013 = CARTESIAN_POINT('',(0.25,-0.25,2.85));
#2014 = VECTOR('',#2015,1.);
#2015 = DIRECTION('',(-1.224646799147E-16,-1.,0.));
#2016 = PLANE('',#2017);
#2017 = AXIS2_PLACEMENT_3D('',#2018,#2019,#2020);
#2018 = CARTESIAN_POINT('',(0.25,-1.421959173294,1.302213422577));
#2019 = DIRECTION('',(-1.,1.224646799147E-16,0.));
#2020 = DIRECTION('',(0.,0.,1.));
#2021 = ADVANCED_FACE('',(#2022),#2040,.F.);
#2022 = FACE_BOUND('',#2023,.F.);
#2023 = EDGE_LOOP('',(#2024,#2025,#2033,#2039));
#2024 = ORIENTED_EDGE('',*,*,#2004,.F.);
#2025 = ORIENTED_EDGE('',*,*,#2026,.T.);
#2026 = EDGE_CURVE('',#1997,#2027,#2029,.T.);
#2027 = VERTEX_POINT('',#2028);
#2028 = CARTESIAN_POINT('',(-0.25,-5.55,3.35));
#2029 = LINE('',#2030,#2031);
#2030 = CARTESIAN_POINT('',(0.25,-5.55,3.35));
#2031 = VECTOR('',#2032,1.);
#2032 = DIRECTION('',(-1.,1.224646799147E-16,0.));
#2033 = ORIENTED_EDGE('',*,*,#2034,.T.);
#2034 = EDGE_CURVE('',#2027,#1176,#2035,.T.);
#2035 = LINE('',#2036,#2037);
#2036 = CARTESIAN_POINT('',(-0.25,-5.75,3.35));
#2037 = VECTOR('',#2038,1.);
#2038 = DIRECTION('',(1.224646799147E-16,1.,0.));
#2039 = ORIENTED_EDGE('',*,*,#1183,.T.);
#2040 = PLANE('',#2041);
#2041 = AXIS2_PLACEMENT_3D('',#2042,#2043,#2044);
#2042 = CARTESIAN_POINT('',(0.25,-5.75,3.35));
#2043 = DIRECTION('',(-0.,0.,-1.));
#2044 = DIRECTION('',(1.224646799147E-16,1.,0.));
#2045 = ADVANCED_FACE('',(#2046),#2064,.T.);
#2046 = FACE_BOUND('',#2047,.T.);
#2047 = EDGE_LOOP('',(#2048,#2056,#2057,#2058));
#2048 = ORIENTED_EDGE('',*,*,#2049,.T.);
#2049 = EDGE_CURVE('',#2050,#2027,#2052,.T.);
#2050 = VERTEX_POINT('',#2051);
#2051 = CARTESIAN_POINT('',(-0.25,-5.55,2.85));
#2052 = LINE('',#2053,#2054);
#2053 = CARTESIAN_POINT('',(-0.25,-5.55,2.85));
#2054 = VECTOR('',#2055,1.);
#2055 = DIRECTION('',(0.,0.,1.));
#2056 = ORIENTED_EDGE('',*,*,#2034,.T.);
#2057 = ORIENTED_EDGE('',*,*,#1175,.T.);
#2058 = ORIENTED_EDGE('',*,*,#2059,.T.);
#2059 = EDGE_CURVE('',#1168,#2050,#2060,.T.);
#2060 = LINE('',#2061,#2062);
#2061 = CARTESIAN_POINT('',(-0.25,-0.25,2.85));
#2062 = VECTOR('',#2063,1.);
#2063 = DIRECTION('',(-1.224646799147E-16,-1.,0.));
#2064 = PLANE('',#2065);
#2065 = AXIS2_PLACEMENT_3D('',#2066,#2067,#2068);
#2066 = CARTESIAN_POINT('',(-0.25,-1.421959173294,1.302213422577));
#2067 = DIRECTION('',(-1.,1.224646799147E-16,0.));
#2068 = DIRECTION('',(0.,0.,1.));
#2069 = ADVANCED_FACE('',(#2070),#2081,.F.);
#2070 = FACE_BOUND('',#2071,.F.);
#2071 = EDGE_LOOP('',(#2072,#2073,#2074,#2075));
#2072 = ORIENTED_EDGE('',*,*,#2011,.F.);
#2073 = ORIENTED_EDGE('',*,*,#1167,.T.);
#2074 = ORIENTED_EDGE('',*,*,#2059,.T.);
#2075 = ORIENTED_EDGE('',*,*,#2076,.F.);
#2076 = EDGE_CURVE('',#1995,#2050,#2077,.T.);
#2077 = LINE('',#2078,#2079);
#2078 = CARTESIAN_POINT('',(0.25,-5.55,2.85));
#2079 = VECTOR('',#2080,1.);
#2080 = DIRECTION('',(-1.,1.224646799147E-16,0.));
#2081 = PLANE('',#2082);
#2082 = AXIS2_PLACEMENT_3D('',#2083,#2084,#2085);
#2083 = CARTESIAN_POINT('',(0.25,-0.25,2.85));
#2084 = DIRECTION('',(0.,0.,1.));
#2085 = DIRECTION('',(-1.224646799147E-16,-1.,0.));
#2086 = ADVANCED_FACE('',(#2087),#2112,.F.);
#2087 = FACE_BOUND('',#2088,.F.);
#2088 = EDGE_LOOP('',(#2089,#2099,#2105,#2106));
#2089 = ORIENTED_EDGE('',*,*,#2090,.T.);
#2090 = EDGE_CURVE('',#2091,#2093,#2095,.T.);
#2091 = VERTEX_POINT('',#2092);
#2092 = CARTESIAN_POINT('',(2.25,-5.55,2.85));
#2093 = VERTEX_POINT('',#2094);
#2094 = CARTESIAN_POINT('',(2.25,-5.55,3.35));
#2095 = LINE('',#2096,#2097);
#2096 = CARTESIAN_POINT('',(2.25,-5.55,2.85));
#2097 = VECTOR('',#2098,1.);
#2098 = DIRECTION('',(0.,0.,1.));
#2099 = ORIENTED_EDGE('',*,*,#2100,.T.);
#2100 = EDGE_CURVE('',#2093,#1192,#2101,.T.);
#2101 = LINE('',#2102,#2103);
#2102 = CARTESIAN_POINT('',(2.25,-5.75,3.35));
#2103 = VECTOR('',#2104,1.);
#2104 = DIRECTION('',(1.224646799147E-16,1.,0.));
#2105 = ORIENTED_EDGE('',*,*,#1191,.T.);
#2106 = ORIENTED_EDGE('',*,*,#2107,.T.);
#2107 = EDGE_CURVE('',#1194,#2091,#2108,.T.);
#2108 = LINE('',#2109,#2110);
#2109 = CARTESIAN_POINT('',(2.25,-0.25,2.85));
#2110 = VECTOR('',#2111,1.);
#2111 = DIRECTION('',(-1.224646799147E-16,-1.,0.));
#2112 = PLANE('',#2113);
#2113 = AXIS2_PLACEMENT_3D('',#2114,#2115,#2116);
#2114 = CARTESIAN_POINT('',(2.25,-1.421959173294,1.302213422577));
#2115 = DIRECTION('',(-1.,1.224646799147E-16,0.));
#2116 = DIRECTION('',(0.,0.,1.));
#2117 = ADVANCED_FACE('',(#2118),#2136,.F.);
#2118 = FACE_BOUND('',#2119,.F.);
#2119 = EDGE_LOOP('',(#2120,#2121,#2129,#2135));
#2120 = ORIENTED_EDGE('',*,*,#2100,.F.);
#2121 = ORIENTED_EDGE('',*,*,#2122,.T.);
#2122 = EDGE_CURVE('',#2093,#2123,#2125,.T.);
#2123 = VERTEX_POINT('',#2124);
#2124 = CARTESIAN_POINT('',(1.75,-5.55,3.35));
#2125 = LINE('',#2126,#2127);
#2126 = CARTESIAN_POINT('',(2.25,-5.55,3.35));
#2127 = VECTOR('',#2128,1.);
#2128 = DIRECTION('',(-1.,1.224646799147E-16,0.));
#2129 = ORIENTED_EDGE('',*,*,#2130,.T.);
#2130 = EDGE_CURVE('',#2123,#1210,#2131,.T.);
#2131 = LINE('',#2132,#2133);
#2132 = CARTESIAN_POINT('',(1.75,-5.75,3.35));
#2133 = VECTOR('',#2134,1.);
#2134 = DIRECTION('',(1.224646799147E-16,1.,0.));
#2135 = ORIENTED_EDGE('',*,*,#1217,.T.);
#2136 = PLANE('',#2137);
#2137 = AXIS2_PLACEMENT_3D('',#2138,#2139,#2140);
#2138 = CARTESIAN_POINT('',(2.25,-5.75,3.35));
#2139 = DIRECTION('',(-0.,0.,-1.));
#2140 = DIRECTION('',(1.224646799147E-16,1.,0.));
#2141 = ADVANCED_FACE('',(#2142),#2160,.T.);
#2142 = FACE_BOUND('',#2143,.T.);
#2143 = EDGE_LOOP('',(#2144,#2152,#2153,#2154));
#2144 = ORIENTED_EDGE('',*,*,#2145,.T.);
#2145 = EDGE_CURVE('',#2146,#2123,#2148,.T.);
#2146 = VERTEX_POINT('',#2147);
#2147 = CARTESIAN_POINT('',(1.75,-5.55,2.85));
#2148 = LINE('',#2149,#2150);
#2149 = CARTESIAN_POINT('',(1.75,-5.55,2.85));
#2150 = VECTOR('',#2151,1.);
#2151 = DIRECTION('',(0.,0.,1.));
#2152 = ORIENTED_EDGE('',*,*,#2130,.T.);
#2153 = ORIENTED_EDGE('',*,*,#1209,.T.);
#2154 = ORIENTED_EDGE('',*,*,#2155,.T.);
#2155 = EDGE_CURVE('',#1202,#2146,#2156,.T.);
#2156 = LINE('',#2157,#2158);
#2157 = CARTESIAN_POINT('',(1.75,-0.25,2.85));
#2158 = VECTOR('',#2159,1.);
#2159 = DIRECTION('',(-1.224646799147E-16,-1.,0.));
#2160 = PLANE('',#2161);
#2161 = AXIS2_PLACEMENT_3D('',#2162,#2163,#2164);
#2162 = CARTESIAN_POINT('',(1.75,-1.421959173294,1.302213422577));
#2163 = DIRECTION('',(-1.,1.224646799147E-16,0.));
#2164 = DIRECTION('',(0.,0.,1.));
#2165 = ADVANCED_FACE('',(#2166),#2177,.F.);
#2166 = FACE_BOUND('',#2167,.F.);
#2167 = EDGE_LOOP('',(#2168,#2169,#2170,#2171));
#2168 = ORIENTED_EDGE('',*,*,#2107,.F.);
#2169 = ORIENTED_EDGE('',*,*,#1201,.T.);
#2170 = ORIENTED_EDGE('',*,*,#2155,.T.);
#2171 = ORIENTED_EDGE('',*,*,#2172,.F.);
#2172 = EDGE_CURVE('',#2091,#2146,#2173,.T.);
#2173 = LINE('',#2174,#2175);
#2174 = CARTESIAN_POINT('',(2.25,-5.55,2.85));
#2175 = VECTOR('',#2176,1.);
#2176 = DIRECTION('',(-1.,1.224646799147E-16,0.));
#2177 = PLANE('',#2178);
#2178 = AXIS2_PLACEMENT_3D('',#2179,#2180,#2181);
#2179 = CARTESIAN_POINT('',(2.25,-0.25,2.85));
#2180 = DIRECTION('',(0.,0.,1.));
#2181 = DIRECTION('',(-1.224646799147E-16,-1.,0.));
#2182 = ADVANCED_FACE('',(#2183,#2189),#2223,.F.);
#2183 = FACE_BOUND('',#2184,.F.);
#2184 = EDGE_LOOP('',(#2185,#2186,#2187,#2188));
#2185 = ORIENTED_EDGE('',*,*,#1365,.T.);
#2186 = ORIENTED_EDGE('',*,*,#1383,.T.);
#2187 = ORIENTED_EDGE('',*,*,#1786,.F.);
#2188 = ORIENTED_EDGE('',*,*,#1248,.F.);
#2189 = FACE_BOUND('',#2190,.F.);
#2190 = EDGE_LOOP('',(#2191,#2201,#2209,#2217));
#2191 = ORIENTED_EDGE('',*,*,#2192,.T.);
#2192 = EDGE_CURVE('',#2193,#2195,#2197,.T.);
#2193 = VERTEX_POINT('',#2194);
#2194 = CARTESIAN_POINT('',(2.25,-0.35,3.35));
#2195 = VERTEX_POINT('',#2196);
#2196 = CARTESIAN_POINT('',(2.25,-0.35,2.85));
#2197 = LINE('',#2198,#2199);
#2198 = CARTESIAN_POINT('',(2.25,-0.35,2.451106711288));
#2199 = VECTOR('',#2200,1.);
#2200 = DIRECTION('',(-1.359631073447E-32,-1.110223024625E-16,-1.));
#2201 = ORIENTED_EDGE('',*,*,#2202,.T.);
#2202 = EDGE_CURVE('',#2195,#2203,#2205,.T.);
#2203 = VERTEX_POINT('',#2204);
#2204 = CARTESIAN_POINT('',(1.75,-0.35,2.85));
#2205 = LINE('',#2206,#2207);
#2206 = CARTESIAN_POINT('',(2.5,-0.35,2.85));
#2207 = VECTOR('',#2208,1.);
#2208 = DIRECTION('',(-1.,1.224646799147E-16,0.));
#2209 = ORIENTED_EDGE('',*,*,#2210,.F.);
#2210 = EDGE_CURVE('',#2211,#2203,#2213,.T.);
#2211 = VERTEX_POINT('',#2212);
#2212 = CARTESIAN_POINT('',(1.75,-0.35,3.35));
#2213 = LINE('',#2214,#2215);
#2214 = CARTESIAN_POINT('',(1.75,-0.35,2.451106711288));
#2215 = VECTOR('',#2216,1.);
#2216 = DIRECTION('',(-1.359631073447E-32,-1.110223024625E-16,-1.));
#2217 = ORIENTED_EDGE('',*,*,#2218,.T.);
#2218 = EDGE_CURVE('',#2211,#2193,#2219,.T.);
#2219 = LINE('',#2220,#2221);
#2220 = CARTESIAN_POINT('',(2.5,-0.35,3.35));
#2221 = VECTOR('',#2222,1.);
#2222 = DIRECTION('',(1.,-1.224646799147E-16,0.));
#2223 = PLANE('',#2224);
#2224 = AXIS2_PLACEMENT_3D('',#2225,#2226,#2227);
#2225 = CARTESIAN_POINT('',(2.75,-0.35,3.6));
#2226 = DIRECTION('',(-1.224646799147E-16,-1.,1.110223024625E-16));
#2227 = DIRECTION('',(-1.359631073447E-32,-1.110223024625E-16,-1.));
#2228 = ADVANCED_FACE('',(#2229,#2235),#2269,.F.);
#2229 = FACE_BOUND('',#2230,.F.);
#2230 = EDGE_LOOP('',(#2231,#2232,#2233,#2234));
#2231 = ORIENTED_EDGE('',*,*,#1488,.T.);
#2232 = ORIENTED_EDGE('',*,*,#1746,.T.);
#2233 = ORIENTED_EDGE('',*,*,#1769,.F.);
#2234 = ORIENTED_EDGE('',*,*,#1438,.F.);
#2235 = FACE_BOUND('',#2236,.F.);
#2236 = EDGE_LOOP('',(#2237,#2247,#2255,#2263));
#2237 = ORIENTED_EDGE('',*,*,#2238,.T.);
#2238 = EDGE_CURVE('',#2239,#2241,#2243,.T.);
#2239 = VERTEX_POINT('',#2240);
#2240 = CARTESIAN_POINT('',(0.25,-0.35,3.35));
#2241 = VERTEX_POINT('',#2242);
#2242 = CARTESIAN_POINT('',(0.25,-0.35,2.85));
#2243 = LINE('',#2244,#2245);
#2244 = CARTESIAN_POINT('',(0.25,-0.35,2.451106711288));
#2245 = VECTOR('',#2246,1.);
#2246 = DIRECTION('',(-1.359631073447E-32,-1.110223024625E-16,-1.));
#2247 = ORIENTED_EDGE('',*,*,#2248,.T.);
#2248 = EDGE_CURVE('',#2241,#2249,#2251,.T.);
#2249 = VERTEX_POINT('',#2250);
#2250 = CARTESIAN_POINT('',(-0.25,-0.35,2.85));
#2251 = LINE('',#2252,#2253);
#2252 = CARTESIAN_POINT('',(0.5,-0.35,2.85));
#2253 = VECTOR('',#2254,1.);
#2254 = DIRECTION('',(-1.,1.224646799147E-16,0.));
#2255 = ORIENTED_EDGE('',*,*,#2256,.F.);
#2256 = EDGE_CURVE('',#2257,#2249,#2259,.T.);
#2257 = VERTEX_POINT('',#2258);
#2258 = CARTESIAN_POINT('',(-0.25,-0.35,3.35));
#2259 = LINE('',#2260,#2261);
#2260 = CARTESIAN_POINT('',(-0.25,-0.35,2.451106711288));
#2261 = VECTOR('',#2262,1.);
#2262 = DIRECTION('',(-1.359631073447E-32,-1.110223024625E-16,-1.));
#2263 = ORIENTED_EDGE('',*,*,#2264,.T.);
#2264 = EDGE_CURVE('',#2257,#2239,#2265,.T.);
#2265 = LINE('',#2266,#2267);
#2266 = CARTESIAN_POINT('',(0.5,-0.35,3.35));
#2267 = VECTOR('',#2268,1.);
#2268 = DIRECTION('',(1.,-1.224646799147E-16,0.));
#2269 = PLANE('',#2270);
#2270 = AXIS2_PLACEMENT_3D('',#2271,#2272,#2273);
#2271 = CARTESIAN_POINT('',(0.75,-0.35,3.6));
#2272 = DIRECTION('',(-1.224646799147E-16,-1.,1.110223024625E-16));
#2273 = DIRECTION('',(-1.359631073447E-32,-1.110223024625E-16,-1.));
#2274 = ADVANCED_FACE('',(#2275),#2286,.F.);
#2275 = FACE_BOUND('',#2276,.F.);
#2276 = EDGE_LOOP('',(#2277,#2283,#2284,#2285));
#2277 = ORIENTED_EDGE('',*,*,#2278,.T.);
#2278 = EDGE_CURVE('',#1545,#1607,#2279,.T.);
#2279 = LINE('',#2280,#2281);
#2280 = CARTESIAN_POINT('',(-0.95,-4.45,4.85));
#2281 = VECTOR('',#2282,1.);
#2282 = DIRECTION('',(-1.224646799147E-16,-1.,1.110223024625E-16));
#2283 = ORIENTED_EDGE('',*,*,#1614,.T.);
#2284 = ORIENTED_EDGE('',*,*,#1934,.F.);
#2285 = ORIENTED_EDGE('',*,*,#1544,.F.);
#2286 = PLANE('',#2287);
#2287 = AXIS2_PLACEMENT_3D('',#2288,#2289,#2290);
#2288 = CARTESIAN_POINT('',(-0.95,-4.45,4.85));
#2289 = DIRECTION('',(1.,-1.224646799147E-16,0.));
#2290 = DIRECTION('',(-1.359631073446E-32,-1.110223024625E-16,-1.));
#2291 = ADVANCED_FACE('',(#2292),#2298,.F.);
#2292 = FACE_BOUND('',#2293,.F.);
#2293 = EDGE_LOOP('',(#2294,#2295,#2296,#2297));
#2294 = ORIENTED_EDGE('',*,*,#1583,.T.);
#2295 = ORIENTED_EDGE('',*,*,#1606,.T.);
#2296 = ORIENTED_EDGE('',*,*,#2278,.F.);
#2297 = ORIENTED_EDGE('',*,*,#1552,.F.);
#2298 = PLANE('',#2299);
#2299 = AXIS2_PLACEMENT_3D('',#2300,#2301,#2302);
#2300 = CARTESIAN_POINT('',(-0.45,-4.45,4.85));
#2301 = DIRECTION('',(-1.359631073447E-32,-1.110223024625E-16,-1.));
#2302 = DIRECTION('',(-1.,1.224646799147E-16,6.927121900793E-45));
#2303 = ADVANCED_FACE('',(#2304),#2329,.T.);
#2304 = FACE_BOUND('',#2305,.T.);
#2305 = EDGE_LOOP('',(#2306,#2314,#2315,#2323));
#2306 = ORIENTED_EDGE('',*,*,#2307,.F.);
#2307 = EDGE_CURVE('',#1995,#2308,#2310,.T.);
#2308 = VERTEX_POINT('',#2309);
#2309 = CARTESIAN_POINT('',(5.E-02,-5.75,3.05));
#2310 = LINE('',#2311,#2312);
#2311 = CARTESIAN_POINT('',(0.183333333333,-5.616666666667,
    2.916666666667));
#2312 = VECTOR('',#2313,1.);
#2313 = DIRECTION('',(-0.57735026919,-0.57735026919,0.57735026919));
#2314 = ORIENTED_EDGE('',*,*,#1994,.T.);
#2315 = ORIENTED_EDGE('',*,*,#2316,.F.);
#2316 = EDGE_CURVE('',#2317,#1997,#2319,.T.);
#2317 = VERTEX_POINT('',#2318);
#2318 = CARTESIAN_POINT('',(5.E-02,-5.75,3.15));
#2319 = LINE('',#2320,#2321);
#2320 = CARTESIAN_POINT('',(0.1,-5.7,3.2));
#2321 = VECTOR('',#2322,1.);
#2322 = DIRECTION('',(0.57735026919,0.57735026919,0.57735026919));
#2323 = ORIENTED_EDGE('',*,*,#2324,.F.);
#2324 = EDGE_CURVE('',#2308,#2317,#2325,.T.);
#2325 = LINE('',#2326,#2327);
#2326 = CARTESIAN_POINT('',(5.E-02,-5.75,2.85));
#2327 = VECTOR('',#2328,1.);
#2328 = DIRECTION('',(0.,0.,1.));
#2329 = PLANE('',#2330);
#2330 = AXIS2_PLACEMENT_3D('',#2331,#2332,#2333);
#2331 = CARTESIAN_POINT('',(0.15,-5.65,2.85));
#2332 = DIRECTION('',(0.707106781187,-0.707106781187,-1.735417226644E-18
    ));
#2333 = DIRECTION('',(1.227125289148E-18,-1.227125289148E-18,1.));
#2334 = ADVANCED_FACE('',(#2335),#2353,.T.);
#2335 = FACE_BOUND('',#2336,.F.);
#2336 = EDGE_LOOP('',(#2337,#2338,#2346,#2352));
#2337 = ORIENTED_EDGE('',*,*,#2316,.F.);
#2338 = ORIENTED_EDGE('',*,*,#2339,.T.);
#2339 = EDGE_CURVE('',#2317,#2340,#2342,.T.);
#2340 = VERTEX_POINT('',#2341);
#2341 = CARTESIAN_POINT('',(-5.E-02,-5.75,3.15));
#2342 = LINE('',#2343,#2344);
#2343 = CARTESIAN_POINT('',(0.25,-5.75,3.15));
#2344 = VECTOR('',#2345,1.);
#2345 = DIRECTION('',(-1.,1.224646799147E-16,0.));
#2346 = ORIENTED_EDGE('',*,*,#2347,.F.);
#2347 = EDGE_CURVE('',#2027,#2340,#2348,.T.);
#2348 = LINE('',#2349,#2350);
#2349 = CARTESIAN_POINT('',(-1.666666666667E-02,-5.783333333333,
    3.116666666667));
#2350 = VECTOR('',#2351,1.);
#2351 = DIRECTION('',(0.57735026919,-0.57735026919,-0.57735026919));
#2352 = ORIENTED_EDGE('',*,*,#2026,.F.);
#2353 = PLANE('',#2354);
#2354 = AXIS2_PLACEMENT_3D('',#2355,#2356,#2357);
#2355 = CARTESIAN_POINT('',(0.25,-5.65,3.25));
#2356 = DIRECTION('',(-8.659560562349E-17,-0.707106781187,0.707106781187
    ));
#2357 = DIRECTION('',(1.,-1.224646799147E-16,-2.105272540809E-29));
#2358 = ADVANCED_FACE('',(#2359),#2377,.F.);
#2359 = FACE_BOUND('',#2360,.F.);
#2360 = EDGE_LOOP('',(#2361,#2369,#2370,#2371));
#2361 = ORIENTED_EDGE('',*,*,#2362,.F.);
#2362 = EDGE_CURVE('',#2050,#2363,#2365,.T.);
#2363 = VERTEX_POINT('',#2364);
#2364 = CARTESIAN_POINT('',(-5.E-02,-5.75,3.05));
#2365 = LINE('',#2366,#2367);
#2366 = CARTESIAN_POINT('',(-0.1,-5.7,3.));
#2367 = VECTOR('',#2368,1.);
#2368 = DIRECTION('',(0.57735026919,-0.57735026919,0.57735026919));
#2369 = ORIENTED_EDGE('',*,*,#2049,.T.);
#2370 = ORIENTED_EDGE('',*,*,#2347,.T.);
#2371 = ORIENTED_EDGE('',*,*,#2372,.F.);
#2372 = EDGE_CURVE('',#2363,#2340,#2373,.T.);
#2373 = LINE('',#2374,#2375);
#2374 = CARTESIAN_POINT('',(-5.E-02,-5.75,2.85));
#2375 = VECTOR('',#2376,1.);
#2376 = DIRECTION('',(0.,0.,1.));
#2377 = PLANE('',#2378);
#2378 = AXIS2_PLACEMENT_3D('',#2379,#2380,#2381);
#2379 = CARTESIAN_POINT('',(-0.15,-5.65,2.85));
#2380 = DIRECTION('',(0.707106781187,0.707106781187,1.735417226644E-18)
  );
#2381 = DIRECTION('',(-1.227125289148E-18,-1.227125289148E-18,1.));
#2382 = ADVANCED_FACE('',(#2383),#2394,.T.);
#2383 = FACE_BOUND('',#2384,.F.);
#2384 = EDGE_LOOP('',(#2385,#2386,#2387,#2388));
#2385 = ORIENTED_EDGE('',*,*,#2307,.F.);
#2386 = ORIENTED_EDGE('',*,*,#2076,.T.);
#2387 = ORIENTED_EDGE('',*,*,#2362,.T.);
#2388 = ORIENTED_EDGE('',*,*,#2389,.F.);
#2389 = EDGE_CURVE('',#2308,#2363,#2390,.T.);
#2390 = LINE('',#2391,#2392);
#2391 = CARTESIAN_POINT('',(0.25,-5.75,3.05));
#2392 = VECTOR('',#2393,1.);
#2393 = DIRECTION('',(-1.,1.224646799147E-16,0.));
#2394 = PLANE('',#2395);
#2395 = AXIS2_PLACEMENT_3D('',#2396,#2397,#2398);
#2396 = CARTESIAN_POINT('',(0.25,-5.65,2.95));
#2397 = DIRECTION('',(-8.659560562349E-17,-0.707106781187,
    -0.707106781187));
#2398 = DIRECTION('',(1.,-1.224646799147E-16,2.105272540809E-29));
#2399 = ADVANCED_FACE('',(#2400),#2425,.T.);
#2400 = FACE_BOUND('',#2401,.T.);
#2401 = EDGE_LOOP('',(#2402,#2410,#2411,#2419));
#2402 = ORIENTED_EDGE('',*,*,#2403,.F.);
#2403 = EDGE_CURVE('',#2091,#2404,#2406,.T.);
#2404 = VERTEX_POINT('',#2405);
#2405 = CARTESIAN_POINT('',(2.05,-5.75,3.05));
#2406 = LINE('',#2407,#2408);
#2407 = CARTESIAN_POINT('',(2.183333333333,-5.616666666667,
    2.916666666667));
#2408 = VECTOR('',#2409,1.);
#2409 = DIRECTION('',(-0.57735026919,-0.57735026919,0.57735026919));
#2410 = ORIENTED_EDGE('',*,*,#2090,.T.);
#2411 = ORIENTED_EDGE('',*,*,#2412,.F.);
#2412 = EDGE_CURVE('',#2413,#2093,#2415,.T.);
#2413 = VERTEX_POINT('',#2414);
#2414 = CARTESIAN_POINT('',(2.05,-5.75,3.15));
#2415 = LINE('',#2416,#2417);
#2416 = CARTESIAN_POINT('',(2.1,-5.7,3.2));
#2417 = VECTOR('',#2418,1.);
#2418 = DIRECTION('',(0.57735026919,0.57735026919,0.57735026919));
#2419 = ORIENTED_EDGE('',*,*,#2420,.F.);
#2420 = EDGE_CURVE('',#2404,#2413,#2421,.T.);
#2421 = LINE('',#2422,#2423);
#2422 = CARTESIAN_POINT('',(2.05,-5.75,2.85));
#2423 = VECTOR('',#2424,1.);
#2424 = DIRECTION('',(0.,0.,1.));
#2425 = PLANE('',#2426);
#2426 = AXIS2_PLACEMENT_3D('',#2427,#2428,#2429);
#2427 = CARTESIAN_POINT('',(2.15,-5.65,2.85));
#2428 = DIRECTION('',(0.707106781187,-0.707106781187,-1.735417226644E-18
    ));
#2429 = DIRECTION('',(1.227125289148E-18,-1.227125289148E-18,1.));
#2430 = ADVANCED_FACE('',(#2431),#2449,.T.);
#2431 = FACE_BOUND('',#2432,.F.);
#2432 = EDGE_LOOP('',(#2433,#2434,#2442,#2448));
#2433 = ORIENTED_EDGE('',*,*,#2412,.F.);
#2434 = ORIENTED_EDGE('',*,*,#2435,.T.);
#2435 = EDGE_CURVE('',#2413,#2436,#2438,.T.);
#2436 = VERTEX_POINT('',#2437);
#2437 = CARTESIAN_POINT('',(1.95,-5.75,3.15));
#2438 = LINE('',#2439,#2440);
#2439 = CARTESIAN_POINT('',(2.25,-5.75,3.15));
#2440 = VECTOR('',#2441,1.);
#2441 = DIRECTION('',(-1.,1.224646799147E-16,0.));
#2442 = ORIENTED_EDGE('',*,*,#2443,.F.);
#2443 = EDGE_CURVE('',#2123,#2436,#2444,.T.);
#2444 = LINE('',#2445,#2446);
#2445 = CARTESIAN_POINT('',(1.983333333333,-5.783333333333,
    3.116666666667));
#2446 = VECTOR('',#2447,1.);
#2447 = DIRECTION('',(0.57735026919,-0.57735026919,-0.57735026919));
#2448 = ORIENTED_EDGE('',*,*,#2122,.F.);
#2449 = PLANE('',#2450);
#2450 = AXIS2_PLACEMENT_3D('',#2451,#2452,#2453);
#2451 = CARTESIAN_POINT('',(2.25,-5.65,3.25));
#2452 = DIRECTION('',(-8.659560562349E-17,-0.707106781187,0.707106781187
    ));
#2453 = DIRECTION('',(1.,-1.224646799147E-16,-2.105272540809E-29));
#2454 = ADVANCED_FACE('',(#2455),#2473,.F.);
#2455 = FACE_BOUND('',#2456,.F.);
#2456 = EDGE_LOOP('',(#2457,#2465,#2466,#2467));
#2457 = ORIENTED_EDGE('',*,*,#2458,.F.);
#2458 = EDGE_CURVE('',#2146,#2459,#2461,.T.);
#2459 = VERTEX_POINT('',#2460);
#2460 = CARTESIAN_POINT('',(1.95,-5.75,3.05));
#2461 = LINE('',#2462,#2463);
#2462 = CARTESIAN_POINT('',(1.9,-5.7,3.));
#2463 = VECTOR('',#2464,1.);
#2464 = DIRECTION('',(0.57735026919,-0.57735026919,0.57735026919));
#2465 = ORIENTED_EDGE('',*,*,#2145,.T.);
#2466 = ORIENTED_EDGE('',*,*,#2443,.T.);
#2467 = ORIENTED_EDGE('',*,*,#2468,.F.);
#2468 = EDGE_CURVE('',#2459,#2436,#2469,.T.);
#2469 = LINE('',#2470,#2471);
#2470 = CARTESIAN_POINT('',(1.95,-5.75,2.85));
#2471 = VECTOR('',#2472,1.);
#2472 = DIRECTION('',(0.,0.,1.));
#2473 = PLANE('',#2474);
#2474 = AXIS2_PLACEMENT_3D('',#2475,#2476,#2477);
#2475 = CARTESIAN_POINT('',(1.85,-5.65,2.85));
#2476 = DIRECTION('',(0.707106781187,0.707106781187,1.735417226644E-18)
  );
#2477 = DIRECTION('',(-1.227125289148E-18,-1.227125289148E-18,1.));
#2478 = ADVANCED_FACE('',(#2479),#2490,.T.);
#2479 = FACE_BOUND('',#2480,.F.);
#2480 = EDGE_LOOP('',(#2481,#2482,#2483,#2484));
#2481 = ORIENTED_EDGE('',*,*,#2403,.F.);
#2482 = ORIENTED_EDGE('',*,*,#2172,.T.);
#2483 = ORIENTED_EDGE('',*,*,#2458,.T.);
#2484 = ORIENTED_EDGE('',*,*,#2485,.F.);
#2485 = EDGE_CURVE('',#2404,#2459,#2486,.T.);
#2486 = LINE('',#2487,#2488);
#2487 = CARTESIAN_POINT('',(2.25,-5.75,3.05));
#2488 = VECTOR('',#2489,1.);
#2489 = DIRECTION('',(-1.,1.224646799147E-16,0.));
#2490 = PLANE('',#2491);
#2491 = AXIS2_PLACEMENT_3D('',#2492,#2493,#2494);
#2492 = CARTESIAN_POINT('',(2.25,-5.65,2.95));
#2493 = DIRECTION('',(-8.659560562349E-17,-0.707106781187,
    -0.707106781187));
#2494 = DIRECTION('',(1.,-1.224646799147E-16,2.105272540809E-29));
#2495 = ADVANCED_FACE('',(#2496),#2587,.F.);
#2496 = FACE_BOUND('',#2497,.F.);
#2497 = EDGE_LOOP('',(#2498,#2499,#2507,#2516,#2524,#2532,#2540,#2548,
    #2556,#2564,#2572,#2581));
#2498 = ORIENTED_EDGE('',*,*,#2192,.F.);
#2499 = ORIENTED_EDGE('',*,*,#2500,.T.);
#2500 = EDGE_CURVE('',#2193,#2501,#2503,.T.);
#2501 = VERTEX_POINT('',#2502);
#2502 = CARTESIAN_POINT('',(2.25,-0.3,3.35));
#2503 = LINE('',#2504,#2505);
#2504 = CARTESIAN_POINT('',(2.25,-5.75,3.35));
#2505 = VECTOR('',#2506,1.);
#2506 = DIRECTION('',(1.224646799147E-16,1.,0.));
#2507 = ORIENTED_EDGE('',*,*,#2508,.T.);
#2508 = EDGE_CURVE('',#2501,#2509,#2511,.T.);
#2509 = VERTEX_POINT('',#2510);
#2510 = CARTESIAN_POINT('',(2.25,0.25,2.8));
#2511 = CIRCLE('',#2512,0.55);
#2512 = AXIS2_PLACEMENT_3D('',#2513,#2514,#2515);
#2513 = CARTESIAN_POINT('',(2.25,-0.3,2.8));
#2514 = DIRECTION('',(-1.,1.224646799147E-16,0.));
#2515 = DIRECTION('',(0.,0.,1.));
#2516 = ORIENTED_EDGE('',*,*,#2517,.T.);
#2517 = EDGE_CURVE('',#2509,#2518,#2520,.T.);
#2518 = VERTEX_POINT('',#2519);
#2519 = CARTESIAN_POINT('',(2.25,0.25,-0.9));
#2520 = LINE('',#2521,#2522);
#2521 = CARTESIAN_POINT('',(2.25,0.25,3.35));
#2522 = VECTOR('',#2523,1.);
#2523 = DIRECTION('',(-0.,0.,-1.));
#2524 = ORIENTED_EDGE('',*,*,#2525,.T.);
#2525 = EDGE_CURVE('',#2518,#2526,#2528,.T.);
#2526 = VERTEX_POINT('',#2527);
#2527 = CARTESIAN_POINT('',(2.25,-5.E-02,-1.5));
#2528 = LINE('',#2529,#2530);
#2529 = CARTESIAN_POINT('',(2.25,0.25,-0.9));
#2530 = VECTOR('',#2531,1.);
#2531 = DIRECTION('',(-5.476786982641E-17,-0.4472135955,-0.894427191));
#2532 = ORIENTED_EDGE('',*,*,#2533,.T.);
#2533 = EDGE_CURVE('',#2526,#2534,#2536,.T.);
#2534 = VERTEX_POINT('',#2535);
#2535 = CARTESIAN_POINT('',(2.25,0.218421052632,-3.2));
#2536 = LINE('',#2537,#2538);
#2537 = CARTESIAN_POINT('',(2.25,-5.E-02,-1.5));
#2538 = VECTOR('',#2539,1.);
#2539 = DIRECTION('',(1.909990663905E-17,0.155962573473,-0.987762965329)
  );
#2540 = ORIENTED_EDGE('',*,*,#2541,.T.);
#2541 = EDGE_CURVE('',#2534,#2542,#2544,.T.);
#2542 = VERTEX_POINT('',#2543);
#2543 = CARTESIAN_POINT('',(2.25,-0.281578947368,-3.2));
#2544 = LINE('',#2545,#2546);
#2545 = CARTESIAN_POINT('',(2.25,0.25,-3.2));
#2546 = VECTOR('',#2547,1.);
#2547 = DIRECTION('',(-1.224646799147E-16,-1.,0.));
#2548 = ORIENTED_EDGE('',*,*,#2549,.T.);
#2549 = EDGE_CURVE('',#2542,#2550,#2552,.T.);
#2550 = VERTEX_POINT('',#2551);
#2551 = CARTESIAN_POINT('',(2.25,-0.55,-1.5));
#2552 = LINE('',#2553,#2554);
#2553 = CARTESIAN_POINT('',(2.25,-0.25,-3.4));
#2554 = VECTOR('',#2555,1.);
#2555 = DIRECTION('',(-1.909990663905E-17,-0.155962573473,0.987762965329
    ));
#2556 = ORIENTED_EDGE('',*,*,#2557,.T.);
#2557 = EDGE_CURVE('',#2550,#2558,#2560,.T.);
#2558 = VERTEX_POINT('',#2559);
#2559 = CARTESIAN_POINT('',(2.25,-0.25,-0.9));
#2560 = LINE('',#2561,#2562);
#2561 = CARTESIAN_POINT('',(2.25,-0.55,-1.5));
#2562 = VECTOR('',#2563,1.);
#2563 = DIRECTION('',(5.476786982641E-17,0.4472135955,0.894427191));
#2564 = ORIENTED_EDGE('',*,*,#2565,.T.);
#2565 = EDGE_CURVE('',#2558,#2566,#2568,.T.);
#2566 = VERTEX_POINT('',#2567);
#2567 = CARTESIAN_POINT('',(2.25,-0.25,2.8));
#2568 = LINE('',#2569,#2570);
#2569 = CARTESIAN_POINT('',(2.25,-0.25,-0.9));
#2570 = VECTOR('',#2571,1.);
#2571 = DIRECTION('',(0.,0.,1.));
#2572 = ORIENTED_EDGE('',*,*,#2573,.F.);
#2573 = EDGE_CURVE('',#2574,#2566,#2576,.T.);
#2574 = VERTEX_POINT('',#2575);
#2575 = CARTESIAN_POINT('',(2.25,-0.3,2.85));
#2576 = CIRCLE('',#2577,5.E-02);
#2577 = AXIS2_PLACEMENT_3D('',#2578,#2579,#2580);
#2578 = CARTESIAN_POINT('',(2.25,-0.3,2.8));
#2579 = DIRECTION('',(-1.,1.224646799147E-16,0.));
#2580 = DIRECTION('',(0.,0.,1.));
#2581 = ORIENTED_EDGE('',*,*,#2582,.T.);
#2582 = EDGE_CURVE('',#2574,#2195,#2583,.T.);
#2583 = LINE('',#2584,#2585);
#2584 = CARTESIAN_POINT('',(2.25,-0.25,2.85));
#2585 = VECTOR('',#2586,1.);
#2586 = DIRECTION('',(-1.224646799147E-16,-1.,0.));
#2587 = PLANE('',#2588);
#2588 = AXIS2_PLACEMENT_3D('',#2589,#2590,#2591);
#2589 = CARTESIAN_POINT('',(2.25,-1.421959173294,1.302213422577));
#2590 = DIRECTION('',(-1.,1.224646799147E-16,0.));
#2591 = DIRECTION('',(0.,0.,1.));
#2592 = ADVANCED_FACE('',(#2593),#2611,.F.);
#2593 = FACE_BOUND('',#2594,.F.);
#2594 = EDGE_LOOP('',(#2595,#2596,#2597,#2605));
#2595 = ORIENTED_EDGE('',*,*,#2500,.F.);
#2596 = ORIENTED_EDGE('',*,*,#2218,.F.);
#2597 = ORIENTED_EDGE('',*,*,#2598,.T.);
#2598 = EDGE_CURVE('',#2211,#2599,#2601,.T.);
#2599 = VERTEX_POINT('',#2600);
#2600 = CARTESIAN_POINT('',(1.75,-0.3,3.35));
#2601 = LINE('',#2602,#2603);
#2602 = CARTESIAN_POINT('',(1.75,-5.75,3.35));
#2603 = VECTOR('',#2604,1.);
#2604 = DIRECTION('',(1.224646799147E-16,1.,0.));
#2605 = ORIENTED_EDGE('',*,*,#2606,.F.);
#2606 = EDGE_CURVE('',#2501,#2599,#2607,.T.);
#2607 = LINE('',#2608,#2609);
#2608 = CARTESIAN_POINT('',(2.25,-0.3,3.35));
#2609 = VECTOR('',#2610,1.);
#2610 = DIRECTION('',(-1.,1.224646799147E-16,0.));
#2611 = PLANE('',#2612);
#2612 = AXIS2_PLACEMENT_3D('',#2613,#2614,#2615);
#2613 = CARTESIAN_POINT('',(2.25,-5.75,3.35));
#2614 = DIRECTION('',(-0.,0.,-1.));
#2615 = DIRECTION('',(1.224646799147E-16,1.,0.));
#2616 = ADVANCED_FACE('',(#2617),#2701,.T.);
#2617 = FACE_BOUND('',#2618,.T.);
#2618 = EDGE_LOOP('',(#2619,#2620,#2621,#2630,#2638,#2646,#2654,#2662,
    #2670,#2678,#2686,#2695));
#2619 = ORIENTED_EDGE('',*,*,#2210,.F.);
#2620 = ORIENTED_EDGE('',*,*,#2598,.T.);
#2621 = ORIENTED_EDGE('',*,*,#2622,.T.);
#2622 = EDGE_CURVE('',#2599,#2623,#2625,.T.);
#2623 = VERTEX_POINT('',#2624);
#2624 = CARTESIAN_POINT('',(1.75,0.25,2.8));
#2625 = CIRCLE('',#2626,0.55);
#2626 = AXIS2_PLACEMENT_3D('',#2627,#2628,#2629);
#2627 = CARTESIAN_POINT('',(1.75,-0.3,2.8));
#2628 = DIRECTION('',(-1.,1.224646799147E-16,0.));
#2629 = DIRECTION('',(0.,0.,1.));
#2630 = ORIENTED_EDGE('',*,*,#2631,.T.);
#2631 = EDGE_CURVE('',#2623,#2632,#2634,.T.);
#2632 = VERTEX_POINT('',#2633);
#2633 = CARTESIAN_POINT('',(1.75,0.25,-0.9));
#2634 = LINE('',#2635,#2636);
#2635 = CARTESIAN_POINT('',(1.75,0.25,3.35));
#2636 = VECTOR('',#2637,1.);
#2637 = DIRECTION('',(-0.,0.,-1.));
#2638 = ORIENTED_EDGE('',*,*,#2639,.T.);
#2639 = EDGE_CURVE('',#2632,#2640,#2642,.T.);
#2640 = VERTEX_POINT('',#2641);
#2641 = CARTESIAN_POINT('',(1.75,-5.E-02,-1.5));
#2642 = LINE('',#2643,#2644);
#2643 = CARTESIAN_POINT('',(1.75,0.25,-0.9));
#2644 = VECTOR('',#2645,1.);
#2645 = DIRECTION('',(-5.476786982641E-17,-0.4472135955,-0.894427191));
#2646 = ORIENTED_EDGE('',*,*,#2647,.T.);
#2647 = EDGE_CURVE('',#2640,#2648,#2650,.T.);
#2648 = VERTEX_POINT('',#2649);
#2649 = CARTESIAN_POINT('',(1.75,0.218421052632,-3.2));
#2650 = LINE('',#2651,#2652);
#2651 = CARTESIAN_POINT('',(1.75,-5.E-02,-1.5));
#2652 = VECTOR('',#2653,1.);
#2653 = DIRECTION('',(1.909990663905E-17,0.155962573473,-0.987762965329)
  );
#2654 = ORIENTED_EDGE('',*,*,#2655,.T.);
#2655 = EDGE_CURVE('',#2648,#2656,#2658,.T.);
#2656 = VERTEX_POINT('',#2657);
#2657 = CARTESIAN_POINT('',(1.75,-0.281578947368,-3.2));
#2658 = LINE('',#2659,#2660);
#2659 = CARTESIAN_POINT('',(1.75,0.25,-3.2));
#2660 = VECTOR('',#2661,1.);
#2661 = DIRECTION('',(-1.224646799147E-16,-1.,0.));
#2662 = ORIENTED_EDGE('',*,*,#2663,.T.);
#2663 = EDGE_CURVE('',#2656,#2664,#2666,.T.);
#2664 = VERTEX_POINT('',#2665);
#2665 = CARTESIAN_POINT('',(1.75,-0.55,-1.5));
#2666 = LINE('',#2667,#2668);
#2667 = CARTESIAN_POINT('',(1.75,-0.25,-3.4));
#2668 = VECTOR('',#2669,1.);
#2669 = DIRECTION('',(-1.909990663905E-17,-0.155962573473,0.987762965329
    ));
#2670 = ORIENTED_EDGE('',*,*,#2671,.T.);
#2671 = EDGE_CURVE('',#2664,#2672,#2674,.T.);
#2672 = VERTEX_POINT('',#2673);
#2673 = CARTESIAN_POINT('',(1.75,-0.25,-0.9));
#2674 = LINE('',#2675,#2676);
#2675 = CARTESIAN_POINT('',(1.75,-0.55,-1.5));
#2676 = VECTOR('',#2677,1.);
#2677 = DIRECTION('',(5.476786982641E-17,0.4472135955,0.894427191));
#2678 = ORIENTED_EDGE('',*,*,#2679,.T.);
#2679 = EDGE_CURVE('',#2672,#2680,#2682,.T.);
#2680 = VERTEX_POINT('',#2681);
#2681 = CARTESIAN_POINT('',(1.75,-0.25,2.8));
#2682 = LINE('',#2683,#2684);
#2683 = CARTESIAN_POINT('',(1.75,-0.25,-0.9));
#2684 = VECTOR('',#2685,1.);
#2685 = DIRECTION('',(0.,0.,1.));
#2686 = ORIENTED_EDGE('',*,*,#2687,.F.);
#2687 = EDGE_CURVE('',#2688,#2680,#2690,.T.);
#2688 = VERTEX_POINT('',#2689);
#2689 = CARTESIAN_POINT('',(1.75,-0.3,2.85));
#2690 = CIRCLE('',#2691,5.E-02);
#2691 = AXIS2_PLACEMENT_3D('',#2692,#2693,#2694);
#2692 = CARTESIAN_POINT('',(1.75,-0.3,2.8));
#2693 = DIRECTION('',(-1.,1.224646799147E-16,0.));
#2694 = DIRECTION('',(0.,0.,1.));
#2695 = ORIENTED_EDGE('',*,*,#2696,.T.);
#2696 = EDGE_CURVE('',#2688,#2203,#2697,.T.);
#2697 = LINE('',#2698,#2699);
#2698 = CARTESIAN_POINT('',(1.75,-0.25,2.85));
#2699 = VECTOR('',#2700,1.);
#2700 = DIRECTION('',(-1.224646799147E-16,-1.,0.));
#2701 = PLANE('',#2702);
#2702 = AXIS2_PLACEMENT_3D('',#2703,#2704,#2705);
#2703 = CARTESIAN_POINT('',(1.75,-1.421959173294,1.302213422577));
#2704 = DIRECTION('',(-1.,1.224646799147E-16,0.));
#2705 = DIRECTION('',(0.,0.,1.));
#2706 = ADVANCED_FACE('',(#2707),#2718,.F.);
#2707 = FACE_BOUND('',#2708,.F.);
#2708 = EDGE_LOOP('',(#2709,#2710,#2716,#2717));
#2709 = ORIENTED_EDGE('',*,*,#2582,.F.);
#2710 = ORIENTED_EDGE('',*,*,#2711,.T.);
#2711 = EDGE_CURVE('',#2574,#2688,#2712,.T.);
#2712 = LINE('',#2713,#2714);
#2713 = CARTESIAN_POINT('',(2.25,-0.3,2.85));
#2714 = VECTOR('',#2715,1.);
#2715 = DIRECTION('',(-1.,1.224646799147E-16,0.));
#2716 = ORIENTED_EDGE('',*,*,#2696,.T.);
#2717 = ORIENTED_EDGE('',*,*,#2202,.F.);
#2718 = PLANE('',#2719);
#2719 = AXIS2_PLACEMENT_3D('',#2720,#2721,#2722);
#2720 = CARTESIAN_POINT('',(2.25,-0.25,2.85));
#2721 = DIRECTION('',(0.,0.,1.));
#2722 = DIRECTION('',(-1.224646799147E-16,-1.,0.));
#2723 = ADVANCED_FACE('',(#2724),#2815,.F.);
#2724 = FACE_BOUND('',#2725,.F.);
#2725 = EDGE_LOOP('',(#2726,#2727,#2735,#2744,#2752,#2760,#2768,#2776,
    #2784,#2792,#2800,#2809));
#2726 = ORIENTED_EDGE('',*,*,#2238,.F.);
#2727 = ORIENTED_EDGE('',*,*,#2728,.T.);
#2728 = EDGE_CURVE('',#2239,#2729,#2731,.T.);
#2729 = VERTEX_POINT('',#2730);
#2730 = CARTESIAN_POINT('',(0.25,-0.3,3.35));
#2731 = LINE('',#2732,#2733);
#2732 = CARTESIAN_POINT('',(0.25,-5.75,3.35));
#2733 = VECTOR('',#2734,1.);
#2734 = DIRECTION('',(1.224646799147E-16,1.,0.));
#2735 = ORIENTED_EDGE('',*,*,#2736,.T.);
#2736 = EDGE_CURVE('',#2729,#2737,#2739,.T.);
#2737 = VERTEX_POINT('',#2738);
#2738 = CARTESIAN_POINT('',(0.25,0.25,2.8));
#2739 = CIRCLE('',#2740,0.55);
#2740 = AXIS2_PLACEMENT_3D('',#2741,#2742,#2743);
#2741 = CARTESIAN_POINT('',(0.25,-0.3,2.8));
#2742 = DIRECTION('',(-1.,1.224646799147E-16,0.));
#2743 = DIRECTION('',(0.,0.,1.));
#2744 = ORIENTED_EDGE('',*,*,#2745,.T.);
#2745 = EDGE_CURVE('',#2737,#2746,#2748,.T.);
#2746 = VERTEX_POINT('',#2747);
#2747 = CARTESIAN_POINT('',(0.25,0.25,-0.9));
#2748 = LINE('',#2749,#2750);
#2749 = CARTESIAN_POINT('',(0.25,0.25,3.35));
#2750 = VECTOR('',#2751,1.);
#2751 = DIRECTION('',(-0.,0.,-1.));
#2752 = ORIENTED_EDGE('',*,*,#2753,.T.);
#2753 = EDGE_CURVE('',#2746,#2754,#2756,.T.);
#2754 = VERTEX_POINT('',#2755);
#2755 = CARTESIAN_POINT('',(0.25,-5.E-02,-1.5));
#2756 = LINE('',#2757,#2758);
#2757 = CARTESIAN_POINT('',(0.25,0.25,-0.9));
#2758 = VECTOR('',#2759,1.);
#2759 = DIRECTION('',(-5.476786982641E-17,-0.4472135955,-0.894427191));
#2760 = ORIENTED_EDGE('',*,*,#2761,.T.);
#2761 = EDGE_CURVE('',#2754,#2762,#2764,.T.);
#2762 = VERTEX_POINT('',#2763);
#2763 = CARTESIAN_POINT('',(0.25,0.218421052632,-3.2));
#2764 = LINE('',#2765,#2766);
#2765 = CARTESIAN_POINT('',(0.25,-5.E-02,-1.5));
#2766 = VECTOR('',#2767,1.);
#2767 = DIRECTION('',(1.909990663905E-17,0.155962573473,-0.987762965329)
  );
#2768 = ORIENTED_EDGE('',*,*,#2769,.T.);
#2769 = EDGE_CURVE('',#2762,#2770,#2772,.T.);
#2770 = VERTEX_POINT('',#2771);
#2771 = CARTESIAN_POINT('',(0.25,-0.281578947368,-3.2));
#2772 = LINE('',#2773,#2774);
#2773 = CARTESIAN_POINT('',(0.25,0.25,-3.2));
#2774 = VECTOR('',#2775,1.);
#2775 = DIRECTION('',(-1.224646799147E-16,-1.,0.));
#2776 = ORIENTED_EDGE('',*,*,#2777,.T.);
#2777 = EDGE_CURVE('',#2770,#2778,#2780,.T.);
#2778 = VERTEX_POINT('',#2779);
#2779 = CARTESIAN_POINT('',(0.25,-0.55,-1.5));
#2780 = LINE('',#2781,#2782);
#2781 = CARTESIAN_POINT('',(0.25,-0.25,-3.4));
#2782 = VECTOR('',#2783,1.);
#2783 = DIRECTION('',(-1.909990663905E-17,-0.155962573473,0.987762965329
    ));
#2784 = ORIENTED_EDGE('',*,*,#2785,.T.);
#2785 = EDGE_CURVE('',#2778,#2786,#2788,.T.);
#2786 = VERTEX_POINT('',#2787);
#2787 = CARTESIAN_POINT('',(0.25,-0.25,-0.9));
#2788 = LINE('',#2789,#2790);
#2789 = CARTESIAN_POINT('',(0.25,-0.55,-1.5));
#2790 = VECTOR('',#2791,1.);
#2791 = DIRECTION('',(5.476786982641E-17,0.4472135955,0.894427191));
#2792 = ORIENTED_EDGE('',*,*,#2793,.T.);
#2793 = EDGE_CURVE('',#2786,#2794,#2796,.T.);
#2794 = VERTEX_POINT('',#2795);
#2795 = CARTESIAN_POINT('',(0.25,-0.25,2.8));
#2796 = LINE('',#2797,#2798);
#2797 = CARTESIAN_POINT('',(0.25,-0.25,-0.9));
#2798 = VECTOR('',#2799,1.);
#2799 = DIRECTION('',(0.,0.,1.));
#2800 = ORIENTED_EDGE('',*,*,#2801,.F.);
#2801 = EDGE_CURVE('',#2802,#2794,#2804,.T.);
#2802 = VERTEX_POINT('',#2803);
#2803 = CARTESIAN_POINT('',(0.25,-0.3,2.85));
#2804 = CIRCLE('',#2805,5.E-02);
#2805 = AXIS2_PLACEMENT_3D('',#2806,#2807,#2808);
#2806 = CARTESIAN_POINT('',(0.25,-0.3,2.8));
#2807 = DIRECTION('',(-1.,1.224646799147E-16,0.));
#2808 = DIRECTION('',(0.,0.,1.));
#2809 = ORIENTED_EDGE('',*,*,#2810,.T.);
#2810 = EDGE_CURVE('',#2802,#2241,#2811,.T.);
#2811 = LINE('',#2812,#2813);
#2812 = CARTESIAN_POINT('',(0.25,-0.25,2.85));
#2813 = VECTOR('',#2814,1.);
#2814 = DIRECTION('',(-1.224646799147E-16,-1.,0.));
#2815 = PLANE('',#2816);
#2816 = AXIS2_PLACEMENT_3D('',#2817,#2818,#2819);
#2817 = CARTESIAN_POINT('',(0.25,-1.421959173294,1.302213422577));
#2818 = DIRECTION('',(-1.,1.224646799147E-16,0.));
#2819 = DIRECTION('',(0.,0.,1.));
#2820 = ADVANCED_FACE('',(#2821),#2839,.F.);
#2821 = FACE_BOUND('',#2822,.F.);
#2822 = EDGE_LOOP('',(#2823,#2824,#2825,#2833));
#2823 = ORIENTED_EDGE('',*,*,#2728,.F.);
#2824 = ORIENTED_EDGE('',*,*,#2264,.F.);
#2825 = ORIENTED_EDGE('',*,*,#2826,.T.);
#2826 = EDGE_CURVE('',#2257,#2827,#2829,.T.);
#2827 = VERTEX_POINT('',#2828);
#2828 = CARTESIAN_POINT('',(-0.25,-0.3,3.35));
#2829 = LINE('',#2830,#2831);
#2830 = CARTESIAN_POINT('',(-0.25,-5.75,3.35));
#2831 = VECTOR('',#2832,1.);
#2832 = DIRECTION('',(1.224646799147E-16,1.,0.));
#2833 = ORIENTED_EDGE('',*,*,#2834,.F.);
#2834 = EDGE_CURVE('',#2729,#2827,#2835,.T.);
#2835 = LINE('',#2836,#2837);
#2836 = CARTESIAN_POINT('',(0.25,-0.3,3.35));
#2837 = VECTOR('',#2838,1.);
#2838 = DIRECTION('',(-1.,1.224646799147E-16,0.));
#2839 = PLANE('',#2840);
#2840 = AXIS2_PLACEMENT_3D('',#2841,#2842,#2843);
#2841 = CARTESIAN_POINT('',(0.25,-5.75,3.35));
#2842 = DIRECTION('',(-0.,0.,-1.));
#2843 = DIRECTION('',(1.224646799147E-16,1.,0.));
#2844 = ADVANCED_FACE('',(#2845),#2929,.T.);
#2845 = FACE_BOUND('',#2846,.T.);
#2846 = EDGE_LOOP('',(#2847,#2848,#2849,#2858,#2866,#2874,#2882,#2890,
    #2898,#2906,#2914,#2923));
#2847 = ORIENTED_EDGE('',*,*,#2256,.F.);
#2848 = ORIENTED_EDGE('',*,*,#2826,.T.);
#2849 = ORIENTED_EDGE('',*,*,#2850,.T.);
#2850 = EDGE_CURVE('',#2827,#2851,#2853,.T.);
#2851 = VERTEX_POINT('',#2852);
#2852 = CARTESIAN_POINT('',(-0.25,0.25,2.8));
#2853 = CIRCLE('',#2854,0.55);
#2854 = AXIS2_PLACEMENT_3D('',#2855,#2856,#2857);
#2855 = CARTESIAN_POINT('',(-0.25,-0.3,2.8));
#2856 = DIRECTION('',(-1.,1.224646799147E-16,0.));
#2857 = DIRECTION('',(0.,0.,1.));
#2858 = ORIENTED_EDGE('',*,*,#2859,.T.);
#2859 = EDGE_CURVE('',#2851,#2860,#2862,.T.);
#2860 = VERTEX_POINT('',#2861);
#2861 = CARTESIAN_POINT('',(-0.25,0.25,-0.9));
#2862 = LINE('',#2863,#2864);
#2863 = CARTESIAN_POINT('',(-0.25,0.25,3.35));
#2864 = VECTOR('',#2865,1.);
#2865 = DIRECTION('',(-0.,0.,-1.));
#2866 = ORIENTED_EDGE('',*,*,#2867,.T.);
#2867 = EDGE_CURVE('',#2860,#2868,#2870,.T.);
#2868 = VERTEX_POINT('',#2869);
#2869 = CARTESIAN_POINT('',(-0.25,-5.E-02,-1.5));
#2870 = LINE('',#2871,#2872);
#2871 = CARTESIAN_POINT('',(-0.25,0.25,-0.9));
#2872 = VECTOR('',#2873,1.);
#2873 = DIRECTION('',(-5.476786982641E-17,-0.4472135955,-0.894427191));
#2874 = ORIENTED_EDGE('',*,*,#2875,.T.);
#2875 = EDGE_CURVE('',#2868,#2876,#2878,.T.);
#2876 = VERTEX_POINT('',#2877);
#2877 = CARTESIAN_POINT('',(-0.25,0.218421052632,-3.2));
#2878 = LINE('',#2879,#2880);
#2879 = CARTESIAN_POINT('',(-0.25,-5.E-02,-1.5));
#2880 = VECTOR('',#2881,1.);
#2881 = DIRECTION('',(1.909990663905E-17,0.155962573473,-0.987762965329)
  );
#2882 = ORIENTED_EDGE('',*,*,#2883,.T.);
#2883 = EDGE_CURVE('',#2876,#2884,#2886,.T.);
#2884 = VERTEX_POINT('',#2885);
#2885 = CARTESIAN_POINT('',(-0.25,-0.281578947368,-3.2));
#2886 = LINE('',#2887,#2888);
#2887 = CARTESIAN_POINT('',(-0.25,0.25,-3.2));
#2888 = VECTOR('',#2889,1.);
#2889 = DIRECTION('',(-1.224646799147E-16,-1.,0.));
#2890 = ORIENTED_EDGE('',*,*,#2891,.T.);
#2891 = EDGE_CURVE('',#2884,#2892,#2894,.T.);
#2892 = VERTEX_POINT('',#2893);
#2893 = CARTESIAN_POINT('',(-0.25,-0.55,-1.5));
#2894 = LINE('',#2895,#2896);
#2895 = CARTESIAN_POINT('',(-0.25,-0.25,-3.4));
#2896 = VECTOR('',#2897,1.);
#2897 = DIRECTION('',(-1.909990663905E-17,-0.155962573473,0.987762965329
    ));
#2898 = ORIENTED_EDGE('',*,*,#2899,.T.);
#2899 = EDGE_CURVE('',#2892,#2900,#2902,.T.);
#2900 = VERTEX_POINT('',#2901);
#2901 = CARTESIAN_POINT('',(-0.25,-0.25,-0.9));
#2902 = LINE('',#2903,#2904);
#2903 = CARTESIAN_POINT('',(-0.25,-0.55,-1.5));
#2904 = VECTOR('',#2905,1.);
#2905 = DIRECTION('',(5.476786982641E-17,0.4472135955,0.894427191));
#2906 = ORIENTED_EDGE('',*,*,#2907,.T.);
#2907 = EDGE_CURVE('',#2900,#2908,#2910,.T.);
#2908 = VERTEX_POINT('',#2909);
#2909 = CARTESIAN_POINT('',(-0.25,-0.25,2.8));
#2910 = LINE('',#2911,#2912);
#2911 = CARTESIAN_POINT('',(-0.25,-0.25,-0.9));
#2912 = VECTOR('',#2913,1.);
#2913 = DIRECTION('',(0.,0.,1.));
#2914 = ORIENTED_EDGE('',*,*,#2915,.F.);
#2915 = EDGE_CURVE('',#2916,#2908,#2918,.T.);
#2916 = VERTEX_POINT('',#2917);
#2917 = CARTESIAN_POINT('',(-0.25,-0.3,2.85));
#2918 = CIRCLE('',#2919,5.E-02);
#2919 = AXIS2_PLACEMENT_3D('',#2920,#2921,#2922);
#2920 = CARTESIAN_POINT('',(-0.25,-0.3,2.8));
#2921 = DIRECTION('',(-1.,1.224646799147E-16,0.));
#2922 = DIRECTION('',(0.,0.,1.));
#2923 = ORIENTED_EDGE('',*,*,#2924,.T.);
#2924 = EDGE_CURVE('',#2916,#2249,#2925,.T.);
#2925 = LINE('',#2926,#2927);
#2926 = CARTESIAN_POINT('',(-0.25,-0.25,2.85));
#2927 = VECTOR('',#2928,1.);
#2928 = DIRECTION('',(-1.224646799147E-16,-1.,0.));
#2929 = PLANE('',#2930);
#2930 = AXIS2_PLACEMENT_3D('',#2931,#2932,#2933);
#2931 = CARTESIAN_POINT('',(-0.25,-1.421959173294,1.302213422577));
#2932 = DIRECTION('',(-1.,1.224646799147E-16,0.));
#2933 = DIRECTION('',(0.,0.,1.));
#2934 = ADVANCED_FACE('',(#2935),#2946,.F.);
#2935 = FACE_BOUND('',#2936,.F.);
#2936 = EDGE_LOOP('',(#2937,#2938,#2944,#2945));
#2937 = ORIENTED_EDGE('',*,*,#2810,.F.);
#2938 = ORIENTED_EDGE('',*,*,#2939,.T.);
#2939 = EDGE_CURVE('',#2802,#2916,#2940,.T.);
#2940 = LINE('',#2941,#2942);
#2941 = CARTESIAN_POINT('',(0.25,-0.3,2.85));
#2942 = VECTOR('',#2943,1.);
#2943 = DIRECTION('',(-1.,1.224646799147E-16,0.));
#2944 = ORIENTED_EDGE('',*,*,#2924,.T.);
#2945 = ORIENTED_EDGE('',*,*,#2248,.F.);
#2946 = PLANE('',#2947);
#2947 = AXIS2_PLACEMENT_3D('',#2948,#2949,#2950);
#2948 = CARTESIAN_POINT('',(0.25,-0.25,2.85));
#2949 = DIRECTION('',(0.,0.,1.));
#2950 = DIRECTION('',(-1.224646799147E-16,-1.,0.));
#2951 = ADVANCED_FACE('',(#2952),#2958,.F.);
#2952 = FACE_BOUND('',#2953,.F.);
#2953 = EDGE_LOOP('',(#2954,#2955,#2956,#2957));
#2954 = ORIENTED_EDGE('',*,*,#2389,.T.);
#2955 = ORIENTED_EDGE('',*,*,#2372,.T.);
#2956 = ORIENTED_EDGE('',*,*,#2339,.F.);
#2957 = ORIENTED_EDGE('',*,*,#2324,.F.);
#2958 = PLANE('',#2959);
#2959 = AXIS2_PLACEMENT_3D('',#2960,#2961,#2962);
#2960 = CARTESIAN_POINT('',(0.25,-5.75,2.85));
#2961 = DIRECTION('',(1.224646799147E-16,1.,0.));
#2962 = DIRECTION('',(0.,-0.,1.));
#2963 = ADVANCED_FACE('',(#2964),#2970,.F.);
#2964 = FACE_BOUND('',#2965,.F.);
#2965 = EDGE_LOOP('',(#2966,#2967,#2968,#2969));
#2966 = ORIENTED_EDGE('',*,*,#2485,.T.);
#2967 = ORIENTED_EDGE('',*,*,#2468,.T.);
#2968 = ORIENTED_EDGE('',*,*,#2435,.F.);
#2969 = ORIENTED_EDGE('',*,*,#2420,.F.);
#2970 = PLANE('',#2971);
#2971 = AXIS2_PLACEMENT_3D('',#2972,#2973,#2974);
#2972 = CARTESIAN_POINT('',(2.25,-5.75,2.85));
#2973 = DIRECTION('',(1.224646799147E-16,1.,0.));
#2974 = DIRECTION('',(0.,-0.,1.));
#2975 = ADVANCED_FACE('',(#2976),#2987,.F.);
#2976 = FACE_BOUND('',#2977,.F.);
#2977 = EDGE_LOOP('',(#2978,#2979,#2985,#2986));
#2978 = ORIENTED_EDGE('',*,*,#2573,.T.);
#2979 = ORIENTED_EDGE('',*,*,#2980,.T.);
#2980 = EDGE_CURVE('',#2566,#2680,#2981,.T.);
#2981 = LINE('',#2982,#2983);
#2982 = CARTESIAN_POINT('',(2.25,-0.25,2.8));
#2983 = VECTOR('',#2984,1.);
#2984 = DIRECTION('',(-1.,1.224646799147E-16,0.));
#2985 = ORIENTED_EDGE('',*,*,#2687,.F.);
#2986 = ORIENTED_EDGE('',*,*,#2711,.F.);
#2987 = CYLINDRICAL_SURFACE('',#2988,5.E-02);
#2988 = AXIS2_PLACEMENT_3D('',#2989,#2990,#2991);
#2989 = CARTESIAN_POINT('',(2.25,-0.3,2.8));
#2990 = DIRECTION('',(-1.,1.224646799147E-16,0.));
#2991 = DIRECTION('',(0.,0.,1.));
#2992 = ADVANCED_FACE('',(#2993),#3004,.F.);
#2993 = FACE_BOUND('',#2994,.F.);
#2994 = EDGE_LOOP('',(#2995,#2996,#3002,#3003));
#2995 = ORIENTED_EDGE('',*,*,#2565,.F.);
#2996 = ORIENTED_EDGE('',*,*,#2997,.T.);
#2997 = EDGE_CURVE('',#2558,#2672,#2998,.T.);
#2998 = LINE('',#2999,#3000);
#2999 = CARTESIAN_POINT('',(2.25,-0.25,-0.9));
#3000 = VECTOR('',#3001,1.);
#3001 = DIRECTION('',(-1.,1.224646799147E-16,0.));
#3002 = ORIENTED_EDGE('',*,*,#2679,.T.);
#3003 = ORIENTED_EDGE('',*,*,#2980,.F.);
#3004 = PLANE('',#3005);
#3005 = AXIS2_PLACEMENT_3D('',#3006,#3007,#3008);
#3006 = CARTESIAN_POINT('',(2.25,-0.25,-0.9));
#3007 = DIRECTION('',(1.224646799147E-16,1.,0.));
#3008 = DIRECTION('',(0.,-0.,1.));
#3009 = ADVANCED_FACE('',(#3010),#3021,.F.);
#3010 = FACE_BOUND('',#3011,.F.);
#3011 = EDGE_LOOP('',(#3012,#3018,#3019,#3020));
#3012 = ORIENTED_EDGE('',*,*,#3013,.T.);
#3013 = EDGE_CURVE('',#2550,#2664,#3014,.T.);
#3014 = LINE('',#3015,#3016);
#3015 = CARTESIAN_POINT('',(2.25,-0.55,-1.5));
#3016 = VECTOR('',#3017,1.);
#3017 = DIRECTION('',(-1.,1.224646799147E-16,0.));
#3018 = ORIENTED_EDGE('',*,*,#2671,.T.);
#3019 = ORIENTED_EDGE('',*,*,#2997,.F.);
#3020 = ORIENTED_EDGE('',*,*,#2557,.F.);
#3021 = PLANE('',#3022);
#3022 = AXIS2_PLACEMENT_3D('',#3023,#3024,#3025);
#3023 = CARTESIAN_POINT('',(2.25,-0.55,-1.5));
#3024 = DIRECTION('',(1.095357396528E-16,0.894427191,-0.4472135955));
#3025 = DIRECTION('',(5.476786982641E-17,0.4472135955,0.894427191));
#3026 = ADVANCED_FACE('',(#3027),#3054,.F.);
#3027 = FACE_BOUND('',#3028,.F.);
#3028 = EDGE_LOOP('',(#3029,#3030,#3038,#3046,#3052,#3053));
#3029 = ORIENTED_EDGE('',*,*,#2549,.F.);
#3030 = ORIENTED_EDGE('',*,*,#3031,.F.);
#3031 = EDGE_CURVE('',#3032,#2542,#3034,.T.);
#3032 = VERTEX_POINT('',#3033);
#3033 = CARTESIAN_POINT('',(2.247552593066,-0.281192514695,
    -3.202447406934));
#3034 = LINE('',#3035,#3036);
#3035 = CARTESIAN_POINT('',(2.1292749658,-0.262517099863,-3.3207250342)
  );
#3036 = VECTOR('',#3037,1.);
#3037 = DIRECTION('',(0.702740385383,-0.110959008218,0.702740385383));
#3038 = ORIENTED_EDGE('',*,*,#3039,.T.);
#3039 = EDGE_CURVE('',#3032,#3040,#3042,.T.);
#3040 = VERTEX_POINT('',#3041);
#3041 = CARTESIAN_POINT('',(1.752447406934,-0.281192514695,
    -3.202447406934));
#3042 = LINE('',#3043,#3044);
#3043 = CARTESIAN_POINT('',(2.25,-0.281192514695,-3.202447406934));
#3044 = VECTOR('',#3045,1.);
#3045 = DIRECTION('',(-1.,1.224646799147E-16,0.));
#3046 = ORIENTED_EDGE('',*,*,#3047,.T.);
#3047 = EDGE_CURVE('',#3040,#2656,#3048,.T.);
#3048 = LINE('',#3049,#3050);
#3049 = CARTESIAN_POINT('',(1.994186046512,-0.243023255814,
    -3.444186046512));
#3050 = VECTOR('',#3051,1.);
#3051 = DIRECTION('',(-0.702740385383,-0.110959008218,0.702740385383));
#3052 = ORIENTED_EDGE('',*,*,#2663,.T.);
#3053 = ORIENTED_EDGE('',*,*,#3013,.F.);
#3054 = PLANE('',#3055);
#3055 = AXIS2_PLACEMENT_3D('',#3056,#3057,#3058);
#3056 = CARTESIAN_POINT('',(2.25,-0.25,-3.4));
#3057 = DIRECTION('',(1.209660753807E-16,0.987762965329,0.155962573473)
  );
#3058 = DIRECTION('',(-1.909990663905E-17,-0.155962573473,0.987762965329
    ));
#3059 = ADVANCED_FACE('',(#3060),#3094,.T.);
#3060 = FACE_BOUND('',#3061,.F.);
#3061 = EDGE_LOOP('',(#3062,#3070,#3071,#3072,#3080,#3088));
#3062 = ORIENTED_EDGE('',*,*,#3063,.T.);
#3063 = EDGE_CURVE('',#3064,#3032,#3066,.T.);
#3064 = VERTEX_POINT('',#3065);
#3065 = CARTESIAN_POINT('',(2.05,-5.E-02,-3.4));
#3066 = LINE('',#3067,#3068);
#3067 = CARTESIAN_POINT('',(2.09198936903,-9.913946036316E-02,
    -3.35801063097));
#3068 = VECTOR('',#3069,1.);
#3069 = DIRECTION('',(0.544770019249,-0.63753529491,0.544770019249));
#3070 = ORIENTED_EDGE('',*,*,#3031,.T.);
#3071 = ORIENTED_EDGE('',*,*,#2541,.F.);
#3072 = ORIENTED_EDGE('',*,*,#3073,.F.);
#3073 = EDGE_CURVE('',#3074,#2534,#3076,.T.);
#3074 = VERTEX_POINT('',#3075);
#3075 = CARTESIAN_POINT('',(2.247552593066,0.218807485305,
    -3.202447406934));
#3076 = LINE('',#3077,#3078);
#3077 = CARTESIAN_POINT('',(2.629616963064,0.158481532148,
    -2.820383036936));
#3078 = VECTOR('',#3079,1.);
#3079 = DIRECTION('',(0.702740385383,-0.110959008218,0.702740385383));
#3080 = ORIENTED_EDGE('',*,*,#3081,.F.);
#3081 = EDGE_CURVE('',#3082,#3074,#3084,.T.);
#3082 = VERTEX_POINT('',#3083);
#3083 = CARTESIAN_POINT('',(2.05,5.E-02,-3.4));
#3084 = LINE('',#3085,#3086);
#3085 = CARTESIAN_POINT('',(2.185852405654,0.166085051658,
    -3.264147594346));
#3086 = VECTOR('',#3087,1.);
#3087 = DIRECTION('',(0.605209817607,0.517148096144,0.605209817607));
#3088 = ORIENTED_EDGE('',*,*,#3089,.T.);
#3089 = EDGE_CURVE('',#3082,#3064,#3090,.T.);
#3090 = LINE('',#3091,#3092);
#3091 = CARTESIAN_POINT('',(2.05,0.25,-3.4));
#3092 = VECTOR('',#3093,1.);
#3093 = DIRECTION('',(-1.224646799147E-16,-1.,0.));
#3094 = PLANE('',#3095);
#3095 = AXIS2_PLACEMENT_3D('',#3096,#3097,#3098);
#3096 = CARTESIAN_POINT('',(2.15,0.25,-3.3));
#3097 = DIRECTION('',(0.707106781187,-8.486018839685E-17,-0.707106781187
    ));
#3098 = DIRECTION('',(1.212375546256E-16,1.,1.227125289196E-18));
#3099 = ADVANCED_FACE('',(#3100),#3125,.F.);
#3100 = FACE_BOUND('',#3101,.F.);
#3101 = EDGE_LOOP('',(#3102,#3103,#3109,#3110,#3118,#3124));
#3102 = ORIENTED_EDGE('',*,*,#2533,.F.);
#3103 = ORIENTED_EDGE('',*,*,#3104,.T.);
#3104 = EDGE_CURVE('',#2526,#2640,#3105,.T.);
#3105 = LINE('',#3106,#3107);
#3106 = CARTESIAN_POINT('',(2.25,-5.E-02,-1.5));
#3107 = VECTOR('',#3108,1.);
#3108 = DIRECTION('',(-1.,1.224646799147E-16,0.));
#3109 = ORIENTED_EDGE('',*,*,#2647,.T.);
#3110 = ORIENTED_EDGE('',*,*,#3111,.F.);
#3111 = EDGE_CURVE('',#3112,#2648,#3114,.T.);
#3112 = VERTEX_POINT('',#3113);
#3113 = CARTESIAN_POINT('',(1.752447406934,0.218807485305,
    -3.202447406934));
#3114 = LINE('',#3115,#3116);
#3115 = CARTESIAN_POINT('',(1.493844049248,0.177975376197,
    -2.943844049248));
#3116 = VECTOR('',#3117,1.);
#3117 = DIRECTION('',(-0.702740385383,-0.110959008218,0.702740385383));
#3118 = ORIENTED_EDGE('',*,*,#3119,.F.);
#3119 = EDGE_CURVE('',#3074,#3112,#3120,.T.);
#3120 = LINE('',#3121,#3122);
#3121 = CARTESIAN_POINT('',(2.25,0.218807485305,-3.202447406934));
#3122 = VECTOR('',#3123,1.);
#3123 = DIRECTION('',(-1.,1.224646799147E-16,0.));
#3124 = ORIENTED_EDGE('',*,*,#3073,.T.);
#3125 = PLANE('',#3126);
#3126 = AXIS2_PLACEMENT_3D('',#3127,#3128,#3129);
#3127 = CARTESIAN_POINT('',(2.25,-5.E-02,-1.5));
#3128 = DIRECTION('',(-1.209660753807E-16,-0.987762965329,
    -0.155962573473));
#3129 = DIRECTION('',(1.909990663905E-17,0.155962573473,-0.987762965329)
  );
#3130 = ADVANCED_FACE('',(#3131),#3142,.F.);
#3131 = FACE_BOUND('',#3132,.F.);
#3132 = EDGE_LOOP('',(#3133,#3139,#3140,#3141));
#3133 = ORIENTED_EDGE('',*,*,#3134,.T.);
#3134 = EDGE_CURVE('',#2518,#2632,#3135,.T.);
#3135 = LINE('',#3136,#3137);
#3136 = CARTESIAN_POINT('',(2.25,0.25,-0.9));
#3137 = VECTOR('',#3138,1.);
#3138 = DIRECTION('',(-1.,1.224646799147E-16,0.));
#3139 = ORIENTED_EDGE('',*,*,#2639,.T.);
#3140 = ORIENTED_EDGE('',*,*,#3104,.F.);
#3141 = ORIENTED_EDGE('',*,*,#2525,.F.);
#3142 = PLANE('',#3143);
#3143 = AXIS2_PLACEMENT_3D('',#3144,#3145,#3146);
#3144 = CARTESIAN_POINT('',(2.25,0.25,-0.9));
#3145 = DIRECTION('',(-1.095357396528E-16,-0.894427191,0.4472135955));
#3146 = DIRECTION('',(-5.476786982641E-17,-0.4472135955,-0.894427191));
#3147 = ADVANCED_FACE('',(#3148),#3159,.F.);
#3148 = FACE_BOUND('',#3149,.F.);
#3149 = EDGE_LOOP('',(#3150,#3151,#3157,#3158));
#3150 = ORIENTED_EDGE('',*,*,#2517,.F.);
#3151 = ORIENTED_EDGE('',*,*,#3152,.T.);
#3152 = EDGE_CURVE('',#2509,#2623,#3153,.T.);
#3153 = LINE('',#3154,#3155);
#3154 = CARTESIAN_POINT('',(2.25,0.25,2.8));
#3155 = VECTOR('',#3156,1.);
#3156 = DIRECTION('',(-1.,1.224646799147E-16,0.));
#3157 = ORIENTED_EDGE('',*,*,#2631,.T.);
#3158 = ORIENTED_EDGE('',*,*,#3134,.F.);
#3159 = PLANE('',#3160);
#3160 = AXIS2_PLACEMENT_3D('',#3161,#3162,#3163);
#3161 = CARTESIAN_POINT('',(2.25,0.25,3.35));
#3162 = DIRECTION('',(-1.224646799147E-16,-1.,0.));
#3163 = DIRECTION('',(-0.,0.,-1.));
#3164 = ADVANCED_FACE('',(#3165),#3171,.T.);
#3165 = FACE_BOUND('',#3166,.T.);
#3166 = EDGE_LOOP('',(#3167,#3168,#3169,#3170));
#3167 = ORIENTED_EDGE('',*,*,#2508,.T.);
#3168 = ORIENTED_EDGE('',*,*,#3152,.T.);
#3169 = ORIENTED_EDGE('',*,*,#2622,.F.);
#3170 = ORIENTED_EDGE('',*,*,#2606,.F.);
#3171 = CYLINDRICAL_SURFACE('',#3172,0.55);
#3172 = AXIS2_PLACEMENT_3D('',#3173,#3174,#3175);
#3173 = CARTESIAN_POINT('',(2.25,-0.3,2.8));
#3174 = DIRECTION('',(-1.,1.224646799147E-16,0.));
#3175 = DIRECTION('',(0.,0.,1.));
#3176 = ADVANCED_FACE('',(#3177),#3204,.F.);
#3177 = FACE_BOUND('',#3178,.T.);
#3178 = EDGE_LOOP('',(#3179,#3187,#3188,#3189,#3190,#3198));
#3179 = ORIENTED_EDGE('',*,*,#3180,.T.);
#3180 = EDGE_CURVE('',#3181,#3040,#3183,.T.);
#3181 = VERTEX_POINT('',#3182);
#3182 = CARTESIAN_POINT('',(1.95,-5.E-02,-3.4));
#3183 = LINE('',#3184,#3185);
#3184 = CARTESIAN_POINT('',(1.982204224438,-1.231193164325E-02,
    -3.432204224438));
#3185 = VECTOR('',#3186,1.);
#3186 = DIRECTION('',(-0.544770019249,-0.63753529491,0.544770019249));
#3187 = ORIENTED_EDGE('',*,*,#3047,.T.);
#3188 = ORIENTED_EDGE('',*,*,#2655,.F.);
#3189 = ORIENTED_EDGE('',*,*,#3111,.F.);
#3190 = ORIENTED_EDGE('',*,*,#3191,.F.);
#3191 = EDGE_CURVE('',#3192,#3112,#3194,.T.);
#3192 = VERTEX_POINT('',#3193);
#3193 = CARTESIAN_POINT('',(1.95,5.E-02,-3.4));
#3194 = LINE('',#3195,#3196);
#3195 = CARTESIAN_POINT('',(1.905717325178,8.783927542193E-02,
    -3.355717325178));
#3196 = VECTOR('',#3197,1.);
#3197 = DIRECTION('',(-0.605209817607,0.517148096144,0.605209817607));
#3198 = ORIENTED_EDGE('',*,*,#3199,.T.);
#3199 = EDGE_CURVE('',#3192,#3181,#3200,.T.);
#3200 = LINE('',#3201,#3202);
#3201 = CARTESIAN_POINT('',(1.95,0.25,-3.4));
#3202 = VECTOR('',#3203,1.);
#3203 = DIRECTION('',(-1.224646799147E-16,-1.,0.));
#3204 = PLANE('',#3205);
#3205 = AXIS2_PLACEMENT_3D('',#3206,#3207,#3208);
#3206 = CARTESIAN_POINT('',(1.85,0.25,-3.3));
#3207 = DIRECTION('',(0.707106781187,-8.833102285013E-17,0.707106781187)
  );
#3208 = DIRECTION('',(1.236918052038E-16,1.,1.227125289097E-18));
#3209 = ADVANCED_FACE('',(#3210),#3221,.F.);
#3210 = FACE_BOUND('',#3211,.F.);
#3211 = EDGE_LOOP('',(#3212,#3213,#3219,#3220));
#3212 = ORIENTED_EDGE('',*,*,#2801,.T.);
#3213 = ORIENTED_EDGE('',*,*,#3214,.T.);
#3214 = EDGE_CURVE('',#2794,#2908,#3215,.T.);
#3215 = LINE('',#3216,#3217);
#3216 = CARTESIAN_POINT('',(0.25,-0.25,2.8));
#3217 = VECTOR('',#3218,1.);
#3218 = DIRECTION('',(-1.,1.224646799147E-16,0.));
#3219 = ORIENTED_EDGE('',*,*,#2915,.F.);
#3220 = ORIENTED_EDGE('',*,*,#2939,.F.);
#3221 = CYLINDRICAL_SURFACE('',#3222,5.E-02);
#3222 = AXIS2_PLACEMENT_3D('',#3223,#3224,#3225);
#3223 = CARTESIAN_POINT('',(0.25,-0.3,2.8));
#3224 = DIRECTION('',(-1.,1.224646799147E-16,0.));
#3225 = DIRECTION('',(0.,0.,1.));
#3226 = ADVANCED_FACE('',(#3227),#3238,.F.);
#3227 = FACE_BOUND('',#3228,.F.);
#3228 = EDGE_LOOP('',(#3229,#3230,#3236,#3237));
#3229 = ORIENTED_EDGE('',*,*,#2793,.F.);
#3230 = ORIENTED_EDGE('',*,*,#3231,.T.);
#3231 = EDGE_CURVE('',#2786,#2900,#3232,.T.);
#3232 = LINE('',#3233,#3234);
#3233 = CARTESIAN_POINT('',(0.25,-0.25,-0.9));
#3234 = VECTOR('',#3235,1.);
#3235 = DIRECTION('',(-1.,1.224646799147E-16,0.));
#3236 = ORIENTED_EDGE('',*,*,#2907,.T.);
#3237 = ORIENTED_EDGE('',*,*,#3214,.F.);
#3238 = PLANE('',#3239);
#3239 = AXIS2_PLACEMENT_3D('',#3240,#3241,#3242);
#3240 = CARTESIAN_POINT('',(0.25,-0.25,-0.9));
#3241 = DIRECTION('',(1.224646799147E-16,1.,0.));
#3242 = DIRECTION('',(0.,-0.,1.));
#3243 = ADVANCED_FACE('',(#3244),#3255,.F.);
#3244 = FACE_BOUND('',#3245,.F.);
#3245 = EDGE_LOOP('',(#3246,#3252,#3253,#3254));
#3246 = ORIENTED_EDGE('',*,*,#3247,.T.);
#3247 = EDGE_CURVE('',#2778,#2892,#3248,.T.);
#3248 = LINE('',#3249,#3250);
#3249 = CARTESIAN_POINT('',(0.25,-0.55,-1.5));
#3250 = VECTOR('',#3251,1.);
#3251 = DIRECTION('',(-1.,1.224646799147E-16,0.));
#3252 = ORIENTED_EDGE('',*,*,#2899,.T.);
#3253 = ORIENTED_EDGE('',*,*,#3231,.F.);
#3254 = ORIENTED_EDGE('',*,*,#2785,.F.);
#3255 = PLANE('',#3256);
#3256 = AXIS2_PLACEMENT_3D('',#3257,#3258,#3259);
#3257 = CARTESIAN_POINT('',(0.25,-0.55,-1.5));
#3258 = DIRECTION('',(1.095357396528E-16,0.894427191,-0.4472135955));
#3259 = DIRECTION('',(5.476786982641E-17,0.4472135955,0.894427191));
#3260 = ADVANCED_FACE('',(#3261),#3288,.F.);
#3261 = FACE_BOUND('',#3262,.F.);
#3262 = EDGE_LOOP('',(#3263,#3264,#3272,#3280,#3286,#3287));
#3263 = ORIENTED_EDGE('',*,*,#2777,.F.);
#3264 = ORIENTED_EDGE('',*,*,#3265,.F.);
#3265 = EDGE_CURVE('',#3266,#2770,#3268,.T.);
#3266 = VERTEX_POINT('',#3267);
#3267 = CARTESIAN_POINT('',(0.247552593066,-0.281192514695,
    -3.202447406934));
#3268 = LINE('',#3269,#3270);
#3269 = CARTESIAN_POINT('',(0.1292749658,-0.262517099863,-3.3207250342)
  );
#3270 = VECTOR('',#3271,1.);
#3271 = DIRECTION('',(0.702740385383,-0.110959008218,0.702740385383));
#3272 = ORIENTED_EDGE('',*,*,#3273,.T.);
#3273 = EDGE_CURVE('',#3266,#3274,#3276,.T.);
#3274 = VERTEX_POINT('',#3275);
#3275 = CARTESIAN_POINT('',(-0.247552593066,-0.281192514695,
    -3.202447406934));
#3276 = LINE('',#3277,#3278);
#3277 = CARTESIAN_POINT('',(0.25,-0.281192514695,-3.202447406934));
#3278 = VECTOR('',#3279,1.);
#3279 = DIRECTION('',(-1.,1.224646799147E-16,0.));
#3280 = ORIENTED_EDGE('',*,*,#3281,.T.);
#3281 = EDGE_CURVE('',#3274,#2884,#3282,.T.);
#3282 = LINE('',#3283,#3284);
#3283 = CARTESIAN_POINT('',(-5.813953488372E-03,-0.243023255814,
    -3.444186046512));
#3284 = VECTOR('',#3285,1.);
#3285 = DIRECTION('',(-0.702740385383,-0.110959008218,0.702740385383));
#3286 = ORIENTED_EDGE('',*,*,#2891,.T.);
#3287 = ORIENTED_EDGE('',*,*,#3247,.F.);
#3288 = PLANE('',#3289);
#3289 = AXIS2_PLACEMENT_3D('',#3290,#3291,#3292);
#3290 = CARTESIAN_POINT('',(0.25,-0.25,-3.4));
#3291 = DIRECTION('',(1.209660753807E-16,0.987762965329,0.155962573473)
  );
#3292 = DIRECTION('',(-1.909990663905E-17,-0.155962573473,0.987762965329
    ));
#3293 = ADVANCED_FACE('',(#3294),#3328,.T.);
#3294 = FACE_BOUND('',#3295,.F.);
#3295 = EDGE_LOOP('',(#3296,#3304,#3305,#3306,#3314,#3322));
#3296 = ORIENTED_EDGE('',*,*,#3297,.T.);
#3297 = EDGE_CURVE('',#3298,#3266,#3300,.T.);
#3298 = VERTEX_POINT('',#3299);
#3299 = CARTESIAN_POINT('',(5.E-02,-5.E-02,-3.4));
#3300 = LINE('',#3301,#3302);
#3301 = CARTESIAN_POINT('',(9.198936903048E-02,-9.913946036316E-02,
    -3.35801063097));
#3302 = VECTOR('',#3303,1.);
#3303 = DIRECTION('',(0.544770019249,-0.63753529491,0.544770019249));
#3304 = ORIENTED_EDGE('',*,*,#3265,.T.);
#3305 = ORIENTED_EDGE('',*,*,#2769,.F.);
#3306 = ORIENTED_EDGE('',*,*,#3307,.F.);
#3307 = EDGE_CURVE('',#3308,#2762,#3310,.T.);
#3308 = VERTEX_POINT('',#3309);
#3309 = CARTESIAN_POINT('',(0.247552593066,0.218807485305,
    -3.202447406934));
#3310 = LINE('',#3311,#3312);
#3311 = CARTESIAN_POINT('',(0.629616963064,0.158481532148,
    -2.820383036936));
#3312 = VECTOR('',#3313,1.);
#3313 = DIRECTION('',(0.702740385383,-0.110959008218,0.702740385383));
#3314 = ORIENTED_EDGE('',*,*,#3315,.F.);
#3315 = EDGE_CURVE('',#3316,#3308,#3318,.T.);
#3316 = VERTEX_POINT('',#3317);
#3317 = CARTESIAN_POINT('',(5.E-02,5.E-02,-3.4));
#3318 = LINE('',#3319,#3320);
#3319 = CARTESIAN_POINT('',(0.185852405654,0.166085051658,
    -3.264147594346));
#3320 = VECTOR('',#3321,1.);
#3321 = DIRECTION('',(0.605209817607,0.517148096144,0.605209817607));
#3322 = ORIENTED_EDGE('',*,*,#3323,.T.);
#3323 = EDGE_CURVE('',#3316,#3298,#3324,.T.);
#3324 = LINE('',#3325,#3326);
#3325 = CARTESIAN_POINT('',(5.E-02,0.25,-3.4));
#3326 = VECTOR('',#3327,1.);
#3327 = DIRECTION('',(-1.224646799147E-16,-1.,0.));
#3328 = PLANE('',#3329);
#3329 = AXIS2_PLACEMENT_3D('',#3330,#3331,#3332);
#3330 = CARTESIAN_POINT('',(0.15,0.25,-3.3));
#3331 = DIRECTION('',(0.707106781187,-8.486018839685E-17,-0.707106781187
    ));
#3332 = DIRECTION('',(1.212375546256E-16,1.,1.227125289196E-18));
#3333 = ADVANCED_FACE('',(#3334),#3359,.F.);
#3334 = FACE_BOUND('',#3335,.F.);
#3335 = EDGE_LOOP('',(#3336,#3337,#3343,#3344,#3352,#3358));
#3336 = ORIENTED_EDGE('',*,*,#2761,.F.);
#3337 = ORIENTED_EDGE('',*,*,#3338,.T.);
#3338 = EDGE_CURVE('',#2754,#2868,#3339,.T.);
#3339 = LINE('',#3340,#3341);
#3340 = CARTESIAN_POINT('',(0.25,-5.E-02,-1.5));
#3341 = VECTOR('',#3342,1.);
#3342 = DIRECTION('',(-1.,1.224646799147E-16,0.));
#3343 = ORIENTED_EDGE('',*,*,#2875,.T.);
#3344 = ORIENTED_EDGE('',*,*,#3345,.F.);
#3345 = EDGE_CURVE('',#3346,#2876,#3348,.T.);
#3346 = VERTEX_POINT('',#3347);
#3347 = CARTESIAN_POINT('',(-0.247552593066,0.218807485305,
    -3.202447406934));
#3348 = LINE('',#3349,#3350);
#3349 = CARTESIAN_POINT('',(-0.506155950752,0.177975376197,
    -2.943844049248));
#3350 = VECTOR('',#3351,1.);
#3351 = DIRECTION('',(-0.702740385383,-0.110959008218,0.702740385383));
#3352 = ORIENTED_EDGE('',*,*,#3353,.F.);
#3353 = EDGE_CURVE('',#3308,#3346,#3354,.T.);
#3354 = LINE('',#3355,#3356);
#3355 = CARTESIAN_POINT('',(0.25,0.218807485305,-3.202447406934));
#3356 = VECTOR('',#3357,1.);
#3357 = DIRECTION('',(-1.,1.224646799147E-16,0.));
#3358 = ORIENTED_EDGE('',*,*,#3307,.T.);
#3359 = PLANE('',#3360);
#3360 = AXIS2_PLACEMENT_3D('',#3361,#3362,#3363);
#3361 = CARTESIAN_POINT('',(0.25,-5.E-02,-1.5));
#3362 = DIRECTION('',(-1.209660753807E-16,-0.987762965329,
    -0.155962573473));
#3363 = DIRECTION('',(1.909990663905E-17,0.155962573473,-0.987762965329)
  );
#3364 = ADVANCED_FACE('',(#3365),#3376,.F.);
#3365 = FACE_BOUND('',#3366,.F.);
#3366 = EDGE_LOOP('',(#3367,#3373,#3374,#3375));
#3367 = ORIENTED_EDGE('',*,*,#3368,.T.);
#3368 = EDGE_CURVE('',#2746,#2860,#3369,.T.);
#3369 = LINE('',#3370,#3371);
#3370 = CARTESIAN_POINT('',(0.25,0.25,-0.9));
#3371 = VECTOR('',#3372,1.);
#3372 = DIRECTION('',(-1.,1.224646799147E-16,0.));
#3373 = ORIENTED_EDGE('',*,*,#2867,.T.);
#3374 = ORIENTED_EDGE('',*,*,#3338,.F.);
#3375 = ORIENTED_EDGE('',*,*,#2753,.F.);
#3376 = PLANE('',#3377);
#3377 = AXIS2_PLACEMENT_3D('',#3378,#3379,#3380);
#3378 = CARTESIAN_POINT('',(0.25,0.25,-0.9));
#3379 = DIRECTION('',(-1.095357396528E-16,-0.894427191,0.4472135955));
#3380 = DIRECTION('',(-5.476786982641E-17,-0.4472135955,-0.894427191));
#3381 = ADVANCED_FACE('',(#3382),#3393,.F.);
#3382 = FACE_BOUND('',#3383,.F.);
#3383 = EDGE_LOOP('',(#3384,#3385,#3391,#3392));
#3384 = ORIENTED_EDGE('',*,*,#2745,.F.);
#3385 = ORIENTED_EDGE('',*,*,#3386,.T.);
#3386 = EDGE_CURVE('',#2737,#2851,#3387,.T.);
#3387 = LINE('',#3388,#3389);
#3388 = CARTESIAN_POINT('',(0.25,0.25,2.8));
#3389 = VECTOR('',#3390,1.);
#3390 = DIRECTION('',(-1.,1.224646799147E-16,0.));
#3391 = ORIENTED_EDGE('',*,*,#2859,.T.);
#3392 = ORIENTED_EDGE('',*,*,#3368,.F.);
#3393 = PLANE('',#3394);
#3394 = AXIS2_PLACEMENT_3D('',#3395,#3396,#3397);
#3395 = CARTESIAN_POINT('',(0.25,0.25,3.35));
#3396 = DIRECTION('',(-1.224646799147E-16,-1.,0.));
#3397 = DIRECTION('',(-0.,0.,-1.));
#3398 = ADVANCED_FACE('',(#3399),#3405,.T.);
#3399 = FACE_BOUND('',#3400,.T.);
#3400 = EDGE_LOOP('',(#3401,#3402,#3403,#3404));
#3401 = ORIENTED_EDGE('',*,*,#2736,.T.);
#3402 = ORIENTED_EDGE('',*,*,#3386,.T.);
#3403 = ORIENTED_EDGE('',*,*,#2850,.F.);
#3404 = ORIENTED_EDGE('',*,*,#2834,.F.);
#3405 = CYLINDRICAL_SURFACE('',#3406,0.55);
#3406 = AXIS2_PLACEMENT_3D('',#3407,#3408,#3409);
#3407 = CARTESIAN_POINT('',(0.25,-0.3,2.8));
#3408 = DIRECTION('',(-1.,1.224646799147E-16,0.));
#3409 = DIRECTION('',(0.,0.,1.));
#3410 = ADVANCED_FACE('',(#3411),#3438,.F.);
#3411 = FACE_BOUND('',#3412,.T.);
#3412 = EDGE_LOOP('',(#3413,#3421,#3422,#3423,#3424,#3432));
#3413 = ORIENTED_EDGE('',*,*,#3414,.T.);
#3414 = EDGE_CURVE('',#3415,#3274,#3417,.T.);
#3415 = VERTEX_POINT('',#3416);
#3416 = CARTESIAN_POINT('',(-5.E-02,-5.E-02,-3.4));
#3417 = LINE('',#3418,#3419);
#3418 = CARTESIAN_POINT('',(-1.77957755624E-02,-1.231193164325E-02,
    -3.432204224438));
#3419 = VECTOR('',#3420,1.);
#3420 = DIRECTION('',(-0.544770019249,-0.63753529491,0.544770019249));
#3421 = ORIENTED_EDGE('',*,*,#3281,.T.);
#3422 = ORIENTED_EDGE('',*,*,#2883,.F.);
#3423 = ORIENTED_EDGE('',*,*,#3345,.F.);
#3424 = ORIENTED_EDGE('',*,*,#3425,.F.);
#3425 = EDGE_CURVE('',#3426,#3346,#3428,.T.);
#3426 = VERTEX_POINT('',#3427);
#3427 = CARTESIAN_POINT('',(-5.E-02,5.E-02,-3.4));
#3428 = LINE('',#3429,#3430);
#3429 = CARTESIAN_POINT('',(-9.428267482221E-02,8.783927542193E-02,
    -3.355717325178));
#3430 = VECTOR('',#3431,1.);
#3431 = DIRECTION('',(-0.605209817607,0.517148096144,0.605209817607));
#3432 = ORIENTED_EDGE('',*,*,#3433,.T.);
#3433 = EDGE_CURVE('',#3426,#3415,#3434,.T.);
#3434 = LINE('',#3435,#3436);
#3435 = CARTESIAN_POINT('',(-5.E-02,0.25,-3.4));
#3436 = VECTOR('',#3437,1.);
#3437 = DIRECTION('',(-1.224646799147E-16,-1.,0.));
#3438 = PLANE('',#3439);
#3439 = AXIS2_PLACEMENT_3D('',#3440,#3441,#3442);
#3440 = CARTESIAN_POINT('',(-0.15,0.25,-3.3));
#3441 = DIRECTION('',(0.707106781187,-8.833102285013E-17,0.707106781187)
  );
#3442 = DIRECTION('',(1.236918052038E-16,1.,1.227125289097E-18));
#3443 = ADVANCED_FACE('',(#3444),#3455,.T.);
#3444 = FACE_BOUND('',#3445,.F.);
#3445 = EDGE_LOOP('',(#3446,#3447,#3453,#3454));
#3446 = ORIENTED_EDGE('',*,*,#3063,.F.);
#3447 = ORIENTED_EDGE('',*,*,#3448,.T.);
#3448 = EDGE_CURVE('',#3064,#3181,#3449,.T.);
#3449 = LINE('',#3450,#3451);
#3450 = CARTESIAN_POINT('',(2.25,-5.E-02,-3.4));
#3451 = VECTOR('',#3452,1.);
#3452 = DIRECTION('',(-1.,1.224646799147E-16,0.));
#3453 = ORIENTED_EDGE('',*,*,#3180,.T.);
#3454 = ORIENTED_EDGE('',*,*,#3039,.F.);
#3455 = PLANE('',#3456);
#3456 = AXIS2_PLACEMENT_3D('',#3457,#3458,#3459);
#3457 = CARTESIAN_POINT('',(2.25,-0.165596257347,-3.301223703467));
#3458 = DIRECTION('',(-8.302774088379E-17,-0.64962967394,-0.760250805153
    ));
#3459 = DIRECTION('',(1.,-1.247195775152E-16,-2.638869166629E-18));
#3460 = ADVANCED_FACE('',(#3461),#3472,.F.);
#3461 = FACE_BOUND('',#3462,.F.);
#3462 = EDGE_LOOP('',(#3463,#3464,#3465,#3471));
#3463 = ORIENTED_EDGE('',*,*,#3448,.F.);
#3464 = ORIENTED_EDGE('',*,*,#3089,.F.);
#3465 = ORIENTED_EDGE('',*,*,#3466,.T.);
#3466 = EDGE_CURVE('',#3082,#3192,#3467,.T.);
#3467 = LINE('',#3468,#3469);
#3468 = CARTESIAN_POINT('',(2.25,5.E-02,-3.4));
#3469 = VECTOR('',#3470,1.);
#3470 = DIRECTION('',(-1.,1.224646799147E-16,0.));
#3471 = ORIENTED_EDGE('',*,*,#3199,.T.);
#3472 = PLANE('',#3473);
#3473 = AXIS2_PLACEMENT_3D('',#3474,#3475,#3476);
#3474 = CARTESIAN_POINT('',(2.25,0.25,-3.4));
#3475 = DIRECTION('',(0.,0.,1.));
#3476 = DIRECTION('',(-1.224646799147E-16,-1.,0.));
#3477 = ADVANCED_FACE('',(#3478),#3484,.T.);
#3478 = FACE_BOUND('',#3479,.T.);
#3479 = EDGE_LOOP('',(#3480,#3481,#3482,#3483));
#3480 = ORIENTED_EDGE('',*,*,#3081,.F.);
#3481 = ORIENTED_EDGE('',*,*,#3466,.T.);
#3482 = ORIENTED_EDGE('',*,*,#3191,.T.);
#3483 = ORIENTED_EDGE('',*,*,#3119,.F.);
#3484 = PLANE('',#3485);
#3485 = AXIS2_PLACEMENT_3D('',#3486,#3487,#3488);
#3486 = CARTESIAN_POINT('',(2.25,0.134403742653,-3.301223703467));
#3487 = DIRECTION('',(9.136856246232E-17,0.760250805153,-0.64962967394)
  );
#3488 = DIRECTION('',(-1.,1.211454098155E-16,1.127308249542E-18));
#3489 = ADVANCED_FACE('',(#3490),#3501,.T.);
#3490 = FACE_BOUND('',#3491,.F.);
#3491 = EDGE_LOOP('',(#3492,#3493,#3499,#3500));
#3492 = ORIENTED_EDGE('',*,*,#3297,.F.);
#3493 = ORIENTED_EDGE('',*,*,#3494,.T.);
#3494 = EDGE_CURVE('',#3298,#3415,#3495,.T.);
#3495 = LINE('',#3496,#3497);
#3496 = CARTESIAN_POINT('',(0.25,-5.E-02,-3.4));
#3497 = VECTOR('',#3498,1.);
#3498 = DIRECTION('',(-1.,1.224646799147E-16,0.));
#3499 = ORIENTED_EDGE('',*,*,#3414,.T.);
#3500 = ORIENTED_EDGE('',*,*,#3273,.F.);
#3501 = PLANE('',#3502);
#3502 = AXIS2_PLACEMENT_3D('',#3503,#3504,#3505);
#3503 = CARTESIAN_POINT('',(0.25,-0.165596257347,-3.301223703467));
#3504 = DIRECTION('',(-8.302774088379E-17,-0.64962967394,-0.760250805153
    ));
#3505 = DIRECTION('',(1.,-1.247195775152E-16,-2.638869166629E-18));
#3506 = ADVANCED_FACE('',(#3507),#3518,.F.);
#3507 = FACE_BOUND('',#3508,.F.);
#3508 = EDGE_LOOP('',(#3509,#3510,#3511,#3517));
#3509 = ORIENTED_EDGE('',*,*,#3494,.F.);
#3510 = ORIENTED_EDGE('',*,*,#3323,.F.);
#3511 = ORIENTED_EDGE('',*,*,#3512,.T.);
#3512 = EDGE_CURVE('',#3316,#3426,#3513,.T.);
#3513 = LINE('',#3514,#3515);
#3514 = CARTESIAN_POINT('',(0.25,5.E-02,-3.4));
#3515 = VECTOR('',#3516,1.);
#3516 = DIRECTION('',(-1.,1.224646799147E-16,0.));
#3517 = ORIENTED_EDGE('',*,*,#3433,.T.);
#3518 = PLANE('',#3519);
#3519 = AXIS2_PLACEMENT_3D('',#3520,#3521,#3522);
#3520 = CARTESIAN_POINT('',(0.25,0.25,-3.4));
#3521 = DIRECTION('',(0.,0.,1.));
#3522 = DIRECTION('',(-1.224646799147E-16,-1.,0.));
#3523 = ADVANCED_FACE('',(#3524),#3530,.T.);
#3524 = FACE_BOUND('',#3525,.T.);
#3525 = EDGE_LOOP('',(#3526,#3527,#3528,#3529));
#3526 = ORIENTED_EDGE('',*,*,#3315,.F.);
#3527 = ORIENTED_EDGE('',*,*,#3512,.T.);
#3528 = ORIENTED_EDGE('',*,*,#3425,.T.);
#3529 = ORIENTED_EDGE('',*,*,#3353,.F.);
#3530 = PLANE('',#3531);
#3531 = AXIS2_PLACEMENT_3D('',#3532,#3533,#3534);
#3532 = CARTESIAN_POINT('',(0.25,0.134403742653,-3.301223703467));
#3533 = DIRECTION('',(9.136856246232E-17,0.760250805153,-0.64962967394)
  );
#3534 = DIRECTION('',(-1.,1.211454098155E-16,1.127308249542E-18));
#3535 = ( GEOMETRIC_REPRESENTATION_CONTEXT(3) 
GLOBAL_UNCERTAINTY_ASSIGNED_CONTEXT((#3539)) 
GLOBAL_UNIT_ASSIGNED_CONTEXT((#3536,#3537,#3538)) REPRESENTATION_CONTEXT
('Context #1','3D Context with UNIT and UNCERTAINTY') );
#3536 = ( LENGTH_UNIT() NAMED_UNIT(*) SI_UNIT(.MILLI.,.METRE.) );
#3537 = ( NAMED_UNIT(*) PLANE_ANGLE_UNIT() SI_UNIT($,.RADIAN.) );
#3538 = ( NAMED_UNIT(*) SI_UNIT($,.STERADIAN.) SOLID_ANGLE_UNIT() );
#3539 = UNCERTAINTY_MEASURE_WITH_UNIT(LENGTH_MEASURE(1.E-07),#3536,
  'distance_accuracy_value','confusion accuracy');
#3540 = CONTEXT_DEPENDENT_SHAPE_REPRESENTATION(#3541,#3543);
#3541 = ( REPRESENTATION_RELATIONSHIP('','',#40,#10) 
REPRESENTATION_RELATIONSHIP_WITH_TRANSFORMATION(#3542) 
SHAPE_REPRESENTATION_RELATIONSHIP() );
#3542 = ITEM_DEFINED_TRANSFORMATION('','',#11,#15);
#3543 = PRODUCT_DEFINITION_SHAPE('Placement','Placement of an item',
  #3544);
#3544 = NEXT_ASSEMBLY_USAGE_OCCURRENCE('1','BATJ1','',#5,#35,$);
#3545 = PRODUCT_RELATED_PRODUCT_CATEGORY('part',$,(#37));
#3546 = SHAPE_DEFINITION_REPRESENTATION(#3547,#3553);
#3547 = PRODUCT_DEFINITION_SHAPE('','',#3548);
#3548 = PRODUCT_DEFINITION('design','',#3549,#3552);
#3549 = PRODUCT_DEFINITION_FORMATION('','',#3550);
#3550 = PRODUCT('SW_SPDT_PCM12','SW_SPDT_PCM12','',(#3551));
#3551 = PRODUCT_CONTEXT('',#2,'mechanical');
#3552 = PRODUCT_DEFINITION_CONTEXT('part definition',#2,'design');
#3553 = ADVANCED_BREP_SHAPE_REPRESENTATION('',(#11,#3554),#7608);
#3554 = MANIFOLD_SOLID_BREP('',#3555);
#3555 = CLOSED_SHELL('',(#3556,#3596,#3627,#3651,#3675,#3692,#3837,#3902
    ,#4069,#4100,#4170,#4201,#4241,#4397,#4437,#4461,#4515,#4539,#4570,
    #4617,#4648,#4665,#4696,#4720,#4752,#4774,#4813,#4934,#4965,#4989,
    #5013,#5046,#5079,#5112,#5137,#5162,#5186,#5203,#5215,#5239,#5263,
    #5302,#5324,#5356,#5381,#5407,#5424,#5464,#5490,#5516,#5549,#5582,
    #5613,#5637,#5661,#5678,#5709,#5733,#5757,#5774,#5798,#5816,#5828,
    #5852,#5869,#5888,#5919,#5950,#5967,#5979,#5991,#6015,#6038,#6050,
    #6081,#6105,#6129,#6160,#6184,#6208,#6239,#6263,#6287,#6304,#6321,
    #6333,#6357,#6381,#6398,#6422,#6446,#6463,#6487,#6511,#6528,#6553,
    #6578,#6603,#6620,#6632,#6644,#6656,#6668,#6680,#6704,#6728,#6761,
    #6794,#6827,#6860,#6913,#6966,#7019,#7050,#7081,#7112,#7121,#7130,
    #7147,#7164,#7176,#7200,#7225,#7249,#7274,#7291,#7315,#7340,#7364,
    #7389,#7406,#7430,#7455,#7479,#7504,#7521,#7538,#7555,#7572,#7584,
    #7596));
#3556 = ADVANCED_FACE('',(#3557),#3591,.T.);
#3557 = FACE_BOUND('',#3558,.T.);
#3558 = EDGE_LOOP('',(#3559,#3569,#3577,#3585));
#3559 = ORIENTED_EDGE('',*,*,#3560,.F.);
#3560 = EDGE_CURVE('',#3561,#3563,#3565,.T.);
#3561 = VERTEX_POINT('',#3562);
#3562 = CARTESIAN_POINT('',(3.85,-1.63,0.));
#3563 = VERTEX_POINT('',#3564);
#3564 = CARTESIAN_POINT('',(3.85,-1.63,0.15));
#3565 = LINE('',#3566,#3567);
#3566 = CARTESIAN_POINT('',(3.85,-1.63,0.));
#3567 = VECTOR('',#3568,1.);
#3568 = DIRECTION('',(0.,0.,1.));
#3569 = ORIENTED_EDGE('',*,*,#3570,.T.);
#3570 = EDGE_CURVE('',#3561,#3571,#3573,.T.);
#3571 = VERTEX_POINT('',#3572);
#3572 = CARTESIAN_POINT('',(3.85,-1.23,0.));
#3573 = LINE('',#3574,#3575);
#3574 = CARTESIAN_POINT('',(3.85,-1.63,0.));
#3575 = VECTOR('',#3576,1.);
#3576 = DIRECTION('',(0.,1.,0.));
#3577 = ORIENTED_EDGE('',*,*,#3578,.T.);
#3578 = EDGE_CURVE('',#3571,#3579,#3581,.T.);
#3579 = VERTEX_POINT('',#3580);
#3580 = CARTESIAN_POINT('',(3.85,-1.23,0.15));
#3581 = LINE('',#3582,#3583);
#3582 = CARTESIAN_POINT('',(3.85,-1.23,0.));
#3583 = VECTOR('',#3584,1.);
#3584 = DIRECTION('',(0.,0.,1.));
#3585 = ORIENTED_EDGE('',*,*,#3586,.F.);
#3586 = EDGE_CURVE('',#3563,#3579,#3587,.T.);
#3587 = LINE('',#3588,#3589);
#3588 = CARTESIAN_POINT('',(3.85,-1.63,0.15));
#3589 = VECTOR('',#3590,1.);
#3590 = DIRECTION('',(0.,1.,0.));
#3591 = PLANE('',#3592);
#3592 = AXIS2_PLACEMENT_3D('',#3593,#3594,#3595);
#3593 = CARTESIAN_POINT('',(3.85,-1.63,0.));
#3594 = DIRECTION('',(1.,0.,0.));
#3595 = DIRECTION('',(0.,0.,1.));
#3596 = ADVANCED_FACE('',(#3597),#3622,.F.);
#3597 = FACE_BOUND('',#3598,.F.);
#3598 = EDGE_LOOP('',(#3599,#3607,#3615,#3621));
#3599 = ORIENTED_EDGE('',*,*,#3600,.F.);
#3600 = EDGE_CURVE('',#3601,#3561,#3603,.T.);
#3601 = VERTEX_POINT('',#3602);
#3602 = CARTESIAN_POINT('',(3.35,-1.63,0.));
#3603 = LINE('',#3604,#3605);
#3604 = CARTESIAN_POINT('',(3.35,-1.63,0.));
#3605 = VECTOR('',#3606,1.);
#3606 = DIRECTION('',(1.,0.,0.));
#3607 = ORIENTED_EDGE('',*,*,#3608,.T.);
#3608 = EDGE_CURVE('',#3601,#3609,#3611,.T.);
#3609 = VERTEX_POINT('',#3610);
#3610 = CARTESIAN_POINT('',(3.35,-1.63,0.15));
#3611 = LINE('',#3612,#3613);
#3612 = CARTESIAN_POINT('',(3.35,-1.63,0.));
#3613 = VECTOR('',#3614,1.);
#3614 = DIRECTION('',(0.,0.,1.));
#3615 = ORIENTED_EDGE('',*,*,#3616,.T.);
#3616 = EDGE_CURVE('',#3609,#3563,#3617,.T.);
#3617 = LINE('',#3618,#3619);
#3618 = CARTESIAN_POINT('',(3.35,-1.63,0.15));
#3619 = VECTOR('',#3620,1.);
#3620 = DIRECTION('',(1.,0.,0.));
#3621 = ORIENTED_EDGE('',*,*,#3560,.F.);
#3622 = PLANE('',#3623);
#3623 = AXIS2_PLACEMENT_3D('',#3624,#3625,#3626);
#3624 = CARTESIAN_POINT('',(3.35,-1.63,0.));
#3625 = DIRECTION('',(0.,1.,0.));
#3626 = DIRECTION('',(0.,-0.,1.));
#3627 = ADVANCED_FACE('',(#3628),#3646,.T.);
#3628 = FACE_BOUND('',#3629,.T.);
#3629 = EDGE_LOOP('',(#3630,#3638,#3639,#3640));
#3630 = ORIENTED_EDGE('',*,*,#3631,.F.);
#3631 = EDGE_CURVE('',#3609,#3632,#3634,.T.);
#3632 = VERTEX_POINT('',#3633);
#3633 = CARTESIAN_POINT('',(3.35,-1.23,0.15));
#3634 = LINE('',#3635,#3636);
#3635 = CARTESIAN_POINT('',(3.35,-1.63,0.15));
#3636 = VECTOR('',#3637,1.);
#3637 = DIRECTION('',(0.,1.,0.));
#3638 = ORIENTED_EDGE('',*,*,#3616,.T.);
#3639 = ORIENTED_EDGE('',*,*,#3586,.T.);
#3640 = ORIENTED_EDGE('',*,*,#3641,.F.);
#3641 = EDGE_CURVE('',#3632,#3579,#3642,.T.);
#3642 = LINE('',#3643,#3644);
#3643 = CARTESIAN_POINT('',(3.35,-1.23,0.15));
#3644 = VECTOR('',#3645,1.);
#3645 = DIRECTION('',(1.,0.,0.));
#3646 = PLANE('',#3647);
#3647 = AXIS2_PLACEMENT_3D('',#3648,#3649,#3650);
#3648 = CARTESIAN_POINT('',(3.35,-1.63,0.15));
#3649 = DIRECTION('',(0.,0.,1.));
#3650 = DIRECTION('',(1.,0.,-0.));
#3651 = ADVANCED_FACE('',(#3652),#3670,.T.);
#3652 = FACE_BOUND('',#3653,.T.);
#3653 = EDGE_LOOP('',(#3654,#3662,#3668,#3669));
#3654 = ORIENTED_EDGE('',*,*,#3655,.F.);
#3655 = EDGE_CURVE('',#3656,#3571,#3658,.T.);
#3656 = VERTEX_POINT('',#3657);
#3657 = CARTESIAN_POINT('',(3.35,-1.23,0.));
#3658 = LINE('',#3659,#3660);
#3659 = CARTESIAN_POINT('',(3.35,-1.23,0.));
#3660 = VECTOR('',#3661,1.);
#3661 = DIRECTION('',(1.,0.,0.));
#3662 = ORIENTED_EDGE('',*,*,#3663,.T.);
#3663 = EDGE_CURVE('',#3656,#3632,#3664,.T.);
#3664 = LINE('',#3665,#3666);
#3665 = CARTESIAN_POINT('',(3.35,-1.23,0.));
#3666 = VECTOR('',#3667,1.);
#3667 = DIRECTION('',(0.,0.,1.));
#3668 = ORIENTED_EDGE('',*,*,#3641,.T.);
#3669 = ORIENTED_EDGE('',*,*,#3578,.F.);
#3670 = PLANE('',#3671);
#3671 = AXIS2_PLACEMENT_3D('',#3672,#3673,#3674);
#3672 = CARTESIAN_POINT('',(3.35,-1.23,0.));
#3673 = DIRECTION('',(0.,1.,0.));
#3674 = DIRECTION('',(0.,-0.,1.));
#3675 = ADVANCED_FACE('',(#3676),#3687,.F.);
#3676 = FACE_BOUND('',#3677,.F.);
#3677 = EDGE_LOOP('',(#3678,#3684,#3685,#3686));
#3678 = ORIENTED_EDGE('',*,*,#3679,.T.);
#3679 = EDGE_CURVE('',#3656,#3601,#3680,.T.);
#3680 = LINE('',#3681,#3682);
#3681 = CARTESIAN_POINT('',(3.35,0.97,0.));
#3682 = VECTOR('',#3683,1.);
#3683 = DIRECTION('',(0.,-1.,0.));
#3684 = ORIENTED_EDGE('',*,*,#3600,.T.);
#3685 = ORIENTED_EDGE('',*,*,#3570,.T.);
#3686 = ORIENTED_EDGE('',*,*,#3655,.F.);
#3687 = PLANE('',#3688);
#3688 = AXIS2_PLACEMENT_3D('',#3689,#3690,#3691);
#3689 = CARTESIAN_POINT('',(3.35,-1.63,0.));
#3690 = DIRECTION('',(0.,0.,1.));
#3691 = DIRECTION('',(1.,0.,-0.));
#3692 = ADVANCED_FACE('',(#3693,#3766),#3832,.T.);
#3693 = FACE_BOUND('',#3694,.T.);
#3694 = EDGE_LOOP('',(#3695,#3703,#3704,#3712,#3720,#3728,#3736,#3744,
    #3752,#3760));
#3695 = ORIENTED_EDGE('',*,*,#3696,.F.);
#3696 = EDGE_CURVE('',#3601,#3697,#3699,.T.);
#3697 = VERTEX_POINT('',#3698);
#3698 = CARTESIAN_POINT('',(-3.35,-1.63,0.));
#3699 = LINE('',#3700,#3701);
#3700 = CARTESIAN_POINT('',(3.35,-1.63,0.));
#3701 = VECTOR('',#3702,1.);
#3702 = DIRECTION('',(-1.,0.,0.));
#3703 = ORIENTED_EDGE('',*,*,#3608,.T.);
#3704 = ORIENTED_EDGE('',*,*,#3705,.T.);
#3705 = EDGE_CURVE('',#3609,#3706,#3708,.T.);
#3706 = VERTEX_POINT('',#3707);
#3707 = CARTESIAN_POINT('',(3.35,-1.63,0.4));
#3708 = LINE('',#3709,#3710);
#3709 = CARTESIAN_POINT('',(3.35,-1.63,0.));
#3710 = VECTOR('',#3711,1.);
#3711 = DIRECTION('',(0.,0.,1.));
#3712 = ORIENTED_EDGE('',*,*,#3713,.F.);
#3713 = EDGE_CURVE('',#3714,#3706,#3716,.T.);
#3714 = VERTEX_POINT('',#3715);
#3715 = CARTESIAN_POINT('',(2.85,-1.63,0.4));
#3716 = LINE('',#3717,#3718);
#3717 = CARTESIAN_POINT('',(3.1,-1.63,0.4));
#3718 = VECTOR('',#3719,1.);
#3719 = DIRECTION('',(1.,0.,0.));
#3720 = ORIENTED_EDGE('',*,*,#3721,.F.);
#3721 = EDGE_CURVE('',#3722,#3714,#3724,.T.);
#3722 = VERTEX_POINT('',#3723);
#3723 = CARTESIAN_POINT('',(2.85,-1.63,1.4));
#3724 = LINE('',#3725,#3726);
#3725 = CARTESIAN_POINT('',(2.85,-1.63,0.2));
#3726 = VECTOR('',#3727,1.);
#3727 = DIRECTION('',(0.,0.,-1.));
#3728 = ORIENTED_EDGE('',*,*,#3729,.T.);
#3729 = EDGE_CURVE('',#3722,#3730,#3732,.T.);
#3730 = VERTEX_POINT('',#3731);
#3731 = CARTESIAN_POINT('',(-2.85,-1.63,1.4));
#3732 = LINE('',#3733,#3734);
#3733 = CARTESIAN_POINT('',(3.35,-1.63,1.4));
#3734 = VECTOR('',#3735,1.);
#3735 = DIRECTION('',(-1.,0.,0.));
#3736 = ORIENTED_EDGE('',*,*,#3737,.F.);
#3737 = EDGE_CURVE('',#3738,#3730,#3740,.T.);
#3738 = VERTEX_POINT('',#3739);
#3739 = CARTESIAN_POINT('',(-2.85,-1.63,0.4));
#3740 = LINE('',#3741,#3742);
#3741 = CARTESIAN_POINT('',(-2.85,-1.63,0.2));
#3742 = VECTOR('',#3743,1.);
#3743 = DIRECTION('',(0.,0.,1.));
#3744 = ORIENTED_EDGE('',*,*,#3745,.F.);
#3745 = EDGE_CURVE('',#3746,#3738,#3748,.T.);
#3746 = VERTEX_POINT('',#3747);
#3747 = CARTESIAN_POINT('',(-3.35,-1.63,0.4));
#3748 = LINE('',#3749,#3750);
#3749 = CARTESIAN_POINT('',(0.25,-1.63,0.4));
#3750 = VECTOR('',#3751,1.);
#3751 = DIRECTION('',(1.,0.,0.));
#3752 = ORIENTED_EDGE('',*,*,#3753,.F.);
#3753 = EDGE_CURVE('',#3754,#3746,#3756,.T.);
#3754 = VERTEX_POINT('',#3755);
#3755 = CARTESIAN_POINT('',(-3.35,-1.63,0.15));
#3756 = LINE('',#3757,#3758);
#3757 = CARTESIAN_POINT('',(-3.35,-1.63,0.));
#3758 = VECTOR('',#3759,1.);
#3759 = DIRECTION('',(0.,0.,1.));
#3760 = ORIENTED_EDGE('',*,*,#3761,.F.);
#3761 = EDGE_CURVE('',#3697,#3754,#3762,.T.);
#3762 = LINE('',#3763,#3764);
#3763 = CARTESIAN_POINT('',(-3.35,-1.63,0.));
#3764 = VECTOR('',#3765,1.);
#3765 = DIRECTION('',(0.,0.,1.));
#3766 = FACE_BOUND('',#3767,.T.);
#3767 = EDGE_LOOP('',(#3768,#3778,#3786,#3794,#3802,#3810,#3818,#3826));
#3768 = ORIENTED_EDGE('',*,*,#3769,.T.);
#3769 = EDGE_CURVE('',#3770,#3772,#3774,.T.);
#3770 = VERTEX_POINT('',#3771);
#3771 = CARTESIAN_POINT('',(1.25,-1.63,0.8));
#3772 = VERTEX_POINT('',#3773);
#3773 = CARTESIAN_POINT('',(7.E-02,-1.63,0.8));
#3774 = LINE('',#3775,#3776);
#3775 = CARTESIAN_POINT('',(1.05,-1.63,0.8));
#3776 = VECTOR('',#3777,1.);
#3777 = DIRECTION('',(-1.,0.,0.));
#3778 = ORIENTED_EDGE('',*,*,#3779,.T.);
#3779 = EDGE_CURVE('',#3772,#3780,#3782,.T.);
#3780 = VERTEX_POINT('',#3781);
#3781 = CARTESIAN_POINT('',(-1.23,-1.63,0.8));
#3782 = LINE('',#3783,#3784);
#3783 = CARTESIAN_POINT('',(1.05,-1.63,0.8));
#3784 = VECTOR('',#3785,1.);
#3785 = DIRECTION('',(-1.,0.,0.));
#3786 = ORIENTED_EDGE('',*,*,#3787,.T.);
#3787 = EDGE_CURVE('',#3780,#3788,#3790,.T.);
#3788 = VERTEX_POINT('',#3789);
#3789 = CARTESIAN_POINT('',(-1.25,-1.63,0.8));
#3790 = LINE('',#3791,#3792);
#3791 = CARTESIAN_POINT('',(1.05,-1.63,0.8));
#3792 = VECTOR('',#3793,1.);
#3793 = DIRECTION('',(-1.,0.,0.));
#3794 = ORIENTED_EDGE('',*,*,#3795,.T.);
#3795 = EDGE_CURVE('',#3788,#3796,#3798,.T.);
#3796 = VERTEX_POINT('',#3797);
#3797 = CARTESIAN_POINT('',(-1.25,-1.63,1.2));
#3798 = LINE('',#3799,#3800);
#3799 = CARTESIAN_POINT('',(-1.25,-1.63,0.4));
#3800 = VECTOR('',#3801,1.);
#3801 = DIRECTION('',(0.,0.,1.));
#3802 = ORIENTED_EDGE('',*,*,#3803,.F.);
#3803 = EDGE_CURVE('',#3804,#3796,#3806,.T.);
#3804 = VERTEX_POINT('',#3805);
#3805 = CARTESIAN_POINT('',(-1.23,-1.63,1.2));
#3806 = LINE('',#3807,#3808);
#3807 = CARTESIAN_POINT('',(1.05,-1.63,1.2));
#3808 = VECTOR('',#3809,1.);
#3809 = DIRECTION('',(-1.,0.,0.));
#3810 = ORIENTED_EDGE('',*,*,#3811,.F.);
#3811 = EDGE_CURVE('',#3812,#3804,#3814,.T.);
#3812 = VERTEX_POINT('',#3813);
#3813 = CARTESIAN_POINT('',(7.E-02,-1.63,1.2));
#3814 = LINE('',#3815,#3816);
#3815 = CARTESIAN_POINT('',(1.05,-1.63,1.2));
#3816 = VECTOR('',#3817,1.);
#3817 = DIRECTION('',(-1.,0.,0.));
#3818 = ORIENTED_EDGE('',*,*,#3819,.F.);
#3819 = EDGE_CURVE('',#3820,#3812,#3822,.T.);
#3820 = VERTEX_POINT('',#3821);
#3821 = CARTESIAN_POINT('',(1.25,-1.63,1.2));
#3822 = LINE('',#3823,#3824);
#3823 = CARTESIAN_POINT('',(1.05,-1.63,1.2));
#3824 = VECTOR('',#3825,1.);
#3825 = DIRECTION('',(-1.,0.,0.));
#3826 = ORIENTED_EDGE('',*,*,#3827,.F.);
#3827 = EDGE_CURVE('',#3770,#3820,#3828,.T.);
#3828 = LINE('',#3829,#3830);
#3829 = CARTESIAN_POINT('',(1.25,-1.63,0.4));
#3830 = VECTOR('',#3831,1.);
#3831 = DIRECTION('',(0.,0.,1.));
#3832 = PLANE('',#3833);
#3833 = AXIS2_PLACEMENT_3D('',#3834,#3835,#3836);
#3834 = CARTESIAN_POINT('',(3.35,-1.63,0.));
#3835 = DIRECTION('',(0.,-1.,0.));
#3836 = DIRECTION('',(-1.,0.,0.));
#3837 = ADVANCED_FACE('',(#3838),#3897,.T.);
#3838 = FACE_BOUND('',#3839,.T.);
#3839 = EDGE_LOOP('',(#3840,#3850,#3858,#3866,#3874,#3880,#3881,#3882,
    #3883,#3891));
#3840 = ORIENTED_EDGE('',*,*,#3841,.T.);
#3841 = EDGE_CURVE('',#3842,#3844,#3846,.T.);
#3842 = VERTEX_POINT('',#3843);
#3843 = CARTESIAN_POINT('',(3.35,0.57,0.15));
#3844 = VERTEX_POINT('',#3845);
#3845 = CARTESIAN_POINT('',(3.35,0.97,0.15));
#3846 = LINE('',#3847,#3848);
#3847 = CARTESIAN_POINT('',(3.35,0.57,0.15));
#3848 = VECTOR('',#3849,1.);
#3849 = DIRECTION('',(0.,1.,0.));
#3850 = ORIENTED_EDGE('',*,*,#3851,.T.);
#3851 = EDGE_CURVE('',#3844,#3852,#3854,.T.);
#3852 = VERTEX_POINT('',#3853);
#3853 = CARTESIAN_POINT('',(3.35,0.97,0.4));
#3854 = LINE('',#3855,#3856);
#3855 = CARTESIAN_POINT('',(3.35,0.97,0.));
#3856 = VECTOR('',#3857,1.);
#3857 = DIRECTION('',(0.,0.,1.));
#3858 = ORIENTED_EDGE('',*,*,#3859,.T.);
#3859 = EDGE_CURVE('',#3852,#3860,#3862,.T.);
#3860 = VERTEX_POINT('',#3861);
#3861 = CARTESIAN_POINT('',(3.35,0.68,0.4));
#3862 = LINE('',#3863,#3864);
#3863 = CARTESIAN_POINT('',(3.35,0.97,0.4));
#3864 = VECTOR('',#3865,1.);
#3865 = DIRECTION('',(0.,-1.,0.));
#3866 = ORIENTED_EDGE('',*,*,#3867,.T.);
#3867 = EDGE_CURVE('',#3860,#3868,#3870,.T.);
#3868 = VERTEX_POINT('',#3869);
#3869 = CARTESIAN_POINT('',(3.35,-1.34,0.4));
#3870 = LINE('',#3871,#3872);
#3871 = CARTESIAN_POINT('',(3.35,0.97,0.4));
#3872 = VECTOR('',#3873,1.);
#3873 = DIRECTION('',(0.,-1.,0.));
#3874 = ORIENTED_EDGE('',*,*,#3875,.T.);
#3875 = EDGE_CURVE('',#3868,#3706,#3876,.T.);
#3876 = LINE('',#3877,#3878);
#3877 = CARTESIAN_POINT('',(3.35,0.97,0.4));
#3878 = VECTOR('',#3879,1.);
#3879 = DIRECTION('',(0.,-1.,0.));
#3880 = ORIENTED_EDGE('',*,*,#3705,.F.);
#3881 = ORIENTED_EDGE('',*,*,#3631,.T.);
#3882 = ORIENTED_EDGE('',*,*,#3663,.F.);
#3883 = ORIENTED_EDGE('',*,*,#3884,.F.);
#3884 = EDGE_CURVE('',#3885,#3656,#3887,.T.);
#3885 = VERTEX_POINT('',#3886);
#3886 = CARTESIAN_POINT('',(3.35,0.57,0.));
#3887 = LINE('',#3888,#3889);
#3888 = CARTESIAN_POINT('',(3.35,0.97,0.));
#3889 = VECTOR('',#3890,1.);
#3890 = DIRECTION('',(0.,-1.,0.));
#3891 = ORIENTED_EDGE('',*,*,#3892,.T.);
#3892 = EDGE_CURVE('',#3885,#3842,#3893,.T.);
#3893 = LINE('',#3894,#3895);
#3894 = CARTESIAN_POINT('',(3.35,0.57,0.));
#3895 = VECTOR('',#3896,1.);
#3896 = DIRECTION('',(0.,0.,1.));
#3897 = PLANE('',#3898);
#3898 = AXIS2_PLACEMENT_3D('',#3899,#3900,#3901);
#3899 = CARTESIAN_POINT('',(3.35,0.97,0.));
#3900 = DIRECTION('',(1.,0.,0.));
#3901 = DIRECTION('',(0.,-1.,0.));
#3902 = ADVANCED_FACE('',(#3903,#4042,#4053),#4064,.T.);
#3903 = FACE_BOUND('',#3904,.T.);
#3904 = EDGE_LOOP('',(#3905,#3915,#3923,#3931,#3939,#3947,#3955,#3963,
    #3971,#3979,#3987,#3995,#4003,#4011,#4017,#4018,#4019,#4020,#4028,
    #4036));
#3905 = ORIENTED_EDGE('',*,*,#3906,.T.);
#3906 = EDGE_CURVE('',#3907,#3909,#3911,.T.);
#3907 = VERTEX_POINT('',#3908);
#3908 = CARTESIAN_POINT('',(-3.35,0.97,0.));
#3909 = VERTEX_POINT('',#3910);
#3910 = CARTESIAN_POINT('',(-2.65,0.97,0.));
#3911 = LINE('',#3912,#3913);
#3912 = CARTESIAN_POINT('',(-3.35,0.97,0.));
#3913 = VECTOR('',#3914,1.);
#3914 = DIRECTION('',(1.,0.,0.));
#3915 = ORIENTED_EDGE('',*,*,#3916,.F.);
#3916 = EDGE_CURVE('',#3917,#3909,#3919,.T.);
#3917 = VERTEX_POINT('',#3918);
#3918 = CARTESIAN_POINT('',(-2.65,0.58,0.));
#3919 = LINE('',#3920,#3921);
#3920 = CARTESIAN_POINT('',(-2.65,0.58,0.));
#3921 = VECTOR('',#3922,1.);
#3922 = DIRECTION('',(0.,1.,0.));
#3923 = ORIENTED_EDGE('',*,*,#3924,.T.);
#3924 = EDGE_CURVE('',#3917,#3925,#3927,.T.);
#3925 = VERTEX_POINT('',#3926);
#3926 = CARTESIAN_POINT('',(-1.85,0.58,0.));
#3927 = LINE('',#3928,#3929);
#3928 = CARTESIAN_POINT('',(-2.65,0.58,0.));
#3929 = VECTOR('',#3930,1.);
#3930 = DIRECTION('',(1.,0.,0.));
#3931 = ORIENTED_EDGE('',*,*,#3932,.T.);
#3932 = EDGE_CURVE('',#3925,#3933,#3935,.T.);
#3933 = VERTEX_POINT('',#3934);
#3934 = CARTESIAN_POINT('',(-1.85,0.97,0.));
#3935 = LINE('',#3936,#3937);
#3936 = CARTESIAN_POINT('',(-1.85,0.58,0.));
#3937 = VECTOR('',#3938,1.);
#3938 = DIRECTION('',(0.,1.,0.));
#3939 = ORIENTED_EDGE('',*,*,#3940,.T.);
#3940 = EDGE_CURVE('',#3933,#3941,#3943,.T.);
#3941 = VERTEX_POINT('',#3942);
#3942 = CARTESIAN_POINT('',(0.35,0.97,0.));
#3943 = LINE('',#3944,#3945);
#3944 = CARTESIAN_POINT('',(-3.35,0.97,0.));
#3945 = VECTOR('',#3946,1.);
#3946 = DIRECTION('',(1.,0.,0.));
#3947 = ORIENTED_EDGE('',*,*,#3948,.F.);
#3948 = EDGE_CURVE('',#3949,#3941,#3951,.T.);
#3949 = VERTEX_POINT('',#3950);
#3950 = CARTESIAN_POINT('',(0.35,0.58,0.));
#3951 = LINE('',#3952,#3953);
#3952 = CARTESIAN_POINT('',(0.35,0.58,0.));
#3953 = VECTOR('',#3954,1.);
#3954 = DIRECTION('',(0.,1.,0.));
#3955 = ORIENTED_EDGE('',*,*,#3956,.T.);
#3956 = EDGE_CURVE('',#3949,#3957,#3959,.T.);
#3957 = VERTEX_POINT('',#3958);
#3958 = CARTESIAN_POINT('',(1.15,0.58,0.));
#3959 = LINE('',#3960,#3961);
#3960 = CARTESIAN_POINT('',(0.35,0.58,0.));
#3961 = VECTOR('',#3962,1.);
#3962 = DIRECTION('',(1.,0.,0.));
#3963 = ORIENTED_EDGE('',*,*,#3964,.T.);
#3964 = EDGE_CURVE('',#3957,#3965,#3967,.T.);
#3965 = VERTEX_POINT('',#3966);
#3966 = CARTESIAN_POINT('',(1.15,0.97,0.));
#3967 = LINE('',#3968,#3969);
#3968 = CARTESIAN_POINT('',(1.15,0.58,0.));
#3969 = VECTOR('',#3970,1.);
#3970 = DIRECTION('',(0.,1.,0.));
#3971 = ORIENTED_EDGE('',*,*,#3972,.T.);
#3972 = EDGE_CURVE('',#3965,#3973,#3975,.T.);
#3973 = VERTEX_POINT('',#3974);
#3974 = CARTESIAN_POINT('',(1.85,0.97,0.));
#3975 = LINE('',#3976,#3977);
#3976 = CARTESIAN_POINT('',(-3.35,0.97,0.));
#3977 = VECTOR('',#3978,1.);
#3978 = DIRECTION('',(1.,0.,0.));
#3979 = ORIENTED_EDGE('',*,*,#3980,.F.);
#3980 = EDGE_CURVE('',#3981,#3973,#3983,.T.);
#3981 = VERTEX_POINT('',#3982);
#3982 = CARTESIAN_POINT('',(1.85,0.58,0.));
#3983 = LINE('',#3984,#3985);
#3984 = CARTESIAN_POINT('',(1.85,0.58,0.));
#3985 = VECTOR('',#3986,1.);
#3986 = DIRECTION('',(0.,1.,0.));
#3987 = ORIENTED_EDGE('',*,*,#3988,.T.);
#3988 = EDGE_CURVE('',#3981,#3989,#3991,.T.);
#3989 = VERTEX_POINT('',#3990);
#3990 = CARTESIAN_POINT('',(2.65,0.58,0.));
#3991 = LINE('',#3992,#3993);
#3992 = CARTESIAN_POINT('',(1.85,0.58,0.));
#3993 = VECTOR('',#3994,1.);
#3994 = DIRECTION('',(1.,0.,0.));
#3995 = ORIENTED_EDGE('',*,*,#3996,.T.);
#3996 = EDGE_CURVE('',#3989,#3997,#3999,.T.);
#3997 = VERTEX_POINT('',#3998);
#3998 = CARTESIAN_POINT('',(2.65,0.97,0.));
#3999 = LINE('',#4000,#4001);
#4000 = CARTESIAN_POINT('',(2.65,0.58,0.));
#4001 = VECTOR('',#4002,1.);
#4002 = DIRECTION('',(0.,1.,0.));
#4003 = ORIENTED_EDGE('',*,*,#4004,.T.);
#4004 = EDGE_CURVE('',#3997,#4005,#4007,.T.);
#4005 = VERTEX_POINT('',#4006);
#4006 = CARTESIAN_POINT('',(3.35,0.97,0.));
#4007 = LINE('',#4008,#4009);
#4008 = CARTESIAN_POINT('',(-3.35,0.97,0.));
#4009 = VECTOR('',#4010,1.);
#4010 = DIRECTION('',(1.,0.,0.));
#4011 = ORIENTED_EDGE('',*,*,#4012,.T.);
#4012 = EDGE_CURVE('',#4005,#3885,#4013,.T.);
#4013 = LINE('',#4014,#4015);
#4014 = CARTESIAN_POINT('',(3.35,0.97,0.));
#4015 = VECTOR('',#4016,1.);
#4016 = DIRECTION('',(0.,-1.,0.));
#4017 = ORIENTED_EDGE('',*,*,#3884,.T.);
#4018 = ORIENTED_EDGE('',*,*,#3679,.T.);
#4019 = ORIENTED_EDGE('',*,*,#3696,.T.);
#4020 = ORIENTED_EDGE('',*,*,#4021,.T.);
#4021 = EDGE_CURVE('',#3697,#4022,#4024,.T.);
#4022 = VERTEX_POINT('',#4023);
#4023 = CARTESIAN_POINT('',(-3.35,-1.23,0.));
#4024 = LINE('',#4025,#4026);
#4025 = CARTESIAN_POINT('',(-3.35,-1.63,0.));
#4026 = VECTOR('',#4027,1.);
#4027 = DIRECTION('',(0.,1.,0.));
#4028 = ORIENTED_EDGE('',*,*,#4029,.T.);
#4029 = EDGE_CURVE('',#4022,#4030,#4032,.T.);
#4030 = VERTEX_POINT('',#4031);
#4031 = CARTESIAN_POINT('',(-3.35,0.57,0.));
#4032 = LINE('',#4033,#4034);
#4033 = CARTESIAN_POINT('',(-3.35,-1.63,0.));
#4034 = VECTOR('',#4035,1.);
#4035 = DIRECTION('',(0.,1.,0.));
#4036 = ORIENTED_EDGE('',*,*,#4037,.T.);
#4037 = EDGE_CURVE('',#4030,#3907,#4038,.T.);
#4038 = LINE('',#4039,#4040);
#4039 = CARTESIAN_POINT('',(-3.35,-1.63,0.));
#4040 = VECTOR('',#4041,1.);
#4041 = DIRECTION('',(0.,1.,0.));
#4042 = FACE_BOUND('',#4043,.T.);
#4043 = EDGE_LOOP('',(#4044));
#4044 = ORIENTED_EDGE('',*,*,#4045,.T.);
#4045 = EDGE_CURVE('',#4046,#4046,#4048,.T.);
#4046 = VERTEX_POINT('',#4047);
#4047 = CARTESIAN_POINT('',(1.9,-0.33,0.));
#4048 = CIRCLE('',#4049,0.4);
#4049 = AXIS2_PLACEMENT_3D('',#4050,#4051,#4052);
#4050 = CARTESIAN_POINT('',(1.5,-0.33,0.));
#4051 = DIRECTION('',(0.,0.,1.));
#4052 = DIRECTION('',(1.,0.,-0.));
#4053 = FACE_BOUND('',#4054,.T.);
#4054 = EDGE_LOOP('',(#4055));
#4055 = ORIENTED_EDGE('',*,*,#4056,.T.);
#4056 = EDGE_CURVE('',#4057,#4057,#4059,.T.);
#4057 = VERTEX_POINT('',#4058);
#4058 = CARTESIAN_POINT('',(-1.1,-0.33,0.));
#4059 = CIRCLE('',#4060,0.4);
#4060 = AXIS2_PLACEMENT_3D('',#4061,#4062,#4063);
#4061 = CARTESIAN_POINT('',(-1.5,-0.33,0.));
#4062 = DIRECTION('',(0.,0.,1.));
#4063 = DIRECTION('',(1.,0.,-0.));
#4064 = PLANE('',#4065);
#4065 = AXIS2_PLACEMENT_3D('',#4066,#4067,#4068);
#4066 = CARTESIAN_POINT('',(0.,-0.33,0.));
#4067 = DIRECTION('',(-0.,-0.,-1.));
#4068 = DIRECTION('',(-1.,0.,0.));
#4069 = ADVANCED_FACE('',(#4070),#4095,.F.);
#4070 = FACE_BOUND('',#4071,.F.);
#4071 = EDGE_LOOP('',(#4072,#4080,#4088,#4094));
#4072 = ORIENTED_EDGE('',*,*,#4073,.F.);
#4073 = EDGE_CURVE('',#4074,#3697,#4076,.T.);
#4074 = VERTEX_POINT('',#4075);
#4075 = CARTESIAN_POINT('',(-3.85,-1.63,0.));
#4076 = LINE('',#4077,#4078);
#4077 = CARTESIAN_POINT('',(-3.85,-1.63,0.));
#4078 = VECTOR('',#4079,1.);
#4079 = DIRECTION('',(1.,0.,0.));
#4080 = ORIENTED_EDGE('',*,*,#4081,.T.);
#4081 = EDGE_CURVE('',#4074,#4082,#4084,.T.);
#4082 = VERTEX_POINT('',#4083);
#4083 = CARTESIAN_POINT('',(-3.85,-1.63,0.15));
#4084 = LINE('',#4085,#4086);
#4085 = CARTESIAN_POINT('',(-3.85,-1.63,0.));
#4086 = VECTOR('',#4087,1.);
#4087 = DIRECTION('',(0.,0.,1.));
#4088 = ORIENTED_EDGE('',*,*,#4089,.T.);
#4089 = EDGE_CURVE('',#4082,#3754,#4090,.T.);
#4090 = LINE('',#4091,#4092);
#4091 = CARTESIAN_POINT('',(-3.85,-1.63,0.15));
#4092 = VECTOR('',#4093,1.);
#4093 = DIRECTION('',(1.,0.,0.));
#4094 = ORIENTED_EDGE('',*,*,#3761,.F.);
#4095 = PLANE('',#4096);
#4096 = AXIS2_PLACEMENT_3D('',#4097,#4098,#4099);
#4097 = CARTESIAN_POINT('',(-3.85,-1.63,0.));
#4098 = DIRECTION('',(0.,1.,0.));
#4099 = DIRECTION('',(0.,-0.,1.));
#4100 = ADVANCED_FACE('',(#4101),#4165,.T.);
#4101 = FACE_BOUND('',#4102,.T.);
#4102 = EDGE_LOOP('',(#4103,#4111,#4112,#4120,#4128,#4136,#4144,#4152,
    #4158,#4159));
#4103 = ORIENTED_EDGE('',*,*,#4104,.F.);
#4104 = EDGE_CURVE('',#3754,#4105,#4107,.T.);
#4105 = VERTEX_POINT('',#4106);
#4106 = CARTESIAN_POINT('',(-3.35,-1.23,0.15));
#4107 = LINE('',#4108,#4109);
#4108 = CARTESIAN_POINT('',(-3.35,-1.63,0.15));
#4109 = VECTOR('',#4110,1.);
#4110 = DIRECTION('',(0.,1.,0.));
#4111 = ORIENTED_EDGE('',*,*,#3753,.T.);
#4112 = ORIENTED_EDGE('',*,*,#4113,.T.);
#4113 = EDGE_CURVE('',#3746,#4114,#4116,.T.);
#4114 = VERTEX_POINT('',#4115);
#4115 = CARTESIAN_POINT('',(-3.35,-1.34,0.4));
#4116 = LINE('',#4117,#4118);
#4117 = CARTESIAN_POINT('',(-3.35,-1.63,0.4));
#4118 = VECTOR('',#4119,1.);
#4119 = DIRECTION('',(0.,1.,0.));
#4120 = ORIENTED_EDGE('',*,*,#4121,.T.);
#4121 = EDGE_CURVE('',#4114,#4122,#4124,.T.);
#4122 = VERTEX_POINT('',#4123);
#4123 = CARTESIAN_POINT('',(-3.35,0.68,0.4));
#4124 = LINE('',#4125,#4126);
#4125 = CARTESIAN_POINT('',(-3.35,-1.63,0.4));
#4126 = VECTOR('',#4127,1.);
#4127 = DIRECTION('',(0.,1.,0.));
#4128 = ORIENTED_EDGE('',*,*,#4129,.T.);
#4129 = EDGE_CURVE('',#4122,#4130,#4132,.T.);
#4130 = VERTEX_POINT('',#4131);
#4131 = CARTESIAN_POINT('',(-3.35,0.97,0.4));
#4132 = LINE('',#4133,#4134);
#4133 = CARTESIAN_POINT('',(-3.35,-1.63,0.4));
#4134 = VECTOR('',#4135,1.);
#4135 = DIRECTION('',(0.,1.,0.));
#4136 = ORIENTED_EDGE('',*,*,#4137,.F.);
#4137 = EDGE_CURVE('',#4138,#4130,#4140,.T.);
#4138 = VERTEX_POINT('',#4139);
#4139 = CARTESIAN_POINT('',(-3.35,0.97,0.15));
#4140 = LINE('',#4141,#4142);
#4141 = CARTESIAN_POINT('',(-3.35,0.97,0.));
#4142 = VECTOR('',#4143,1.);
#4143 = DIRECTION('',(0.,0.,1.));
#4144 = ORIENTED_EDGE('',*,*,#4145,.F.);
#4145 = EDGE_CURVE('',#4146,#4138,#4148,.T.);
#4146 = VERTEX_POINT('',#4147);
#4147 = CARTESIAN_POINT('',(-3.35,0.57,0.15));
#4148 = LINE('',#4149,#4150);
#4149 = CARTESIAN_POINT('',(-3.35,0.57,0.15));
#4150 = VECTOR('',#4151,1.);
#4151 = DIRECTION('',(0.,1.,0.));
#4152 = ORIENTED_EDGE('',*,*,#4153,.F.);
#4153 = EDGE_CURVE('',#4030,#4146,#4154,.T.);
#4154 = LINE('',#4155,#4156);
#4155 = CARTESIAN_POINT('',(-3.35,0.57,0.));
#4156 = VECTOR('',#4157,1.);
#4157 = DIRECTION('',(0.,0.,1.));
#4158 = ORIENTED_EDGE('',*,*,#4029,.F.);
#4159 = ORIENTED_EDGE('',*,*,#4160,.T.);
#4160 = EDGE_CURVE('',#4022,#4105,#4161,.T.);
#4161 = LINE('',#4162,#4163);
#4162 = CARTESIAN_POINT('',(-3.35,-1.23,0.));
#4163 = VECTOR('',#4164,1.);
#4164 = DIRECTION('',(0.,0.,1.));
#4165 = PLANE('',#4166);
#4166 = AXIS2_PLACEMENT_3D('',#4167,#4168,#4169);
#4167 = CARTESIAN_POINT('',(-3.35,-1.63,0.));
#4168 = DIRECTION('',(-1.,0.,0.));
#4169 = DIRECTION('',(0.,1.,0.));
#4170 = ADVANCED_FACE('',(#4171),#4196,.F.);
#4171 = FACE_BOUND('',#4172,.F.);
#4172 = EDGE_LOOP('',(#4173,#4181,#4182,#4190));
#4173 = ORIENTED_EDGE('',*,*,#4174,.F.);
#4174 = EDGE_CURVE('',#3738,#4175,#4177,.T.);
#4175 = VERTEX_POINT('',#4176);
#4176 = CARTESIAN_POINT('',(-2.85,-1.64,0.4));
#4177 = LINE('',#4178,#4179);
#4178 = CARTESIAN_POINT('',(-2.85,-1.34,0.4));
#4179 = VECTOR('',#4180,1.);
#4180 = DIRECTION('',(0.,-1.,0.));
#4181 = ORIENTED_EDGE('',*,*,#3745,.F.);
#4182 = ORIENTED_EDGE('',*,*,#4183,.T.);
#4183 = EDGE_CURVE('',#3746,#4184,#4186,.T.);
#4184 = VERTEX_POINT('',#4185);
#4185 = CARTESIAN_POINT('',(-3.35,-1.64,0.4));
#4186 = LINE('',#4187,#4188);
#4187 = CARTESIAN_POINT('',(-3.35,-1.34,0.4));
#4188 = VECTOR('',#4189,1.);
#4189 = DIRECTION('',(0.,-1.,0.));
#4190 = ORIENTED_EDGE('',*,*,#4191,.F.);
#4191 = EDGE_CURVE('',#4175,#4184,#4192,.T.);
#4192 = LINE('',#4193,#4194);
#4193 = CARTESIAN_POINT('',(-2.85,-1.64,0.4));
#4194 = VECTOR('',#4195,1.);
#4195 = DIRECTION('',(-1.,0.,0.));
#4196 = PLANE('',#4197);
#4197 = AXIS2_PLACEMENT_3D('',#4198,#4199,#4200);
#4198 = CARTESIAN_POINT('',(-2.85,-1.34,0.4));
#4199 = DIRECTION('',(0.,0.,1.));
#4200 = DIRECTION('',(-1.,0.,0.));
#4201 = ADVANCED_FACE('',(#4202),#4236,.F.);
#4202 = FACE_BOUND('',#4203,.F.);
#4203 = EDGE_LOOP('',(#4204,#4214,#4220,#4221,#4222,#4230));
#4204 = ORIENTED_EDGE('',*,*,#4205,.F.);
#4205 = EDGE_CURVE('',#4206,#4208,#4210,.T.);
#4206 = VERTEX_POINT('',#4207);
#4207 = CARTESIAN_POINT('',(-2.85,-1.34,1.4));
#4208 = VERTEX_POINT('',#4209);
#4209 = CARTESIAN_POINT('',(-2.85,-1.34,1.5));
#4210 = LINE('',#4211,#4212);
#4211 = CARTESIAN_POINT('',(-2.85,-1.34,0.4));
#4212 = VECTOR('',#4213,1.);
#4213 = DIRECTION('',(0.,0.,1.));
#4214 = ORIENTED_EDGE('',*,*,#4215,.T.);
#4215 = EDGE_CURVE('',#4206,#3730,#4216,.T.);
#4216 = LINE('',#4217,#4218);
#4217 = CARTESIAN_POINT('',(-2.85,-0.835,1.4));
#4218 = VECTOR('',#4219,1.);
#4219 = DIRECTION('',(0.,-1.,0.));
#4220 = ORIENTED_EDGE('',*,*,#3737,.F.);
#4221 = ORIENTED_EDGE('',*,*,#4174,.T.);
#4222 = ORIENTED_EDGE('',*,*,#4223,.T.);
#4223 = EDGE_CURVE('',#4175,#4224,#4226,.T.);
#4224 = VERTEX_POINT('',#4225);
#4225 = CARTESIAN_POINT('',(-2.85,-1.64,1.5));
#4226 = LINE('',#4227,#4228);
#4227 = CARTESIAN_POINT('',(-2.85,-1.64,0.4));
#4228 = VECTOR('',#4229,1.);
#4229 = DIRECTION('',(0.,0.,1.));
#4230 = ORIENTED_EDGE('',*,*,#4231,.F.);
#4231 = EDGE_CURVE('',#4208,#4224,#4232,.T.);
#4232 = LINE('',#4233,#4234);
#4233 = CARTESIAN_POINT('',(-2.85,-1.34,1.5));
#4234 = VECTOR('',#4235,1.);
#4235 = DIRECTION('',(0.,-1.,0.));
#4236 = PLANE('',#4237);
#4237 = AXIS2_PLACEMENT_3D('',#4238,#4239,#4240);
#4238 = CARTESIAN_POINT('',(-2.85,-1.34,0.4));
#4239 = DIRECTION('',(-1.,0.,0.));
#4240 = DIRECTION('',(0.,0.,1.));
#4241 = ADVANCED_FACE('',(#4242,#4324,#4358),#4392,.F.);
#4242 = FACE_BOUND('',#4243,.F.);
#4243 = EDGE_LOOP('',(#4244,#4254,#4262,#4270,#4278,#4286,#4294,#4300,
    #4301,#4302,#4310,#4318));
#4244 = ORIENTED_EDGE('',*,*,#4245,.F.);
#4245 = EDGE_CURVE('',#4246,#4248,#4250,.T.);
#4246 = VERTEX_POINT('',#4247);
#4247 = CARTESIAN_POINT('',(-2.85,0.97,1.4));
#4248 = VERTEX_POINT('',#4249);
#4249 = CARTESIAN_POINT('',(-2.85,0.68,1.4));
#4250 = LINE('',#4251,#4252);
#4251 = CARTESIAN_POINT('',(-2.85,0.325,1.4));
#4252 = VECTOR('',#4253,1.);
#4253 = DIRECTION('',(0.,-1.,0.));
#4254 = ORIENTED_EDGE('',*,*,#4255,.T.);
#4255 = EDGE_CURVE('',#4246,#4256,#4258,.T.);
#4256 = VERTEX_POINT('',#4257);
#4257 = CARTESIAN_POINT('',(2.85,0.97,1.4));
#4258 = LINE('',#4259,#4260);
#4259 = CARTESIAN_POINT('',(-3.35,0.97,1.4));
#4260 = VECTOR('',#4261,1.);
#4261 = DIRECTION('',(1.,0.,0.));
#4262 = ORIENTED_EDGE('',*,*,#4263,.F.);
#4263 = EDGE_CURVE('',#4264,#4256,#4266,.T.);
#4264 = VERTEX_POINT('',#4265);
#4265 = CARTESIAN_POINT('',(2.85,0.68,1.4));
#4266 = LINE('',#4267,#4268);
#4267 = CARTESIAN_POINT('',(2.85,0.175,1.4));
#4268 = VECTOR('',#4269,1.);
#4269 = DIRECTION('',(0.,1.,0.));
#4270 = ORIENTED_EDGE('',*,*,#4271,.F.);
#4271 = EDGE_CURVE('',#4272,#4264,#4274,.T.);
#4272 = VERTEX_POINT('',#4273);
#4273 = CARTESIAN_POINT('',(3.05,0.68,1.4));
#4274 = LINE('',#4275,#4276);
#4275 = CARTESIAN_POINT('',(1.425,0.68,1.4));
#4276 = VECTOR('',#4277,1.);
#4277 = DIRECTION('',(-1.,0.,0.));
#4278 = ORIENTED_EDGE('',*,*,#4279,.T.);
#4279 = EDGE_CURVE('',#4272,#4280,#4282,.T.);
#4280 = VERTEX_POINT('',#4281);
#4281 = CARTESIAN_POINT('',(3.05,-1.34,1.4));
#4282 = LINE('',#4283,#4284);
#4283 = CARTESIAN_POINT('',(3.05,0.97,1.4));
#4284 = VECTOR('',#4285,1.);
#4285 = DIRECTION('',(0.,-1.,0.));
#4286 = ORIENTED_EDGE('',*,*,#4287,.T.);
#4287 = EDGE_CURVE('',#4280,#4288,#4290,.T.);
#4288 = VERTEX_POINT('',#4289);
#4289 = CARTESIAN_POINT('',(2.85,-1.34,1.4));
#4290 = LINE('',#4291,#4292);
#4291 = CARTESIAN_POINT('',(1.425,-1.34,1.4));
#4292 = VECTOR('',#4293,1.);
#4293 = DIRECTION('',(-1.,0.,0.));
#4294 = ORIENTED_EDGE('',*,*,#4295,.F.);
#4295 = EDGE_CURVE('',#3722,#4288,#4296,.T.);
#4296 = LINE('',#4297,#4298);
#4297 = CARTESIAN_POINT('',(2.85,-0.985,1.4));
#4298 = VECTOR('',#4299,1.);
#4299 = DIRECTION('',(0.,1.,0.));
#4300 = ORIENTED_EDGE('',*,*,#3729,.T.);
#4301 = ORIENTED_EDGE('',*,*,#4215,.F.);
#4302 = ORIENTED_EDGE('',*,*,#4303,.F.);
#4303 = EDGE_CURVE('',#4304,#4206,#4306,.T.);
#4304 = VERTEX_POINT('',#4305);
#4305 = CARTESIAN_POINT('',(-3.05,-1.34,1.4));
#4306 = LINE('',#4307,#4308);
#4307 = CARTESIAN_POINT('',(-1.425,-1.34,1.4));
#4308 = VECTOR('',#4309,1.);
#4309 = DIRECTION('',(1.,0.,0.));
#4310 = ORIENTED_EDGE('',*,*,#4311,.T.);
#4311 = EDGE_CURVE('',#4304,#4312,#4314,.T.);
#4312 = VERTEX_POINT('',#4313);
#4313 = CARTESIAN_POINT('',(-3.05,0.68,1.4));
#4314 = LINE('',#4315,#4316);
#4315 = CARTESIAN_POINT('',(-3.05,-1.63,1.4));
#4316 = VECTOR('',#4317,1.);
#4317 = DIRECTION('',(0.,1.,0.));
#4318 = ORIENTED_EDGE('',*,*,#4319,.T.);
#4319 = EDGE_CURVE('',#4312,#4248,#4320,.T.);
#4320 = LINE('',#4321,#4322);
#4321 = CARTESIAN_POINT('',(-1.425,0.68,1.4));
#4322 = VECTOR('',#4323,1.);
#4323 = DIRECTION('',(1.,0.,0.));
#4324 = FACE_BOUND('',#4325,.F.);
#4325 = EDGE_LOOP('',(#4326,#4336,#4344,#4352));
#4326 = ORIENTED_EDGE('',*,*,#4327,.F.);
#4327 = EDGE_CURVE('',#4328,#4330,#4332,.T.);
#4328 = VERTEX_POINT('',#4329);
#4329 = CARTESIAN_POINT('',(-2.45,-0.8,1.4));
#4330 = VERTEX_POINT('',#4331);
#4331 = CARTESIAN_POINT('',(2.45,-0.8,1.4));
#4332 = LINE('',#4333,#4334);
#4333 = CARTESIAN_POINT('',(-1.225,-0.8,1.4));
#4334 = VECTOR('',#4335,1.);
#4335 = DIRECTION('',(1.,0.,0.));
#4336 = ORIENTED_EDGE('',*,*,#4337,.T.);
#4337 = EDGE_CURVE('',#4328,#4338,#4340,.T.);
#4338 = VERTEX_POINT('',#4339);
#4339 = CARTESIAN_POINT('',(-2.45,-1.33,1.4));
#4340 = LINE('',#4341,#4342);
#4341 = CARTESIAN_POINT('',(-2.45,-0.83,1.4));
#4342 = VECTOR('',#4343,1.);
#4343 = DIRECTION('',(0.,-1.,0.));
#4344 = ORIENTED_EDGE('',*,*,#4345,.T.);
#4345 = EDGE_CURVE('',#4338,#4346,#4348,.T.);
#4346 = VERTEX_POINT('',#4347);
#4347 = CARTESIAN_POINT('',(2.45,-1.33,1.4));
#4348 = LINE('',#4349,#4350);
#4349 = CARTESIAN_POINT('',(-1.225,-1.33,1.4));
#4350 = VECTOR('',#4351,1.);
#4351 = DIRECTION('',(1.,0.,0.));
#4352 = ORIENTED_EDGE('',*,*,#4353,.F.);
#4353 = EDGE_CURVE('',#4330,#4346,#4354,.T.);
#4354 = LINE('',#4355,#4356);
#4355 = CARTESIAN_POINT('',(2.45,-0.83,1.4));
#4356 = VECTOR('',#4357,1.);
#4357 = DIRECTION('',(0.,-1.,0.));
#4358 = FACE_BOUND('',#4359,.F.);
#4359 = EDGE_LOOP('',(#4360,#4370,#4378,#4386));
#4360 = ORIENTED_EDGE('',*,*,#4361,.F.);
#4361 = EDGE_CURVE('',#4362,#4364,#4366,.T.);
#4362 = VERTEX_POINT('',#4363);
#4363 = CARTESIAN_POINT('',(2.45,0.65,1.4));
#4364 = VERTEX_POINT('',#4365);
#4365 = CARTESIAN_POINT('',(2.45,0.12,1.4));
#4366 = LINE('',#4367,#4368);
#4367 = CARTESIAN_POINT('',(2.45,-0.105,1.4));
#4368 = VECTOR('',#4369,1.);
#4369 = DIRECTION('',(0.,-1.,0.));
#4370 = ORIENTED_EDGE('',*,*,#4371,.F.);
#4371 = EDGE_CURVE('',#4372,#4362,#4374,.T.);
#4372 = VERTEX_POINT('',#4373);
#4373 = CARTESIAN_POINT('',(-2.45,0.65,1.4));
#4374 = LINE('',#4375,#4376);
#4375 = CARTESIAN_POINT('',(-1.225,0.65,1.4));
#4376 = VECTOR('',#4377,1.);
#4377 = DIRECTION('',(1.,0.,0.));
#4378 = ORIENTED_EDGE('',*,*,#4379,.T.);
#4379 = EDGE_CURVE('',#4372,#4380,#4382,.T.);
#4380 = VERTEX_POINT('',#4381);
#4381 = CARTESIAN_POINT('',(-2.45,0.12,1.4));
#4382 = LINE('',#4383,#4384);
#4383 = CARTESIAN_POINT('',(-2.45,-0.105,1.4));
#4384 = VECTOR('',#4385,1.);
#4385 = DIRECTION('',(0.,-1.,0.));
#4386 = ORIENTED_EDGE('',*,*,#4387,.T.);
#4387 = EDGE_CURVE('',#4380,#4364,#4388,.T.);
#4388 = LINE('',#4389,#4390);
#4389 = CARTESIAN_POINT('',(-1.225,0.12,1.4));
#4390 = VECTOR('',#4391,1.);
#4391 = DIRECTION('',(1.,0.,0.));
#4392 = PLANE('',#4393);
#4393 = AXIS2_PLACEMENT_3D('',#4394,#4395,#4396);
#4394 = CARTESIAN_POINT('',(0.,-0.33,1.4));
#4395 = DIRECTION('',(-0.,-0.,-1.));
#4396 = DIRECTION('',(-1.,0.,0.));
#4397 = ADVANCED_FACE('',(#4398),#4432,.F.);
#4398 = FACE_BOUND('',#4399,.F.);
#4399 = EDGE_LOOP('',(#4400,#4410,#4418,#4424,#4425,#4426));
#4400 = ORIENTED_EDGE('',*,*,#4401,.F.);
#4401 = EDGE_CURVE('',#4402,#4404,#4406,.T.);
#4402 = VERTEX_POINT('',#4403);
#4403 = CARTESIAN_POINT('',(2.85,-1.64,1.5));
#4404 = VERTEX_POINT('',#4405);
#4405 = CARTESIAN_POINT('',(2.85,-1.34,1.5));
#4406 = LINE('',#4407,#4408);
#4407 = CARTESIAN_POINT('',(2.85,-1.64,1.5));
#4408 = VECTOR('',#4409,1.);
#4409 = DIRECTION('',(0.,1.,0.));
#4410 = ORIENTED_EDGE('',*,*,#4411,.F.);
#4411 = EDGE_CURVE('',#4412,#4402,#4414,.T.);
#4412 = VERTEX_POINT('',#4413);
#4413 = CARTESIAN_POINT('',(2.85,-1.64,0.4));
#4414 = LINE('',#4415,#4416);
#4415 = CARTESIAN_POINT('',(2.85,-1.64,0.4));
#4416 = VECTOR('',#4417,1.);
#4417 = DIRECTION('',(0.,0.,1.));
#4418 = ORIENTED_EDGE('',*,*,#4419,.T.);
#4419 = EDGE_CURVE('',#4412,#3714,#4420,.T.);
#4420 = LINE('',#4421,#4422);
#4421 = CARTESIAN_POINT('',(2.85,-1.64,0.4));
#4422 = VECTOR('',#4423,1.);
#4423 = DIRECTION('',(0.,1.,0.));
#4424 = ORIENTED_EDGE('',*,*,#3721,.F.);
#4425 = ORIENTED_EDGE('',*,*,#4295,.T.);
#4426 = ORIENTED_EDGE('',*,*,#4427,.T.);
#4427 = EDGE_CURVE('',#4288,#4404,#4428,.T.);
#4428 = LINE('',#4429,#4430);
#4429 = CARTESIAN_POINT('',(2.85,-1.34,0.4));
#4430 = VECTOR('',#4431,1.);
#4431 = DIRECTION('',(0.,0.,1.));
#4432 = PLANE('',#4433);
#4433 = AXIS2_PLACEMENT_3D('',#4434,#4435,#4436);
#4434 = CARTESIAN_POINT('',(2.85,-1.64,0.4));
#4435 = DIRECTION('',(1.,0.,0.));
#4436 = DIRECTION('',(0.,0.,1.));
#4437 = ADVANCED_FACE('',(#4438),#4456,.F.);
#4438 = FACE_BOUND('',#4439,.F.);
#4439 = EDGE_LOOP('',(#4440,#4441,#4449,#4455));
#4440 = ORIENTED_EDGE('',*,*,#4419,.F.);
#4441 = ORIENTED_EDGE('',*,*,#4442,.T.);
#4442 = EDGE_CURVE('',#4412,#4443,#4445,.T.);
#4443 = VERTEX_POINT('',#4444);
#4444 = CARTESIAN_POINT('',(3.35,-1.64,0.4));
#4445 = LINE('',#4446,#4447);
#4446 = CARTESIAN_POINT('',(2.85,-1.64,0.4));
#4447 = VECTOR('',#4448,1.);
#4448 = DIRECTION('',(1.,0.,0.));
#4449 = ORIENTED_EDGE('',*,*,#4450,.T.);
#4450 = EDGE_CURVE('',#4443,#3706,#4451,.T.);
#4451 = LINE('',#4452,#4453);
#4452 = CARTESIAN_POINT('',(3.35,-1.64,0.4));
#4453 = VECTOR('',#4454,1.);
#4454 = DIRECTION('',(0.,1.,0.));
#4455 = ORIENTED_EDGE('',*,*,#3713,.F.);
#4456 = PLANE('',#4457);
#4457 = AXIS2_PLACEMENT_3D('',#4458,#4459,#4460);
#4458 = CARTESIAN_POINT('',(2.85,-1.64,0.4));
#4459 = DIRECTION('',(0.,0.,1.));
#4460 = DIRECTION('',(1.,0.,-0.));
#4461 = ADVANCED_FACE('',(#4462),#4510,.T.);
#4462 = FACE_BOUND('',#4463,.T.);
#4463 = EDGE_LOOP('',(#4464,#4472,#4473,#4481,#4489,#4495,#4496,#4504));
#4464 = ORIENTED_EDGE('',*,*,#4465,.F.);
#4465 = EDGE_CURVE('',#3788,#4466,#4468,.T.);
#4466 = VERTEX_POINT('',#4467);
#4467 = CARTESIAN_POINT('',(-1.25,-0.33,0.8));
#4468 = LINE('',#4469,#4470);
#4469 = CARTESIAN_POINT('',(-1.25,-2.33,0.8));
#4470 = VECTOR('',#4471,1.);
#4471 = DIRECTION('',(0.,1.,0.));
#4472 = ORIENTED_EDGE('',*,*,#3787,.F.);
#4473 = ORIENTED_EDGE('',*,*,#4474,.T.);
#4474 = EDGE_CURVE('',#3780,#4475,#4477,.T.);
#4475 = VERTEX_POINT('',#4476);
#4476 = CARTESIAN_POINT('',(-1.23,-1.53,0.8));
#4477 = LINE('',#4478,#4479);
#4478 = CARTESIAN_POINT('',(-1.23,-1.93,0.8));
#4479 = VECTOR('',#4480,1.);
#4480 = DIRECTION('',(0.,1.,0.));
#4481 = ORIENTED_EDGE('',*,*,#4482,.T.);
#4482 = EDGE_CURVE('',#4475,#4483,#4485,.T.);
#4483 = VERTEX_POINT('',#4484);
#4484 = CARTESIAN_POINT('',(7.E-02,-1.53,0.8));
#4485 = LINE('',#4486,#4487);
#4486 = CARTESIAN_POINT('',(-1.23,-1.53,0.8));
#4487 = VECTOR('',#4488,1.);
#4488 = DIRECTION('',(1.,0.,0.));
#4489 = ORIENTED_EDGE('',*,*,#4490,.F.);
#4490 = EDGE_CURVE('',#3772,#4483,#4491,.T.);
#4491 = LINE('',#4492,#4493);
#4492 = CARTESIAN_POINT('',(7.E-02,-1.93,0.8));
#4493 = VECTOR('',#4494,1.);
#4494 = DIRECTION('',(0.,1.,0.));
#4495 = ORIENTED_EDGE('',*,*,#3769,.F.);
#4496 = ORIENTED_EDGE('',*,*,#4497,.T.);
#4497 = EDGE_CURVE('',#3770,#4498,#4500,.T.);
#4498 = VERTEX_POINT('',#4499);
#4499 = CARTESIAN_POINT('',(1.25,-0.33,0.8));
#4500 = LINE('',#4501,#4502);
#4501 = CARTESIAN_POINT('',(1.25,-2.33,0.8));
#4502 = VECTOR('',#4503,1.);
#4503 = DIRECTION('',(0.,1.,0.));
#4504 = ORIENTED_EDGE('',*,*,#4505,.F.);
#4505 = EDGE_CURVE('',#4466,#4498,#4506,.T.);
#4506 = LINE('',#4507,#4508);
#4507 = CARTESIAN_POINT('',(-1.25,-0.33,0.8));
#4508 = VECTOR('',#4509,1.);
#4509 = DIRECTION('',(1.,0.,0.));
#4510 = PLANE('',#4511);
#4511 = AXIS2_PLACEMENT_3D('',#4512,#4513,#4514);
#4512 = CARTESIAN_POINT('',(-1.25,-2.33,0.8));
#4513 = DIRECTION('',(0.,0.,1.));
#4514 = DIRECTION('',(1.,0.,-0.));
#4515 = ADVANCED_FACE('',(#4516),#4534,.F.);
#4516 = FACE_BOUND('',#4517,.F.);
#4517 = EDGE_LOOP('',(#4518,#4526,#4527,#4528));
#4518 = ORIENTED_EDGE('',*,*,#4519,.F.);
#4519 = EDGE_CURVE('',#3820,#4520,#4522,.T.);
#4520 = VERTEX_POINT('',#4521);
#4521 = CARTESIAN_POINT('',(1.25,-0.33,1.2));
#4522 = LINE('',#4523,#4524);
#4523 = CARTESIAN_POINT('',(1.25,-2.33,1.2));
#4524 = VECTOR('',#4525,1.);
#4525 = DIRECTION('',(0.,1.,0.));
#4526 = ORIENTED_EDGE('',*,*,#3827,.F.);
#4527 = ORIENTED_EDGE('',*,*,#4497,.T.);
#4528 = ORIENTED_EDGE('',*,*,#4529,.T.);
#4529 = EDGE_CURVE('',#4498,#4520,#4530,.T.);
#4530 = LINE('',#4531,#4532);
#4531 = CARTESIAN_POINT('',(1.25,-0.33,0.8));
#4532 = VECTOR('',#4533,1.);
#4533 = DIRECTION('',(0.,0.,1.));
#4534 = PLANE('',#4535);
#4535 = AXIS2_PLACEMENT_3D('',#4536,#4537,#4538);
#4536 = CARTESIAN_POINT('',(1.25,-2.33,0.8));
#4537 = DIRECTION('',(1.,0.,0.));
#4538 = DIRECTION('',(0.,0.,1.));
#4539 = ADVANCED_FACE('',(#4540),#4565,.F.);
#4540 = FACE_BOUND('',#4541,.F.);
#4541 = EDGE_LOOP('',(#4542,#4550,#4558,#4564));
#4542 = ORIENTED_EDGE('',*,*,#4543,.F.);
#4543 = EDGE_CURVE('',#4544,#3780,#4546,.T.);
#4544 = VERTEX_POINT('',#4545);
#4545 = CARTESIAN_POINT('',(-1.23,-1.83,0.8));
#4546 = LINE('',#4547,#4548);
#4547 = CARTESIAN_POINT('',(-1.23,-1.93,0.8));
#4548 = VECTOR('',#4549,1.);
#4549 = DIRECTION('',(0.,1.,0.));
#4550 = ORIENTED_EDGE('',*,*,#4551,.F.);
#4551 = EDGE_CURVE('',#4552,#4544,#4554,.T.);
#4552 = VERTEX_POINT('',#4553);
#4553 = CARTESIAN_POINT('',(7.E-02,-1.83,0.8));
#4554 = LINE('',#4555,#4556);
#4555 = CARTESIAN_POINT('',(-1.23,-1.83,0.8));
#4556 = VECTOR('',#4557,1.);
#4557 = DIRECTION('',(-1.,0.,0.));
#4558 = ORIENTED_EDGE('',*,*,#4559,.T.);
#4559 = EDGE_CURVE('',#4552,#3772,#4560,.T.);
#4560 = LINE('',#4561,#4562);
#4561 = CARTESIAN_POINT('',(7.E-02,-1.93,0.8));
#4562 = VECTOR('',#4563,1.);
#4563 = DIRECTION('',(0.,1.,0.));
#4564 = ORIENTED_EDGE('',*,*,#3779,.T.);
#4565 = PLANE('',#4566);
#4566 = AXIS2_PLACEMENT_3D('',#4567,#4568,#4569);
#4567 = CARTESIAN_POINT('',(-1.23,-1.93,0.8));
#4568 = DIRECTION('',(0.,0.,1.));
#4569 = DIRECTION('',(1.,0.,-0.));
#4570 = ADVANCED_FACE('',(#4571),#4612,.F.);
#4571 = FACE_BOUND('',#4572,.F.);
#4572 = EDGE_LOOP('',(#4573,#4581,#4582,#4590,#4598,#4604,#4605,#4606));
#4573 = ORIENTED_EDGE('',*,*,#4574,.F.);
#4574 = EDGE_CURVE('',#3796,#4575,#4577,.T.);
#4575 = VERTEX_POINT('',#4576);
#4576 = CARTESIAN_POINT('',(-1.25,-0.33,1.2));
#4577 = LINE('',#4578,#4579);
#4578 = CARTESIAN_POINT('',(-1.25,-2.33,1.2));
#4579 = VECTOR('',#4580,1.);
#4580 = DIRECTION('',(0.,1.,0.));
#4581 = ORIENTED_EDGE('',*,*,#3803,.F.);
#4582 = ORIENTED_EDGE('',*,*,#4583,.T.);
#4583 = EDGE_CURVE('',#3804,#4584,#4586,.T.);
#4584 = VERTEX_POINT('',#4585);
#4585 = CARTESIAN_POINT('',(-1.23,-1.53,1.2));
#4586 = LINE('',#4587,#4588);
#4587 = CARTESIAN_POINT('',(-1.23,-1.93,1.2));
#4588 = VECTOR('',#4589,1.);
#4589 = DIRECTION('',(0.,1.,0.));
#4590 = ORIENTED_EDGE('',*,*,#4591,.T.);
#4591 = EDGE_CURVE('',#4584,#4592,#4594,.T.);
#4592 = VERTEX_POINT('',#4593);
#4593 = CARTESIAN_POINT('',(7.E-02,-1.53,1.2));
#4594 = LINE('',#4595,#4596);
#4595 = CARTESIAN_POINT('',(-1.23,-1.53,1.2));
#4596 = VECTOR('',#4597,1.);
#4597 = DIRECTION('',(1.,0.,0.));
#4598 = ORIENTED_EDGE('',*,*,#4599,.F.);
#4599 = EDGE_CURVE('',#3812,#4592,#4600,.T.);
#4600 = LINE('',#4601,#4602);
#4601 = CARTESIAN_POINT('',(7.E-02,-1.93,1.2));
#4602 = VECTOR('',#4603,1.);
#4603 = DIRECTION('',(0.,1.,0.));
#4604 = ORIENTED_EDGE('',*,*,#3819,.F.);
#4605 = ORIENTED_EDGE('',*,*,#4519,.T.);
#4606 = ORIENTED_EDGE('',*,*,#4607,.F.);
#4607 = EDGE_CURVE('',#4575,#4520,#4608,.T.);
#4608 = LINE('',#4609,#4610);
#4609 = CARTESIAN_POINT('',(-1.25,-0.33,1.2));
#4610 = VECTOR('',#4611,1.);
#4611 = DIRECTION('',(1.,0.,0.));
#4612 = PLANE('',#4613);
#4613 = AXIS2_PLACEMENT_3D('',#4614,#4615,#4616);
#4614 = CARTESIAN_POINT('',(-1.25,-2.33,1.2));
#4615 = DIRECTION('',(0.,0.,1.));
#4616 = DIRECTION('',(1.,0.,-0.));
#4617 = ADVANCED_FACE('',(#4618),#4643,.T.);
#4618 = FACE_BOUND('',#4619,.T.);
#4619 = EDGE_LOOP('',(#4620,#4628,#4636,#4642));
#4620 = ORIENTED_EDGE('',*,*,#4621,.F.);
#4621 = EDGE_CURVE('',#4622,#3804,#4624,.T.);
#4622 = VERTEX_POINT('',#4623);
#4623 = CARTESIAN_POINT('',(-1.23,-1.83,1.2));
#4624 = LINE('',#4625,#4626);
#4625 = CARTESIAN_POINT('',(-1.23,-1.93,1.2));
#4626 = VECTOR('',#4627,1.);
#4627 = DIRECTION('',(0.,1.,0.));
#4628 = ORIENTED_EDGE('',*,*,#4629,.T.);
#4629 = EDGE_CURVE('',#4622,#4630,#4632,.T.);
#4630 = VERTEX_POINT('',#4631);
#4631 = CARTESIAN_POINT('',(7.E-02,-1.83,1.2));
#4632 = LINE('',#4633,#4634);
#4633 = CARTESIAN_POINT('',(-1.23,-1.83,1.2));
#4634 = VECTOR('',#4635,1.);
#4635 = DIRECTION('',(1.,0.,0.));
#4636 = ORIENTED_EDGE('',*,*,#4637,.T.);
#4637 = EDGE_CURVE('',#4630,#3812,#4638,.T.);
#4638 = LINE('',#4639,#4640);
#4639 = CARTESIAN_POINT('',(7.E-02,-1.93,1.2));
#4640 = VECTOR('',#4641,1.);
#4641 = DIRECTION('',(0.,1.,0.));
#4642 = ORIENTED_EDGE('',*,*,#3811,.T.);
#4643 = PLANE('',#4644);
#4644 = AXIS2_PLACEMENT_3D('',#4645,#4646,#4647);
#4645 = CARTESIAN_POINT('',(-1.23,-1.93,1.2));
#4646 = DIRECTION('',(0.,0.,1.));
#4647 = DIRECTION('',(1.,0.,-0.));
#4648 = ADVANCED_FACE('',(#4649),#4660,.T.);
#4649 = FACE_BOUND('',#4650,.T.);
#4650 = EDGE_LOOP('',(#4651,#4652,#4653,#4654));
#4651 = ORIENTED_EDGE('',*,*,#4574,.F.);
#4652 = ORIENTED_EDGE('',*,*,#3795,.F.);
#4653 = ORIENTED_EDGE('',*,*,#4465,.T.);
#4654 = ORIENTED_EDGE('',*,*,#4655,.T.);
#4655 = EDGE_CURVE('',#4466,#4575,#4656,.T.);
#4656 = LINE('',#4657,#4658);
#4657 = CARTESIAN_POINT('',(-1.25,-0.33,0.8));
#4658 = VECTOR('',#4659,1.);
#4659 = DIRECTION('',(0.,0.,1.));
#4660 = PLANE('',#4661);
#4661 = AXIS2_PLACEMENT_3D('',#4662,#4663,#4664);
#4662 = CARTESIAN_POINT('',(-1.25,-2.33,0.8));
#4663 = DIRECTION('',(1.,0.,0.));
#4664 = DIRECTION('',(0.,0.,1.));
#4665 = ADVANCED_FACE('',(#4666),#4691,.T.);
#4666 = FACE_BOUND('',#4667,.T.);
#4667 = EDGE_LOOP('',(#4668,#4669,#4677,#4685));
#4668 = ORIENTED_EDGE('',*,*,#3841,.F.);
#4669 = ORIENTED_EDGE('',*,*,#4670,.T.);
#4670 = EDGE_CURVE('',#3842,#4671,#4673,.T.);
#4671 = VERTEX_POINT('',#4672);
#4672 = CARTESIAN_POINT('',(3.85,0.57,0.15));
#4673 = LINE('',#4674,#4675);
#4674 = CARTESIAN_POINT('',(3.35,0.57,0.15));
#4675 = VECTOR('',#4676,1.);
#4676 = DIRECTION('',(1.,0.,0.));
#4677 = ORIENTED_EDGE('',*,*,#4678,.T.);
#4678 = EDGE_CURVE('',#4671,#4679,#4681,.T.);
#4679 = VERTEX_POINT('',#4680);
#4680 = CARTESIAN_POINT('',(3.85,0.97,0.15));
#4681 = LINE('',#4682,#4683);
#4682 = CARTESIAN_POINT('',(3.85,0.57,0.15));
#4683 = VECTOR('',#4684,1.);
#4684 = DIRECTION('',(0.,1.,0.));
#4685 = ORIENTED_EDGE('',*,*,#4686,.F.);
#4686 = EDGE_CURVE('',#3844,#4679,#4687,.T.);
#4687 = LINE('',#4688,#4689);
#4688 = CARTESIAN_POINT('',(3.35,0.97,0.15));
#4689 = VECTOR('',#4690,1.);
#4690 = DIRECTION('',(1.,0.,0.));
#4691 = PLANE('',#4692);
#4692 = AXIS2_PLACEMENT_3D('',#4693,#4694,#4695);
#4693 = CARTESIAN_POINT('',(3.35,0.57,0.15));
#4694 = DIRECTION('',(0.,0.,1.));
#4695 = DIRECTION('',(1.,0.,-0.));
#4696 = ADVANCED_FACE('',(#4697),#4715,.F.);
#4697 = FACE_BOUND('',#4698,.F.);
#4698 = EDGE_LOOP('',(#4699,#4707,#4708,#4709));
#4699 = ORIENTED_EDGE('',*,*,#4700,.F.);
#4700 = EDGE_CURVE('',#3885,#4701,#4703,.T.);
#4701 = VERTEX_POINT('',#4702);
#4702 = CARTESIAN_POINT('',(3.85,0.57,0.));
#4703 = LINE('',#4704,#4705);
#4704 = CARTESIAN_POINT('',(3.35,0.57,0.));
#4705 = VECTOR('',#4706,1.);
#4706 = DIRECTION('',(1.,0.,0.));
#4707 = ORIENTED_EDGE('',*,*,#3892,.T.);
#4708 = ORIENTED_EDGE('',*,*,#4670,.T.);
#4709 = ORIENTED_EDGE('',*,*,#4710,.F.);
#4710 = EDGE_CURVE('',#4701,#4671,#4711,.T.);
#4711 = LINE('',#4712,#4713);
#4712 = CARTESIAN_POINT('',(3.85,0.57,0.));
#4713 = VECTOR('',#4714,1.);
#4714 = DIRECTION('',(0.,0.,1.));
#4715 = PLANE('',#4716);
#4716 = AXIS2_PLACEMENT_3D('',#4717,#4718,#4719);
#4717 = CARTESIAN_POINT('',(3.35,0.57,0.));
#4718 = DIRECTION('',(0.,1.,0.));
#4719 = DIRECTION('',(0.,-0.,1.));
#4720 = ADVANCED_FACE('',(#4721),#4747,.T.);
#4721 = FACE_BOUND('',#4722,.T.);
#4722 = EDGE_LOOP('',(#4723,#4731,#4732,#4733,#4741));
#4723 = ORIENTED_EDGE('',*,*,#4724,.F.);
#4724 = EDGE_CURVE('',#4443,#4725,#4727,.T.);
#4725 = VERTEX_POINT('',#4726);
#4726 = CARTESIAN_POINT('',(3.35,-1.64,0.5));
#4727 = LINE('',#4728,#4729);
#4728 = CARTESIAN_POINT('',(3.35,-1.64,0.4));
#4729 = VECTOR('',#4730,1.);
#4730 = DIRECTION('',(0.,0.,1.));
#4731 = ORIENTED_EDGE('',*,*,#4450,.T.);
#4732 = ORIENTED_EDGE('',*,*,#3875,.F.);
#4733 = ORIENTED_EDGE('',*,*,#4734,.T.);
#4734 = EDGE_CURVE('',#3868,#4735,#4737,.T.);
#4735 = VERTEX_POINT('',#4736);
#4736 = CARTESIAN_POINT('',(3.35,-1.34,0.5));
#4737 = LINE('',#4738,#4739);
#4738 = CARTESIAN_POINT('',(3.35,-1.34,0.4));
#4739 = VECTOR('',#4740,1.);
#4740 = DIRECTION('',(0.,0.,1.));
#4741 = ORIENTED_EDGE('',*,*,#4742,.F.);
#4742 = EDGE_CURVE('',#4725,#4735,#4743,.T.);
#4743 = LINE('',#4744,#4745);
#4744 = CARTESIAN_POINT('',(3.35,-1.64,0.5));
#4745 = VECTOR('',#4746,1.);
#4746 = DIRECTION('',(0.,1.,0.));
#4747 = PLANE('',#4748);
#4748 = AXIS2_PLACEMENT_3D('',#4749,#4750,#4751);
#4749 = CARTESIAN_POINT('',(3.35,-1.64,0.4));
#4750 = DIRECTION('',(1.,0.,0.));
#4751 = DIRECTION('',(0.,0.,1.));
#4752 = ADVANCED_FACE('',(#4753),#4769,.F.);
#4753 = FACE_BOUND('',#4754,.F.);
#4754 = EDGE_LOOP('',(#4755,#4761,#4762,#4768));
#4755 = ORIENTED_EDGE('',*,*,#4756,.F.);
#4756 = EDGE_CURVE('',#3860,#4272,#4757,.T.);
#4757 = LINE('',#4758,#4759);
#4758 = CARTESIAN_POINT('',(3.254357798165,0.68,0.71880733945));
#4759 = VECTOR('',#4760,1.);
#4760 = DIRECTION('',(-0.287347885566,0.,0.957826285221));
#4761 = ORIENTED_EDGE('',*,*,#3867,.T.);
#4762 = ORIENTED_EDGE('',*,*,#4763,.T.);
#4763 = EDGE_CURVE('',#3868,#4280,#4764,.T.);
#4764 = LINE('',#4765,#4766);
#4765 = CARTESIAN_POINT('',(3.254357798165,-1.34,0.71880733945));
#4766 = VECTOR('',#4767,1.);
#4767 = DIRECTION('',(-0.287347885566,0.,0.957826285221));
#4768 = ORIENTED_EDGE('',*,*,#4279,.F.);
#4769 = PLANE('',#4770);
#4770 = AXIS2_PLACEMENT_3D('',#4771,#4772,#4773);
#4771 = CARTESIAN_POINT('',(3.2,0.97,0.9));
#4772 = DIRECTION('',(-0.957826285221,0.,-0.287347885566));
#4773 = DIRECTION('',(0.,-1.,-0.));
#4774 = ADVANCED_FACE('',(#4775),#4808,.T.);
#4775 = FACE_BOUND('',#4776,.T.);
#4776 = EDGE_LOOP('',(#4777,#4785,#4786,#4794,#4802));
#4777 = ORIENTED_EDGE('',*,*,#4778,.F.);
#4778 = EDGE_CURVE('',#3860,#4779,#4781,.T.);
#4779 = VERTEX_POINT('',#4780);
#4780 = CARTESIAN_POINT('',(3.35,0.68,0.5));
#4781 = LINE('',#4782,#4783);
#4782 = CARTESIAN_POINT('',(3.35,0.68,0.4));
#4783 = VECTOR('',#4784,1.);
#4784 = DIRECTION('',(0.,0.,1.));
#4785 = ORIENTED_EDGE('',*,*,#3859,.F.);
#4786 = ORIENTED_EDGE('',*,*,#4787,.T.);
#4787 = EDGE_CURVE('',#3852,#4788,#4790,.T.);
#4788 = VERTEX_POINT('',#4789);
#4789 = CARTESIAN_POINT('',(3.35,0.98,0.4));
#4790 = LINE('',#4791,#4792);
#4791 = CARTESIAN_POINT('',(3.35,0.68,0.4));
#4792 = VECTOR('',#4793,1.);
#4793 = DIRECTION('',(0.,1.,0.));
#4794 = ORIENTED_EDGE('',*,*,#4795,.T.);
#4795 = EDGE_CURVE('',#4788,#4796,#4798,.T.);
#4796 = VERTEX_POINT('',#4797);
#4797 = CARTESIAN_POINT('',(3.35,0.98,0.5));
#4798 = LINE('',#4799,#4800);
#4799 = CARTESIAN_POINT('',(3.35,0.98,0.4));
#4800 = VECTOR('',#4801,1.);
#4801 = DIRECTION('',(0.,0.,1.));
#4802 = ORIENTED_EDGE('',*,*,#4803,.F.);
#4803 = EDGE_CURVE('',#4779,#4796,#4804,.T.);
#4804 = LINE('',#4805,#4806);
#4805 = CARTESIAN_POINT('',(3.35,0.68,0.5));
#4806 = VECTOR('',#4807,1.);
#4807 = DIRECTION('',(0.,1.,0.));
#4808 = PLANE('',#4809);
#4809 = AXIS2_PLACEMENT_3D('',#4810,#4811,#4812);
#4810 = CARTESIAN_POINT('',(3.35,0.68,0.4));
#4811 = DIRECTION('',(1.,0.,0.));
#4812 = DIRECTION('',(0.,0.,1.));
#4813 = ADVANCED_FACE('',(#4814),#4929,.T.);
#4814 = FACE_BOUND('',#4815,.T.);
#4815 = EDGE_LOOP('',(#4816,#4817,#4823,#4824,#4832,#4838,#4839,#4847,
    #4853,#4854,#4860,#4861,#4869,#4877,#4883,#4884,#4892,#4900,#4906,
    #4907,#4915,#4923));
#4816 = ORIENTED_EDGE('',*,*,#3906,.F.);
#4817 = ORIENTED_EDGE('',*,*,#4818,.T.);
#4818 = EDGE_CURVE('',#3907,#4138,#4819,.T.);
#4819 = LINE('',#4820,#4821);
#4820 = CARTESIAN_POINT('',(-3.35,0.97,0.));
#4821 = VECTOR('',#4822,1.);
#4822 = DIRECTION('',(0.,0.,1.));
#4823 = ORIENTED_EDGE('',*,*,#4137,.T.);
#4824 = ORIENTED_EDGE('',*,*,#4825,.F.);
#4825 = EDGE_CURVE('',#4826,#4130,#4828,.T.);
#4826 = VERTEX_POINT('',#4827);
#4827 = CARTESIAN_POINT('',(-2.85,0.97,0.4));
#4828 = LINE('',#4829,#4830);
#4829 = CARTESIAN_POINT('',(-3.1,0.97,0.4));
#4830 = VECTOR('',#4831,1.);
#4831 = DIRECTION('',(-1.,0.,0.));
#4832 = ORIENTED_EDGE('',*,*,#4833,.F.);
#4833 = EDGE_CURVE('',#4246,#4826,#4834,.T.);
#4834 = LINE('',#4835,#4836);
#4835 = CARTESIAN_POINT('',(-2.85,0.97,0.2));
#4836 = VECTOR('',#4837,1.);
#4837 = DIRECTION('',(0.,0.,-1.));
#4838 = ORIENTED_EDGE('',*,*,#4255,.T.);
#4839 = ORIENTED_EDGE('',*,*,#4840,.F.);
#4840 = EDGE_CURVE('',#4841,#4256,#4843,.T.);
#4841 = VERTEX_POINT('',#4842);
#4842 = CARTESIAN_POINT('',(2.85,0.97,0.4));
#4843 = LINE('',#4844,#4845);
#4844 = CARTESIAN_POINT('',(2.85,0.97,0.2));
#4845 = VECTOR('',#4846,1.);
#4846 = DIRECTION('',(0.,0.,1.));
#4847 = ORIENTED_EDGE('',*,*,#4848,.F.);
#4848 = EDGE_CURVE('',#3852,#4841,#4849,.T.);
#4849 = LINE('',#4850,#4851);
#4850 = CARTESIAN_POINT('',(-0.25,0.97,0.4));
#4851 = VECTOR('',#4852,1.);
#4852 = DIRECTION('',(-1.,0.,0.));
#4853 = ORIENTED_EDGE('',*,*,#3851,.F.);
#4854 = ORIENTED_EDGE('',*,*,#4855,.F.);
#4855 = EDGE_CURVE('',#4005,#3844,#4856,.T.);
#4856 = LINE('',#4857,#4858);
#4857 = CARTESIAN_POINT('',(3.35,0.97,0.));
#4858 = VECTOR('',#4859,1.);
#4859 = DIRECTION('',(0.,0.,1.));
#4860 = ORIENTED_EDGE('',*,*,#4004,.F.);
#4861 = ORIENTED_EDGE('',*,*,#4862,.T.);
#4862 = EDGE_CURVE('',#3997,#4863,#4865,.T.);
#4863 = VERTEX_POINT('',#4864);
#4864 = CARTESIAN_POINT('',(2.65,0.97,0.4));
#4865 = LINE('',#4866,#4867);
#4866 = CARTESIAN_POINT('',(2.65,0.97,0.));
#4867 = VECTOR('',#4868,1.);
#4868 = DIRECTION('',(0.,0.,1.));
#4869 = ORIENTED_EDGE('',*,*,#4870,.T.);
#4870 = EDGE_CURVE('',#4863,#4871,#4873,.T.);
#4871 = VERTEX_POINT('',#4872);
#4872 = CARTESIAN_POINT('',(1.85,0.97,0.4));
#4873 = LINE('',#4874,#4875);
#4874 = CARTESIAN_POINT('',(-0.75,0.97,0.4));
#4875 = VECTOR('',#4876,1.);
#4876 = DIRECTION('',(-1.,0.,0.));
#4877 = ORIENTED_EDGE('',*,*,#4878,.F.);
#4878 = EDGE_CURVE('',#3973,#4871,#4879,.T.);
#4879 = LINE('',#4880,#4881);
#4880 = CARTESIAN_POINT('',(1.85,0.97,0.));
#4881 = VECTOR('',#4882,1.);
#4882 = DIRECTION('',(0.,0.,1.));
#4883 = ORIENTED_EDGE('',*,*,#3972,.F.);
#4884 = ORIENTED_EDGE('',*,*,#4885,.T.);
#4885 = EDGE_CURVE('',#3965,#4886,#4888,.T.);
#4886 = VERTEX_POINT('',#4887);
#4887 = CARTESIAN_POINT('',(1.15,0.97,0.4));
#4888 = LINE('',#4889,#4890);
#4889 = CARTESIAN_POINT('',(1.15,0.97,0.));
#4890 = VECTOR('',#4891,1.);
#4891 = DIRECTION('',(0.,0.,1.));
#4892 = ORIENTED_EDGE('',*,*,#4893,.T.);
#4893 = EDGE_CURVE('',#4886,#4894,#4896,.T.);
#4894 = VERTEX_POINT('',#4895);
#4895 = CARTESIAN_POINT('',(0.35,0.97,0.4));
#4896 = LINE('',#4897,#4898);
#4897 = CARTESIAN_POINT('',(-1.5,0.97,0.4));
#4898 = VECTOR('',#4899,1.);
#4899 = DIRECTION('',(-1.,0.,0.));
#4900 = ORIENTED_EDGE('',*,*,#4901,.F.);
#4901 = EDGE_CURVE('',#3941,#4894,#4902,.T.);
#4902 = LINE('',#4903,#4904);
#4903 = CARTESIAN_POINT('',(0.35,0.97,0.));
#4904 = VECTOR('',#4905,1.);
#4905 = DIRECTION('',(0.,0.,1.));
#4906 = ORIENTED_EDGE('',*,*,#3940,.F.);
#4907 = ORIENTED_EDGE('',*,*,#4908,.T.);
#4908 = EDGE_CURVE('',#3933,#4909,#4911,.T.);
#4909 = VERTEX_POINT('',#4910);
#4910 = CARTESIAN_POINT('',(-1.85,0.97,0.4));
#4911 = LINE('',#4912,#4913);
#4912 = CARTESIAN_POINT('',(-1.85,0.97,0.));
#4913 = VECTOR('',#4914,1.);
#4914 = DIRECTION('',(0.,0.,1.));
#4915 = ORIENTED_EDGE('',*,*,#4916,.T.);
#4916 = EDGE_CURVE('',#4909,#4917,#4919,.T.);
#4917 = VERTEX_POINT('',#4918);
#4918 = CARTESIAN_POINT('',(-2.65,0.97,0.4));
#4919 = LINE('',#4920,#4921);
#4920 = CARTESIAN_POINT('',(-3.,0.97,0.4));
#4921 = VECTOR('',#4922,1.);
#4922 = DIRECTION('',(-1.,0.,0.));
#4923 = ORIENTED_EDGE('',*,*,#4924,.F.);
#4924 = EDGE_CURVE('',#3909,#4917,#4925,.T.);
#4925 = LINE('',#4926,#4927);
#4926 = CARTESIAN_POINT('',(-2.65,0.97,0.));
#4927 = VECTOR('',#4928,1.);
#4928 = DIRECTION('',(0.,0.,1.));
#4929 = PLANE('',#4930);
#4930 = AXIS2_PLACEMENT_3D('',#4931,#4932,#4933);
#4931 = CARTESIAN_POINT('',(-3.35,0.97,0.));
#4932 = DIRECTION('',(0.,1.,0.));
#4933 = DIRECTION('',(1.,0.,0.));
#4934 = ADVANCED_FACE('',(#4935),#4960,.F.);
#4935 = FACE_BOUND('',#4936,.F.);
#4936 = EDGE_LOOP('',(#4937,#4947,#4953,#4954));
#4937 = ORIENTED_EDGE('',*,*,#4938,.F.);
#4938 = EDGE_CURVE('',#4939,#4941,#4943,.T.);
#4939 = VERTEX_POINT('',#4940);
#4940 = CARTESIAN_POINT('',(-3.85,0.57,0.));
#4941 = VERTEX_POINT('',#4942);
#4942 = CARTESIAN_POINT('',(-3.85,0.97,0.));
#4943 = LINE('',#4944,#4945);
#4944 = CARTESIAN_POINT('',(-3.85,0.57,0.));
#4945 = VECTOR('',#4946,1.);
#4946 = DIRECTION('',(0.,1.,0.));
#4947 = ORIENTED_EDGE('',*,*,#4948,.T.);
#4948 = EDGE_CURVE('',#4939,#4030,#4949,.T.);
#4949 = LINE('',#4950,#4951);
#4950 = CARTESIAN_POINT('',(-3.85,0.57,0.));
#4951 = VECTOR('',#4952,1.);
#4952 = DIRECTION('',(1.,0.,0.));
#4953 = ORIENTED_EDGE('',*,*,#4037,.T.);
#4954 = ORIENTED_EDGE('',*,*,#4955,.F.);
#4955 = EDGE_CURVE('',#4941,#3907,#4956,.T.);
#4956 = LINE('',#4957,#4958);
#4957 = CARTESIAN_POINT('',(-3.85,0.97,0.));
#4958 = VECTOR('',#4959,1.);
#4959 = DIRECTION('',(1.,0.,0.));
#4960 = PLANE('',#4961);
#4961 = AXIS2_PLACEMENT_3D('',#4962,#4963,#4964);
#4962 = CARTESIAN_POINT('',(-3.85,0.57,0.));
#4963 = DIRECTION('',(0.,0.,1.));
#4964 = DIRECTION('',(1.,0.,-0.));
#4965 = ADVANCED_FACE('',(#4966),#4984,.F.);
#4966 = FACE_BOUND('',#4967,.F.);
#4967 = EDGE_LOOP('',(#4968,#4976,#4977,#4978));
#4968 = ORIENTED_EDGE('',*,*,#4969,.F.);
#4969 = EDGE_CURVE('',#4074,#4970,#4972,.T.);
#4970 = VERTEX_POINT('',#4971);
#4971 = CARTESIAN_POINT('',(-3.85,-1.23,0.));
#4972 = LINE('',#4973,#4974);
#4973 = CARTESIAN_POINT('',(-3.85,-1.63,0.));
#4974 = VECTOR('',#4975,1.);
#4975 = DIRECTION('',(0.,1.,0.));
#4976 = ORIENTED_EDGE('',*,*,#4073,.T.);
#4977 = ORIENTED_EDGE('',*,*,#4021,.T.);
#4978 = ORIENTED_EDGE('',*,*,#4979,.F.);
#4979 = EDGE_CURVE('',#4970,#4022,#4980,.T.);
#4980 = LINE('',#4981,#4982);
#4981 = CARTESIAN_POINT('',(-3.85,-1.23,0.));
#4982 = VECTOR('',#4983,1.);
#4983 = DIRECTION('',(1.,0.,0.));
#4984 = PLANE('',#4985);
#4985 = AXIS2_PLACEMENT_3D('',#4986,#4987,#4988);
#4986 = CARTESIAN_POINT('',(-3.85,-1.63,0.));
#4987 = DIRECTION('',(0.,0.,1.));
#4988 = DIRECTION('',(1.,0.,-0.));
#4989 = ADVANCED_FACE('',(#4990),#5008,.F.);
#4990 = FACE_BOUND('',#4991,.F.);
#4991 = EDGE_LOOP('',(#4992,#4993,#4994,#5002));
#4992 = ORIENTED_EDGE('',*,*,#4012,.T.);
#4993 = ORIENTED_EDGE('',*,*,#4700,.T.);
#4994 = ORIENTED_EDGE('',*,*,#4995,.T.);
#4995 = EDGE_CURVE('',#4701,#4996,#4998,.T.);
#4996 = VERTEX_POINT('',#4997);
#4997 = CARTESIAN_POINT('',(3.85,0.97,0.));
#4998 = LINE('',#4999,#5000);
#4999 = CARTESIAN_POINT('',(3.85,0.57,0.));
#5000 = VECTOR('',#5001,1.);
#5001 = DIRECTION('',(0.,1.,0.));
#5002 = ORIENTED_EDGE('',*,*,#5003,.F.);
#5003 = EDGE_CURVE('',#4005,#4996,#5004,.T.);
#5004 = LINE('',#5005,#5006);
#5005 = CARTESIAN_POINT('',(3.35,0.97,0.));
#5006 = VECTOR('',#5007,1.);
#5007 = DIRECTION('',(1.,0.,0.));
#5008 = PLANE('',#5009);
#5009 = AXIS2_PLACEMENT_3D('',#5010,#5011,#5012);
#5010 = CARTESIAN_POINT('',(3.35,0.57,0.));
#5011 = DIRECTION('',(0.,0.,1.));
#5012 = DIRECTION('',(1.,0.,-0.));
#5013 = ADVANCED_FACE('',(#5014),#5041,.F.);
#5014 = FACE_BOUND('',#5015,.F.);
#5015 = EDGE_LOOP('',(#5016,#5017,#5018,#5019,#5027,#5035));
#5016 = ORIENTED_EDGE('',*,*,#3980,.F.);
#5017 = ORIENTED_EDGE('',*,*,#3988,.T.);
#5018 = ORIENTED_EDGE('',*,*,#3996,.T.);
#5019 = ORIENTED_EDGE('',*,*,#5020,.F.);
#5020 = EDGE_CURVE('',#5021,#3997,#5023,.T.);
#5021 = VERTEX_POINT('',#5022);
#5022 = CARTESIAN_POINT('',(2.45,0.97,0.));
#5023 = LINE('',#5024,#5025);
#5024 = CARTESIAN_POINT('',(-3.35,0.97,0.));
#5025 = VECTOR('',#5026,1.);
#5026 = DIRECTION('',(1.,0.,0.));
#5027 = ORIENTED_EDGE('',*,*,#5028,.F.);
#5028 = EDGE_CURVE('',#5029,#5021,#5031,.T.);
#5029 = VERTEX_POINT('',#5030);
#5030 = CARTESIAN_POINT('',(2.05,0.97,0.));
#5031 = LINE('',#5032,#5033);
#5032 = CARTESIAN_POINT('',(-3.35,0.97,0.));
#5033 = VECTOR('',#5034,1.);
#5034 = DIRECTION('',(1.,0.,0.));
#5035 = ORIENTED_EDGE('',*,*,#5036,.F.);
#5036 = EDGE_CURVE('',#3973,#5029,#5037,.T.);
#5037 = LINE('',#5038,#5039);
#5038 = CARTESIAN_POINT('',(-3.35,0.97,0.));
#5039 = VECTOR('',#5040,1.);
#5040 = DIRECTION('',(1.,0.,0.));
#5041 = PLANE('',#5042);
#5042 = AXIS2_PLACEMENT_3D('',#5043,#5044,#5045);
#5043 = CARTESIAN_POINT('',(1.85,0.58,0.));
#5044 = DIRECTION('',(0.,0.,1.));
#5045 = DIRECTION('',(1.,0.,-0.));
#5046 = ADVANCED_FACE('',(#5047),#5074,.F.);
#5047 = FACE_BOUND('',#5048,.F.);
#5048 = EDGE_LOOP('',(#5049,#5050,#5051,#5052,#5060,#5068));
#5049 = ORIENTED_EDGE('',*,*,#3948,.F.);
#5050 = ORIENTED_EDGE('',*,*,#3956,.T.);
#5051 = ORIENTED_EDGE('',*,*,#3964,.T.);
#5052 = ORIENTED_EDGE('',*,*,#5053,.F.);
#5053 = EDGE_CURVE('',#5054,#3965,#5056,.T.);
#5054 = VERTEX_POINT('',#5055);
#5055 = CARTESIAN_POINT('',(0.95,0.97,0.));
#5056 = LINE('',#5057,#5058);
#5057 = CARTESIAN_POINT('',(-3.35,0.97,0.));
#5058 = VECTOR('',#5059,1.);
#5059 = DIRECTION('',(1.,0.,0.));
#5060 = ORIENTED_EDGE('',*,*,#5061,.F.);
#5061 = EDGE_CURVE('',#5062,#5054,#5064,.T.);
#5062 = VERTEX_POINT('',#5063);
#5063 = CARTESIAN_POINT('',(0.55,0.97,0.));
#5064 = LINE('',#5065,#5066);
#5065 = CARTESIAN_POINT('',(-3.35,0.97,0.));
#5066 = VECTOR('',#5067,1.);
#5067 = DIRECTION('',(1.,0.,0.));
#5068 = ORIENTED_EDGE('',*,*,#5069,.F.);
#5069 = EDGE_CURVE('',#3941,#5062,#5070,.T.);
#5070 = LINE('',#5071,#5072);
#5071 = CARTESIAN_POINT('',(-3.35,0.97,0.));
#5072 = VECTOR('',#5073,1.);
#5073 = DIRECTION('',(1.,0.,0.));
#5074 = PLANE('',#5075);
#5075 = AXIS2_PLACEMENT_3D('',#5076,#5077,#5078);
#5076 = CARTESIAN_POINT('',(0.35,0.58,0.));
#5077 = DIRECTION('',(0.,0.,1.));
#5078 = DIRECTION('',(1.,0.,-0.));
#5079 = ADVANCED_FACE('',(#5080),#5107,.F.);
#5080 = FACE_BOUND('',#5081,.F.);
#5081 = EDGE_LOOP('',(#5082,#5083,#5084,#5085,#5093,#5101));
#5082 = ORIENTED_EDGE('',*,*,#3916,.F.);
#5083 = ORIENTED_EDGE('',*,*,#3924,.T.);
#5084 = ORIENTED_EDGE('',*,*,#3932,.T.);
#5085 = ORIENTED_EDGE('',*,*,#5086,.F.);
#5086 = EDGE_CURVE('',#5087,#3933,#5089,.T.);
#5087 = VERTEX_POINT('',#5088);
#5088 = CARTESIAN_POINT('',(-2.05,0.97,0.));
#5089 = LINE('',#5090,#5091);
#5090 = CARTESIAN_POINT('',(-3.35,0.97,0.));
#5091 = VECTOR('',#5092,1.);
#5092 = DIRECTION('',(1.,0.,0.));
#5093 = ORIENTED_EDGE('',*,*,#5094,.F.);
#5094 = EDGE_CURVE('',#5095,#5087,#5097,.T.);
#5095 = VERTEX_POINT('',#5096);
#5096 = CARTESIAN_POINT('',(-2.45,0.97,0.));
#5097 = LINE('',#5098,#5099);
#5098 = CARTESIAN_POINT('',(-3.35,0.97,0.));
#5099 = VECTOR('',#5100,1.);
#5100 = DIRECTION('',(1.,0.,0.));
#5101 = ORIENTED_EDGE('',*,*,#5102,.F.);
#5102 = EDGE_CURVE('',#3909,#5095,#5103,.T.);
#5103 = LINE('',#5104,#5105);
#5104 = CARTESIAN_POINT('',(-3.35,0.97,0.));
#5105 = VECTOR('',#5106,1.);
#5106 = DIRECTION('',(1.,0.,0.));
#5107 = PLANE('',#5108);
#5108 = AXIS2_PLACEMENT_3D('',#5109,#5110,#5111);
#5109 = CARTESIAN_POINT('',(-2.65,0.58,0.));
#5110 = DIRECTION('',(0.,0.,1.));
#5111 = DIRECTION('',(1.,0.,-0.));
#5112 = ADVANCED_FACE('',(#5113),#5132,.T.);
#5113 = FACE_BOUND('',#5114,.T.);
#5114 = EDGE_LOOP('',(#5115,#5124,#5130,#5131));
#5115 = ORIENTED_EDGE('',*,*,#5116,.T.);
#5116 = EDGE_CURVE('',#5117,#5117,#5119,.T.);
#5117 = VERTEX_POINT('',#5118);
#5118 = CARTESIAN_POINT('',(1.9,-0.33,-0.4));
#5119 = CIRCLE('',#5120,0.4);
#5120 = AXIS2_PLACEMENT_3D('',#5121,#5122,#5123);
#5121 = CARTESIAN_POINT('',(1.5,-0.33,-0.4));
#5122 = DIRECTION('',(0.,0.,1.));
#5123 = DIRECTION('',(1.,0.,-0.));
#5124 = ORIENTED_EDGE('',*,*,#5125,.T.);
#5125 = EDGE_CURVE('',#5117,#4046,#5126,.T.);
#5126 = LINE('',#5127,#5128);
#5127 = CARTESIAN_POINT('',(1.9,-0.33,-0.5));
#5128 = VECTOR('',#5129,1.);
#5129 = DIRECTION('',(0.,0.,1.));
#5130 = ORIENTED_EDGE('',*,*,#4045,.F.);
#5131 = ORIENTED_EDGE('',*,*,#5125,.F.);
#5132 = CYLINDRICAL_SURFACE('',#5133,0.4);
#5133 = AXIS2_PLACEMENT_3D('',#5134,#5135,#5136);
#5134 = CARTESIAN_POINT('',(1.5,-0.33,-0.5));
#5135 = DIRECTION('',(0.,0.,1.));
#5136 = DIRECTION('',(1.,0.,-0.));
#5137 = ADVANCED_FACE('',(#5138),#5157,.T.);
#5138 = FACE_BOUND('',#5139,.T.);
#5139 = EDGE_LOOP('',(#5140,#5149,#5155,#5156));
#5140 = ORIENTED_EDGE('',*,*,#5141,.T.);
#5141 = EDGE_CURVE('',#5142,#5142,#5144,.T.);
#5142 = VERTEX_POINT('',#5143);
#5143 = CARTESIAN_POINT('',(-1.1,-0.33,-0.4));
#5144 = CIRCLE('',#5145,0.4);
#5145 = AXIS2_PLACEMENT_3D('',#5146,#5147,#5148);
#5146 = CARTESIAN_POINT('',(-1.5,-0.33,-0.4));
#5147 = DIRECTION('',(0.,0.,1.));
#5148 = DIRECTION('',(1.,0.,-0.));
#5149 = ORIENTED_EDGE('',*,*,#5150,.T.);
#5150 = EDGE_CURVE('',#5142,#4057,#5151,.T.);
#5151 = LINE('',#5152,#5153);
#5152 = CARTESIAN_POINT('',(-1.1,-0.33,-0.5));
#5153 = VECTOR('',#5154,1.);
#5154 = DIRECTION('',(0.,0.,1.));
#5155 = ORIENTED_EDGE('',*,*,#4056,.F.);
#5156 = ORIENTED_EDGE('',*,*,#5150,.F.);
#5157 = CYLINDRICAL_SURFACE('',#5158,0.4);
#5158 = AXIS2_PLACEMENT_3D('',#5159,#5160,#5161);
#5159 = CARTESIAN_POINT('',(-1.5,-0.33,-0.5));
#5160 = DIRECTION('',(0.,0.,1.));
#5161 = DIRECTION('',(1.,0.,-0.));
#5162 = ADVANCED_FACE('',(#5163),#5181,.F.);
#5163 = FACE_BOUND('',#5164,.F.);
#5164 = EDGE_LOOP('',(#5165,#5166,#5167,#5175));
#5165 = ORIENTED_EDGE('',*,*,#4081,.F.);
#5166 = ORIENTED_EDGE('',*,*,#4969,.T.);
#5167 = ORIENTED_EDGE('',*,*,#5168,.T.);
#5168 = EDGE_CURVE('',#4970,#5169,#5171,.T.);
#5169 = VERTEX_POINT('',#5170);
#5170 = CARTESIAN_POINT('',(-3.85,-1.23,0.15));
#5171 = LINE('',#5172,#5173);
#5172 = CARTESIAN_POINT('',(-3.85,-1.23,0.));
#5173 = VECTOR('',#5174,1.);
#5174 = DIRECTION('',(0.,0.,1.));
#5175 = ORIENTED_EDGE('',*,*,#5176,.F.);
#5176 = EDGE_CURVE('',#4082,#5169,#5177,.T.);
#5177 = LINE('',#5178,#5179);
#5178 = CARTESIAN_POINT('',(-3.85,-1.63,0.15));
#5179 = VECTOR('',#5180,1.);
#5180 = DIRECTION('',(0.,1.,0.));
#5181 = PLANE('',#5182);
#5182 = AXIS2_PLACEMENT_3D('',#5183,#5184,#5185);
#5183 = CARTESIAN_POINT('',(-3.85,-1.63,0.));
#5184 = DIRECTION('',(1.,0.,0.));
#5185 = DIRECTION('',(0.,0.,1.));
#5186 = ADVANCED_FACE('',(#5187),#5198,.T.);
#5187 = FACE_BOUND('',#5188,.T.);
#5188 = EDGE_LOOP('',(#5189,#5190,#5191,#5192));
#5189 = ORIENTED_EDGE('',*,*,#5176,.F.);
#5190 = ORIENTED_EDGE('',*,*,#4089,.T.);
#5191 = ORIENTED_EDGE('',*,*,#4104,.T.);
#5192 = ORIENTED_EDGE('',*,*,#5193,.F.);
#5193 = EDGE_CURVE('',#5169,#4105,#5194,.T.);
#5194 = LINE('',#5195,#5196);
#5195 = CARTESIAN_POINT('',(-3.85,-1.23,0.15));
#5196 = VECTOR('',#5197,1.);
#5197 = DIRECTION('',(1.,0.,0.));
#5198 = PLANE('',#5199);
#5199 = AXIS2_PLACEMENT_3D('',#5200,#5201,#5202);
#5200 = CARTESIAN_POINT('',(-3.85,-1.63,0.15));
#5201 = DIRECTION('',(0.,0.,1.));
#5202 = DIRECTION('',(1.,0.,-0.));
#5203 = ADVANCED_FACE('',(#5204),#5210,.T.);
#5204 = FACE_BOUND('',#5205,.T.);
#5205 = EDGE_LOOP('',(#5206,#5207,#5208,#5209));
#5206 = ORIENTED_EDGE('',*,*,#4979,.F.);
#5207 = ORIENTED_EDGE('',*,*,#5168,.T.);
#5208 = ORIENTED_EDGE('',*,*,#5193,.T.);
#5209 = ORIENTED_EDGE('',*,*,#4160,.F.);
#5210 = PLANE('',#5211);
#5211 = AXIS2_PLACEMENT_3D('',#5212,#5213,#5214);
#5212 = CARTESIAN_POINT('',(-3.85,-1.23,0.));
#5213 = DIRECTION('',(0.,1.,0.));
#5214 = DIRECTION('',(0.,-0.,1.));
#5215 = ADVANCED_FACE('',(#5216),#5234,.F.);
#5216 = FACE_BOUND('',#5217,.F.);
#5217 = EDGE_LOOP('',(#5218,#5219,#5227,#5233));
#5218 = ORIENTED_EDGE('',*,*,#4948,.F.);
#5219 = ORIENTED_EDGE('',*,*,#5220,.T.);
#5220 = EDGE_CURVE('',#4939,#5221,#5223,.T.);
#5221 = VERTEX_POINT('',#5222);
#5222 = CARTESIAN_POINT('',(-3.85,0.57,0.15));
#5223 = LINE('',#5224,#5225);
#5224 = CARTESIAN_POINT('',(-3.85,0.57,0.));
#5225 = VECTOR('',#5226,1.);
#5226 = DIRECTION('',(0.,0.,1.));
#5227 = ORIENTED_EDGE('',*,*,#5228,.T.);
#5228 = EDGE_CURVE('',#5221,#4146,#5229,.T.);
#5229 = LINE('',#5230,#5231);
#5230 = CARTESIAN_POINT('',(-3.85,0.57,0.15));
#5231 = VECTOR('',#5232,1.);
#5232 = DIRECTION('',(1.,0.,0.));
#5233 = ORIENTED_EDGE('',*,*,#4153,.F.);
#5234 = PLANE('',#5235);
#5235 = AXIS2_PLACEMENT_3D('',#5236,#5237,#5238);
#5236 = CARTESIAN_POINT('',(-3.85,0.57,0.));
#5237 = DIRECTION('',(0.,1.,0.));
#5238 = DIRECTION('',(0.,-0.,1.));
#5239 = ADVANCED_FACE('',(#5240),#5258,.T.);
#5240 = FACE_BOUND('',#5241,.T.);
#5241 = EDGE_LOOP('',(#5242,#5250,#5251,#5252));
#5242 = ORIENTED_EDGE('',*,*,#5243,.F.);
#5243 = EDGE_CURVE('',#5221,#5244,#5246,.T.);
#5244 = VERTEX_POINT('',#5245);
#5245 = CARTESIAN_POINT('',(-3.85,0.97,0.15));
#5246 = LINE('',#5247,#5248);
#5247 = CARTESIAN_POINT('',(-3.85,0.57,0.15));
#5248 = VECTOR('',#5249,1.);
#5249 = DIRECTION('',(0.,1.,0.));
#5250 = ORIENTED_EDGE('',*,*,#5228,.T.);
#5251 = ORIENTED_EDGE('',*,*,#4145,.T.);
#5252 = ORIENTED_EDGE('',*,*,#5253,.F.);
#5253 = EDGE_CURVE('',#5244,#4138,#5254,.T.);
#5254 = LINE('',#5255,#5256);
#5255 = CARTESIAN_POINT('',(-3.85,0.97,0.15));
#5256 = VECTOR('',#5257,1.);
#5257 = DIRECTION('',(1.,0.,0.));
#5258 = PLANE('',#5259);
#5259 = AXIS2_PLACEMENT_3D('',#5260,#5261,#5262);
#5260 = CARTESIAN_POINT('',(-3.85,0.57,0.15));
#5261 = DIRECTION('',(0.,0.,1.));
#5262 = DIRECTION('',(1.,0.,-0.));
#5263 = ADVANCED_FACE('',(#5264),#5297,.T.);
#5264 = FACE_BOUND('',#5265,.T.);
#5265 = EDGE_LOOP('',(#5266,#5276,#5282,#5283,#5291));
#5266 = ORIENTED_EDGE('',*,*,#5267,.F.);
#5267 = EDGE_CURVE('',#5268,#5270,#5272,.T.);
#5268 = VERTEX_POINT('',#5269);
#5269 = CARTESIAN_POINT('',(-3.35,0.98,0.4));
#5270 = VERTEX_POINT('',#5271);
#5271 = CARTESIAN_POINT('',(-3.35,0.98,0.5));
#5272 = LINE('',#5273,#5274);
#5273 = CARTESIAN_POINT('',(-3.35,0.98,0.4));
#5274 = VECTOR('',#5275,1.);
#5275 = DIRECTION('',(0.,0.,1.));
#5276 = ORIENTED_EDGE('',*,*,#5277,.T.);
#5277 = EDGE_CURVE('',#5268,#4130,#5278,.T.);
#5278 = LINE('',#5279,#5280);
#5279 = CARTESIAN_POINT('',(-3.35,0.98,0.4));
#5280 = VECTOR('',#5281,1.);
#5281 = DIRECTION('',(0.,-1.,0.));
#5282 = ORIENTED_EDGE('',*,*,#4129,.F.);
#5283 = ORIENTED_EDGE('',*,*,#5284,.T.);
#5284 = EDGE_CURVE('',#4122,#5285,#5287,.T.);
#5285 = VERTEX_POINT('',#5286);
#5286 = CARTESIAN_POINT('',(-3.35,0.68,0.5));
#5287 = LINE('',#5288,#5289);
#5288 = CARTESIAN_POINT('',(-3.35,0.68,0.4));
#5289 = VECTOR('',#5290,1.);
#5290 = DIRECTION('',(0.,0.,1.));
#5291 = ORIENTED_EDGE('',*,*,#5292,.F.);
#5292 = EDGE_CURVE('',#5270,#5285,#5293,.T.);
#5293 = LINE('',#5294,#5295);
#5294 = CARTESIAN_POINT('',(-3.35,0.98,0.5));
#5295 = VECTOR('',#5296,1.);
#5296 = DIRECTION('',(0.,-1.,0.));
#5297 = PLANE('',#5298);
#5298 = AXIS2_PLACEMENT_3D('',#5299,#5300,#5301);
#5299 = CARTESIAN_POINT('',(-3.35,0.98,0.4));
#5300 = DIRECTION('',(-1.,0.,0.));
#5301 = DIRECTION('',(0.,0.,1.));
#5302 = ADVANCED_FACE('',(#5303),#5319,.F.);
#5303 = FACE_BOUND('',#5304,.F.);
#5304 = EDGE_LOOP('',(#5305,#5311,#5312,#5318));
#5305 = ORIENTED_EDGE('',*,*,#5306,.F.);
#5306 = EDGE_CURVE('',#4114,#4304,#5307,.T.);
#5307 = LINE('',#5308,#5309);
#5308 = CARTESIAN_POINT('',(-3.254357798165,-1.34,0.71880733945));
#5309 = VECTOR('',#5310,1.);
#5310 = DIRECTION('',(0.287347885566,0.,0.957826285221));
#5311 = ORIENTED_EDGE('',*,*,#4121,.T.);
#5312 = ORIENTED_EDGE('',*,*,#5313,.T.);
#5313 = EDGE_CURVE('',#4122,#4312,#5314,.T.);
#5314 = LINE('',#5315,#5316);
#5315 = CARTESIAN_POINT('',(-3.254357798165,0.68,0.71880733945));
#5316 = VECTOR('',#5317,1.);
#5317 = DIRECTION('',(0.287347885566,0.,0.957826285221));
#5318 = ORIENTED_EDGE('',*,*,#4311,.F.);
#5319 = PLANE('',#5320);
#5320 = AXIS2_PLACEMENT_3D('',#5321,#5322,#5323);
#5321 = CARTESIAN_POINT('',(-3.2,-1.63,0.9));
#5322 = DIRECTION('',(0.957826285221,0.,-0.287347885566));
#5323 = DIRECTION('',(0.,1.,0.));
#5324 = ADVANCED_FACE('',(#5325),#5351,.T.);
#5325 = FACE_BOUND('',#5326,.T.);
#5326 = EDGE_LOOP('',(#5327,#5335,#5336,#5337,#5345));
#5327 = ORIENTED_EDGE('',*,*,#5328,.F.);
#5328 = EDGE_CURVE('',#4114,#5329,#5331,.T.);
#5329 = VERTEX_POINT('',#5330);
#5330 = CARTESIAN_POINT('',(-3.35,-1.34,0.5));
#5331 = LINE('',#5332,#5333);
#5332 = CARTESIAN_POINT('',(-3.35,-1.34,0.4));
#5333 = VECTOR('',#5334,1.);
#5334 = DIRECTION('',(0.,0.,1.));
#5335 = ORIENTED_EDGE('',*,*,#4113,.F.);
#5336 = ORIENTED_EDGE('',*,*,#4183,.T.);
#5337 = ORIENTED_EDGE('',*,*,#5338,.T.);
#5338 = EDGE_CURVE('',#4184,#5339,#5341,.T.);
#5339 = VERTEX_POINT('',#5340);
#5340 = CARTESIAN_POINT('',(-3.35,-1.64,0.5));
#5341 = LINE('',#5342,#5343);
#5342 = CARTESIAN_POINT('',(-3.35,-1.64,0.4));
#5343 = VECTOR('',#5344,1.);
#5344 = DIRECTION('',(0.,0.,1.));
#5345 = ORIENTED_EDGE('',*,*,#5346,.F.);
#5346 = EDGE_CURVE('',#5329,#5339,#5347,.T.);
#5347 = LINE('',#5348,#5349);
#5348 = CARTESIAN_POINT('',(-3.35,-1.34,0.5));
#5349 = VECTOR('',#5350,1.);
#5350 = DIRECTION('',(0.,-1.,0.));
#5351 = PLANE('',#5352);
#5352 = AXIS2_PLACEMENT_3D('',#5353,#5354,#5355);
#5353 = CARTESIAN_POINT('',(-3.35,-1.34,0.4));
#5354 = DIRECTION('',(-1.,0.,0.));
#5355 = DIRECTION('',(0.,0.,1.));
#5356 = ADVANCED_FACE('',(#5357),#5376,.T.);
#5357 = FACE_BOUND('',#5358,.T.);
#5358 = EDGE_LOOP('',(#5359,#5360,#5361,#5362,#5370));
#5359 = ORIENTED_EDGE('',*,*,#5338,.F.);
#5360 = ORIENTED_EDGE('',*,*,#4191,.F.);
#5361 = ORIENTED_EDGE('',*,*,#4223,.T.);
#5362 = ORIENTED_EDGE('',*,*,#5363,.T.);
#5363 = EDGE_CURVE('',#4224,#5364,#5366,.T.);
#5364 = VERTEX_POINT('',#5365);
#5365 = CARTESIAN_POINT('',(-3.05,-1.64,1.5));
#5366 = LINE('',#5367,#5368);
#5367 = CARTESIAN_POINT('',(-2.85,-1.64,1.5));
#5368 = VECTOR('',#5369,1.);
#5369 = DIRECTION('',(-1.,0.,0.));
#5370 = ORIENTED_EDGE('',*,*,#5371,.F.);
#5371 = EDGE_CURVE('',#5339,#5364,#5372,.T.);
#5372 = LINE('',#5373,#5374);
#5373 = CARTESIAN_POINT('',(-3.268119266055,-1.64,0.772935779817));
#5374 = VECTOR('',#5375,1.);
#5375 = DIRECTION('',(0.287347885566,0.,0.957826285221));
#5376 = PLANE('',#5377);
#5377 = AXIS2_PLACEMENT_3D('',#5378,#5379,#5380);
#5378 = CARTESIAN_POINT('',(-2.85,-1.64,0.4));
#5379 = DIRECTION('',(0.,-1.,0.));
#5380 = DIRECTION('',(0.,0.,1.));
#5381 = ADVANCED_FACE('',(#5382),#5402,.F.);
#5382 = FACE_BOUND('',#5383,.F.);
#5383 = EDGE_LOOP('',(#5384,#5392,#5393,#5394,#5395,#5396));
#5384 = ORIENTED_EDGE('',*,*,#5385,.F.);
#5385 = EDGE_CURVE('',#5329,#5386,#5388,.T.);
#5386 = VERTEX_POINT('',#5387);
#5387 = CARTESIAN_POINT('',(-3.05,-1.34,1.5));
#5388 = LINE('',#5389,#5390);
#5389 = CARTESIAN_POINT('',(-3.268119266055,-1.34,0.772935779817));
#5390 = VECTOR('',#5391,1.);
#5391 = DIRECTION('',(0.287347885566,0.,0.957826285221));
#5392 = ORIENTED_EDGE('',*,*,#5328,.F.);
#5393 = ORIENTED_EDGE('',*,*,#5306,.T.);
#5394 = ORIENTED_EDGE('',*,*,#4303,.T.);
#5395 = ORIENTED_EDGE('',*,*,#4205,.T.);
#5396 = ORIENTED_EDGE('',*,*,#5397,.T.);
#5397 = EDGE_CURVE('',#4208,#5386,#5398,.T.);
#5398 = LINE('',#5399,#5400);
#5399 = CARTESIAN_POINT('',(-2.85,-1.34,1.5));
#5400 = VECTOR('',#5401,1.);
#5401 = DIRECTION('',(-1.,0.,0.));
#5402 = PLANE('',#5403);
#5403 = AXIS2_PLACEMENT_3D('',#5404,#5405,#5406);
#5404 = CARTESIAN_POINT('',(-2.85,-1.34,0.4));
#5405 = DIRECTION('',(0.,-1.,0.));
#5406 = DIRECTION('',(0.,0.,1.));
#5407 = ADVANCED_FACE('',(#5408),#5419,.T.);
#5408 = FACE_BOUND('',#5409,.T.);
#5409 = EDGE_LOOP('',(#5410,#5411,#5412,#5413));
#5410 = ORIENTED_EDGE('',*,*,#5363,.F.);
#5411 = ORIENTED_EDGE('',*,*,#4231,.F.);
#5412 = ORIENTED_EDGE('',*,*,#5397,.T.);
#5413 = ORIENTED_EDGE('',*,*,#5414,.T.);
#5414 = EDGE_CURVE('',#5386,#5364,#5415,.T.);
#5415 = LINE('',#5416,#5417);
#5416 = CARTESIAN_POINT('',(-3.05,-1.34,1.5));
#5417 = VECTOR('',#5418,1.);
#5418 = DIRECTION('',(0.,-1.,0.));
#5419 = PLANE('',#5420);
#5420 = AXIS2_PLACEMENT_3D('',#5421,#5422,#5423);
#5421 = CARTESIAN_POINT('',(-2.85,-1.34,1.5));
#5422 = DIRECTION('',(0.,0.,1.));
#5423 = DIRECTION('',(-1.,0.,0.));
#5424 = ADVANCED_FACE('',(#5425),#5459,.F.);
#5425 = FACE_BOUND('',#5426,.F.);
#5426 = EDGE_LOOP('',(#5427,#5437,#5445,#5451,#5452,#5453));
#5427 = ORIENTED_EDGE('',*,*,#5428,.F.);
#5428 = EDGE_CURVE('',#5429,#5431,#5433,.T.);
#5429 = VERTEX_POINT('',#5430);
#5430 = CARTESIAN_POINT('',(-2.85,0.98,1.5));
#5431 = VERTEX_POINT('',#5432);
#5432 = CARTESIAN_POINT('',(-2.85,0.68,1.5));
#5433 = LINE('',#5434,#5435);
#5434 = CARTESIAN_POINT('',(-2.85,0.98,1.5));
#5435 = VECTOR('',#5436,1.);
#5436 = DIRECTION('',(0.,-1.,0.));
#5437 = ORIENTED_EDGE('',*,*,#5438,.F.);
#5438 = EDGE_CURVE('',#5439,#5429,#5441,.T.);
#5439 = VERTEX_POINT('',#5440);
#5440 = CARTESIAN_POINT('',(-2.85,0.98,0.4));
#5441 = LINE('',#5442,#5443);
#5442 = CARTESIAN_POINT('',(-2.85,0.98,0.4));
#5443 = VECTOR('',#5444,1.);
#5444 = DIRECTION('',(0.,0.,1.));
#5445 = ORIENTED_EDGE('',*,*,#5446,.T.);
#5446 = EDGE_CURVE('',#5439,#4826,#5447,.T.);
#5447 = LINE('',#5448,#5449);
#5448 = CARTESIAN_POINT('',(-2.85,0.98,0.4));
#5449 = VECTOR('',#5450,1.);
#5450 = DIRECTION('',(0.,-1.,0.));
#5451 = ORIENTED_EDGE('',*,*,#4833,.F.);
#5452 = ORIENTED_EDGE('',*,*,#4245,.T.);
#5453 = ORIENTED_EDGE('',*,*,#5454,.T.);
#5454 = EDGE_CURVE('',#4248,#5431,#5455,.T.);
#5455 = LINE('',#5456,#5457);
#5456 = CARTESIAN_POINT('',(-2.85,0.68,0.4));
#5457 = VECTOR('',#5458,1.);
#5458 = DIRECTION('',(0.,0.,1.));
#5459 = PLANE('',#5460);
#5460 = AXIS2_PLACEMENT_3D('',#5461,#5462,#5463);
#5461 = CARTESIAN_POINT('',(-2.85,0.98,0.4));
#5462 = DIRECTION('',(-1.,0.,0.));
#5463 = DIRECTION('',(0.,0.,1.));
#5464 = ADVANCED_FACE('',(#5465),#5485,.T.);
#5465 = FACE_BOUND('',#5466,.T.);
#5466 = EDGE_LOOP('',(#5467,#5475,#5476,#5477,#5478,#5479));
#5467 = ORIENTED_EDGE('',*,*,#5468,.F.);
#5468 = EDGE_CURVE('',#5285,#5469,#5471,.T.);
#5469 = VERTEX_POINT('',#5470);
#5470 = CARTESIAN_POINT('',(-3.05,0.68,1.5));
#5471 = LINE('',#5472,#5473);
#5472 = CARTESIAN_POINT('',(-3.268119266055,0.68,0.772935779817));
#5473 = VECTOR('',#5474,1.);
#5474 = DIRECTION('',(0.287347885566,0.,0.957826285221));
#5475 = ORIENTED_EDGE('',*,*,#5284,.F.);
#5476 = ORIENTED_EDGE('',*,*,#5313,.T.);
#5477 = ORIENTED_EDGE('',*,*,#4319,.T.);
#5478 = ORIENTED_EDGE('',*,*,#5454,.T.);
#5479 = ORIENTED_EDGE('',*,*,#5480,.T.);
#5480 = EDGE_CURVE('',#5431,#5469,#5481,.T.);
#5481 = LINE('',#5482,#5483);
#5482 = CARTESIAN_POINT('',(-2.85,0.68,1.5));
#5483 = VECTOR('',#5484,1.);
#5484 = DIRECTION('',(-1.,0.,0.));
#5485 = PLANE('',#5486);
#5486 = AXIS2_PLACEMENT_3D('',#5487,#5488,#5489);
#5487 = CARTESIAN_POINT('',(-2.85,0.68,0.4));
#5488 = DIRECTION('',(0.,-1.,0.));
#5489 = DIRECTION('',(0.,0.,1.));
#5490 = ADVANCED_FACE('',(#5491),#5511,.T.);
#5491 = FACE_BOUND('',#5492,.T.);
#5492 = EDGE_LOOP('',(#5493,#5501,#5502,#5503,#5504,#5505));
#5493 = ORIENTED_EDGE('',*,*,#5494,.F.);
#5494 = EDGE_CURVE('',#4735,#5495,#5497,.T.);
#5495 = VERTEX_POINT('',#5496);
#5496 = CARTESIAN_POINT('',(3.05,-1.34,1.5));
#5497 = LINE('',#5498,#5499);
#5498 = CARTESIAN_POINT('',(3.268119266055,-1.34,0.772935779817));
#5499 = VECTOR('',#5500,1.);
#5500 = DIRECTION('',(-0.287347885566,0.,0.957826285221));
#5501 = ORIENTED_EDGE('',*,*,#4734,.F.);
#5502 = ORIENTED_EDGE('',*,*,#4763,.T.);
#5503 = ORIENTED_EDGE('',*,*,#4287,.T.);
#5504 = ORIENTED_EDGE('',*,*,#4427,.T.);
#5505 = ORIENTED_EDGE('',*,*,#5506,.T.);
#5506 = EDGE_CURVE('',#4404,#5495,#5507,.T.);
#5507 = LINE('',#5508,#5509);
#5508 = CARTESIAN_POINT('',(2.85,-1.34,1.5));
#5509 = VECTOR('',#5510,1.);
#5510 = DIRECTION('',(1.,0.,0.));
#5511 = PLANE('',#5512);
#5512 = AXIS2_PLACEMENT_3D('',#5513,#5514,#5515);
#5513 = CARTESIAN_POINT('',(2.85,-1.34,0.4));
#5514 = DIRECTION('',(0.,1.,0.));
#5515 = DIRECTION('',(0.,-0.,1.));
#5516 = ADVANCED_FACE('',(#5517),#5544,.F.);
#5517 = FACE_BOUND('',#5518,.F.);
#5518 = EDGE_LOOP('',(#5519,#5527,#5528,#5529,#5530,#5538));
#5519 = ORIENTED_EDGE('',*,*,#5520,.F.);
#5520 = EDGE_CURVE('',#4779,#5521,#5523,.T.);
#5521 = VERTEX_POINT('',#5522);
#5522 = CARTESIAN_POINT('',(3.05,0.68,1.5));
#5523 = LINE('',#5524,#5525);
#5524 = CARTESIAN_POINT('',(3.268119266055,0.68,0.772935779817));
#5525 = VECTOR('',#5526,1.);
#5526 = DIRECTION('',(-0.287347885566,0.,0.957826285221));
#5527 = ORIENTED_EDGE('',*,*,#4778,.F.);
#5528 = ORIENTED_EDGE('',*,*,#4756,.T.);
#5529 = ORIENTED_EDGE('',*,*,#4271,.T.);
#5530 = ORIENTED_EDGE('',*,*,#5531,.T.);
#5531 = EDGE_CURVE('',#4264,#5532,#5534,.T.);
#5532 = VERTEX_POINT('',#5533);
#5533 = CARTESIAN_POINT('',(2.85,0.68,1.5));
#5534 = LINE('',#5535,#5536);
#5535 = CARTESIAN_POINT('',(2.85,0.68,0.4));
#5536 = VECTOR('',#5537,1.);
#5537 = DIRECTION('',(0.,0.,1.));
#5538 = ORIENTED_EDGE('',*,*,#5539,.T.);
#5539 = EDGE_CURVE('',#5532,#5521,#5540,.T.);
#5540 = LINE('',#5541,#5542);
#5541 = CARTESIAN_POINT('',(2.85,0.68,1.5));
#5542 = VECTOR('',#5543,1.);
#5543 = DIRECTION('',(1.,0.,0.));
#5544 = PLANE('',#5545);
#5545 = AXIS2_PLACEMENT_3D('',#5546,#5547,#5548);
#5546 = CARTESIAN_POINT('',(2.85,0.68,0.4));
#5547 = DIRECTION('',(0.,1.,0.));
#5548 = DIRECTION('',(0.,-0.,1.));
#5549 = ADVANCED_FACE('',(#5550),#5577,.F.);
#5550 = FACE_BOUND('',#5551,.F.);
#5551 = EDGE_LOOP('',(#5552,#5553,#5554,#5555,#5563,#5571));
#5552 = ORIENTED_EDGE('',*,*,#5531,.F.);
#5553 = ORIENTED_EDGE('',*,*,#4263,.T.);
#5554 = ORIENTED_EDGE('',*,*,#4840,.F.);
#5555 = ORIENTED_EDGE('',*,*,#5556,.T.);
#5556 = EDGE_CURVE('',#4841,#5557,#5559,.T.);
#5557 = VERTEX_POINT('',#5558);
#5558 = CARTESIAN_POINT('',(2.85,0.98,0.4));
#5559 = LINE('',#5560,#5561);
#5560 = CARTESIAN_POINT('',(2.85,0.68,0.4));
#5561 = VECTOR('',#5562,1.);
#5562 = DIRECTION('',(0.,1.,0.));
#5563 = ORIENTED_EDGE('',*,*,#5564,.T.);
#5564 = EDGE_CURVE('',#5557,#5565,#5567,.T.);
#5565 = VERTEX_POINT('',#5566);
#5566 = CARTESIAN_POINT('',(2.85,0.98,1.5));
#5567 = LINE('',#5568,#5569);
#5568 = CARTESIAN_POINT('',(2.85,0.98,0.4));
#5569 = VECTOR('',#5570,1.);
#5570 = DIRECTION('',(0.,0.,1.));
#5571 = ORIENTED_EDGE('',*,*,#5572,.F.);
#5572 = EDGE_CURVE('',#5532,#5565,#5573,.T.);
#5573 = LINE('',#5574,#5575);
#5574 = CARTESIAN_POINT('',(2.85,0.68,1.5));
#5575 = VECTOR('',#5576,1.);
#5576 = DIRECTION('',(0.,1.,0.));
#5577 = PLANE('',#5578);
#5578 = AXIS2_PLACEMENT_3D('',#5579,#5580,#5581);
#5579 = CARTESIAN_POINT('',(2.85,0.68,0.4));
#5580 = DIRECTION('',(1.,0.,0.));
#5581 = DIRECTION('',(0.,0.,1.));
#5582 = ADVANCED_FACE('',(#5583),#5608,.F.);
#5583 = FACE_BOUND('',#5584,.F.);
#5584 = EDGE_LOOP('',(#5585,#5593,#5601,#5607));
#5585 = ORIENTED_EDGE('',*,*,#5586,.F.);
#5586 = EDGE_CURVE('',#5587,#4330,#5589,.T.);
#5587 = VERTEX_POINT('',#5588);
#5588 = CARTESIAN_POINT('',(2.45,-0.8,1.3));
#5589 = LINE('',#5590,#5591);
#5590 = CARTESIAN_POINT('',(2.45,-0.8,1.3));
#5591 = VECTOR('',#5592,1.);
#5592 = DIRECTION('',(0.,0.,1.));
#5593 = ORIENTED_EDGE('',*,*,#5594,.F.);
#5594 = EDGE_CURVE('',#5595,#5587,#5597,.T.);
#5595 = VERTEX_POINT('',#5596);
#5596 = CARTESIAN_POINT('',(-2.45,-0.8,1.3));
#5597 = LINE('',#5598,#5599);
#5598 = CARTESIAN_POINT('',(-2.45,-0.8,1.3));
#5599 = VECTOR('',#5600,1.);
#5600 = DIRECTION('',(1.,0.,0.));
#5601 = ORIENTED_EDGE('',*,*,#5602,.T.);
#5602 = EDGE_CURVE('',#5595,#4328,#5603,.T.);
#5603 = LINE('',#5604,#5605);
#5604 = CARTESIAN_POINT('',(-2.45,-0.8,1.3));
#5605 = VECTOR('',#5606,1.);
#5606 = DIRECTION('',(0.,0.,1.));
#5607 = ORIENTED_EDGE('',*,*,#4327,.T.);
#5608 = PLANE('',#5609);
#5609 = AXIS2_PLACEMENT_3D('',#5610,#5611,#5612);
#5610 = CARTESIAN_POINT('',(-2.45,-0.8,1.3));
#5611 = DIRECTION('',(0.,1.,0.));
#5612 = DIRECTION('',(0.,-0.,1.));
#5613 = ADVANCED_FACE('',(#5614),#5632,.T.);
#5614 = FACE_BOUND('',#5615,.T.);
#5615 = EDGE_LOOP('',(#5616,#5624,#5630,#5631));
#5616 = ORIENTED_EDGE('',*,*,#5617,.F.);
#5617 = EDGE_CURVE('',#5618,#4338,#5620,.T.);
#5618 = VERTEX_POINT('',#5619);
#5619 = CARTESIAN_POINT('',(-2.45,-1.33,1.3));
#5620 = LINE('',#5621,#5622);
#5621 = CARTESIAN_POINT('',(-2.45,-1.33,1.3));
#5622 = VECTOR('',#5623,1.);
#5623 = DIRECTION('',(0.,0.,1.));
#5624 = ORIENTED_EDGE('',*,*,#5625,.T.);
#5625 = EDGE_CURVE('',#5618,#5595,#5626,.T.);
#5626 = LINE('',#5627,#5628);
#5627 = CARTESIAN_POINT('',(-2.45,-1.33,1.3));
#5628 = VECTOR('',#5629,1.);
#5629 = DIRECTION('',(0.,1.,0.));
#5630 = ORIENTED_EDGE('',*,*,#5602,.T.);
#5631 = ORIENTED_EDGE('',*,*,#4337,.T.);
#5632 = PLANE('',#5633);
#5633 = AXIS2_PLACEMENT_3D('',#5634,#5635,#5636);
#5634 = CARTESIAN_POINT('',(-2.45,-1.33,1.3));
#5635 = DIRECTION('',(1.,0.,0.));
#5636 = DIRECTION('',(0.,0.,1.));
#5637 = ADVANCED_FACE('',(#5638),#5656,.F.);
#5638 = FACE_BOUND('',#5639,.F.);
#5639 = EDGE_LOOP('',(#5640,#5648,#5654,#5655));
#5640 = ORIENTED_EDGE('',*,*,#5641,.F.);
#5641 = EDGE_CURVE('',#5642,#4346,#5644,.T.);
#5642 = VERTEX_POINT('',#5643);
#5643 = CARTESIAN_POINT('',(2.45,-1.33,1.3));
#5644 = LINE('',#5645,#5646);
#5645 = CARTESIAN_POINT('',(2.45,-1.33,1.3));
#5646 = VECTOR('',#5647,1.);
#5647 = DIRECTION('',(0.,0.,1.));
#5648 = ORIENTED_EDGE('',*,*,#5649,.T.);
#5649 = EDGE_CURVE('',#5642,#5587,#5650,.T.);
#5650 = LINE('',#5651,#5652);
#5651 = CARTESIAN_POINT('',(2.45,-1.33,1.3));
#5652 = VECTOR('',#5653,1.);
#5653 = DIRECTION('',(0.,1.,0.));
#5654 = ORIENTED_EDGE('',*,*,#5586,.T.);
#5655 = ORIENTED_EDGE('',*,*,#4353,.T.);
#5656 = PLANE('',#5657);
#5657 = AXIS2_PLACEMENT_3D('',#5658,#5659,#5660);
#5658 = CARTESIAN_POINT('',(2.45,-1.33,1.3));
#5659 = DIRECTION('',(1.,0.,0.));
#5660 = DIRECTION('',(0.,0.,1.));
#5661 = ADVANCED_FACE('',(#5662),#5673,.T.);
#5662 = FACE_BOUND('',#5663,.T.);
#5663 = EDGE_LOOP('',(#5664,#5665,#5671,#5672));
#5664 = ORIENTED_EDGE('',*,*,#5641,.F.);
#5665 = ORIENTED_EDGE('',*,*,#5666,.F.);
#5666 = EDGE_CURVE('',#5618,#5642,#5667,.T.);
#5667 = LINE('',#5668,#5669);
#5668 = CARTESIAN_POINT('',(-2.45,-1.33,1.3));
#5669 = VECTOR('',#5670,1.);
#5670 = DIRECTION('',(1.,0.,0.));
#5671 = ORIENTED_EDGE('',*,*,#5617,.T.);
#5672 = ORIENTED_EDGE('',*,*,#4345,.T.);
#5673 = PLANE('',#5674);
#5674 = AXIS2_PLACEMENT_3D('',#5675,#5676,#5677);
#5675 = CARTESIAN_POINT('',(-2.45,-1.33,1.3));
#5676 = DIRECTION('',(0.,1.,0.));
#5677 = DIRECTION('',(0.,-0.,1.));
#5678 = ADVANCED_FACE('',(#5679),#5704,.F.);
#5679 = FACE_BOUND('',#5680,.F.);
#5680 = EDGE_LOOP('',(#5681,#5689,#5697,#5703));
#5681 = ORIENTED_EDGE('',*,*,#5682,.F.);
#5682 = EDGE_CURVE('',#5683,#4364,#5685,.T.);
#5683 = VERTEX_POINT('',#5684);
#5684 = CARTESIAN_POINT('',(2.45,0.12,1.3));
#5685 = LINE('',#5686,#5687);
#5686 = CARTESIAN_POINT('',(2.45,0.12,1.3));
#5687 = VECTOR('',#5688,1.);
#5688 = DIRECTION('',(0.,0.,1.));
#5689 = ORIENTED_EDGE('',*,*,#5690,.T.);
#5690 = EDGE_CURVE('',#5683,#5691,#5693,.T.);
#5691 = VERTEX_POINT('',#5692);
#5692 = CARTESIAN_POINT('',(2.45,0.65,1.3));
#5693 = LINE('',#5694,#5695);
#5694 = CARTESIAN_POINT('',(2.45,0.12,1.3));
#5695 = VECTOR('',#5696,1.);
#5696 = DIRECTION('',(0.,1.,0.));
#5697 = ORIENTED_EDGE('',*,*,#5698,.T.);
#5698 = EDGE_CURVE('',#5691,#4362,#5699,.T.);
#5699 = LINE('',#5700,#5701);
#5700 = CARTESIAN_POINT('',(2.45,0.65,1.3));
#5701 = VECTOR('',#5702,1.);
#5702 = DIRECTION('',(0.,0.,1.));
#5703 = ORIENTED_EDGE('',*,*,#4361,.T.);
#5704 = PLANE('',#5705);
#5705 = AXIS2_PLACEMENT_3D('',#5706,#5707,#5708);
#5706 = CARTESIAN_POINT('',(2.45,0.12,1.3));
#5707 = DIRECTION('',(1.,0.,0.));
#5708 = DIRECTION('',(0.,0.,1.));
#5709 = ADVANCED_FACE('',(#5710),#5728,.F.);
#5710 = FACE_BOUND('',#5711,.F.);
#5711 = EDGE_LOOP('',(#5712,#5713,#5721,#5727));
#5712 = ORIENTED_EDGE('',*,*,#5698,.F.);
#5713 = ORIENTED_EDGE('',*,*,#5714,.F.);
#5714 = EDGE_CURVE('',#5715,#5691,#5717,.T.);
#5715 = VERTEX_POINT('',#5716);
#5716 = CARTESIAN_POINT('',(-2.45,0.65,1.3));
#5717 = LINE('',#5718,#5719);
#5718 = CARTESIAN_POINT('',(-2.45,0.65,1.3));
#5719 = VECTOR('',#5720,1.);
#5720 = DIRECTION('',(1.,0.,0.));
#5721 = ORIENTED_EDGE('',*,*,#5722,.T.);
#5722 = EDGE_CURVE('',#5715,#4372,#5723,.T.);
#5723 = LINE('',#5724,#5725);
#5724 = CARTESIAN_POINT('',(-2.45,0.65,1.3));
#5725 = VECTOR('',#5726,1.);
#5726 = DIRECTION('',(0.,0.,1.));
#5727 = ORIENTED_EDGE('',*,*,#4371,.T.);
#5728 = PLANE('',#5729);
#5729 = AXIS2_PLACEMENT_3D('',#5730,#5731,#5732);
#5730 = CARTESIAN_POINT('',(-2.45,0.65,1.3));
#5731 = DIRECTION('',(0.,1.,0.));
#5732 = DIRECTION('',(0.,-0.,1.));
#5733 = ADVANCED_FACE('',(#5734),#5752,.T.);
#5734 = FACE_BOUND('',#5735,.T.);
#5735 = EDGE_LOOP('',(#5736,#5737,#5745,#5751));
#5736 = ORIENTED_EDGE('',*,*,#5682,.F.);
#5737 = ORIENTED_EDGE('',*,*,#5738,.F.);
#5738 = EDGE_CURVE('',#5739,#5683,#5741,.T.);
#5739 = VERTEX_POINT('',#5740);
#5740 = CARTESIAN_POINT('',(-2.45,0.12,1.3));
#5741 = LINE('',#5742,#5743);
#5742 = CARTESIAN_POINT('',(-2.45,0.12,1.3));
#5743 = VECTOR('',#5744,1.);
#5744 = DIRECTION('',(1.,0.,0.));
#5745 = ORIENTED_EDGE('',*,*,#5746,.T.);
#5746 = EDGE_CURVE('',#5739,#4380,#5747,.T.);
#5747 = LINE('',#5748,#5749);
#5748 = CARTESIAN_POINT('',(-2.45,0.12,1.3));
#5749 = VECTOR('',#5750,1.);
#5750 = DIRECTION('',(0.,0.,1.));
#5751 = ORIENTED_EDGE('',*,*,#4387,.T.);
#5752 = PLANE('',#5753);
#5753 = AXIS2_PLACEMENT_3D('',#5754,#5755,#5756);
#5754 = CARTESIAN_POINT('',(-2.45,0.12,1.3));
#5755 = DIRECTION('',(0.,1.,0.));
#5756 = DIRECTION('',(0.,-0.,1.));
#5757 = ADVANCED_FACE('',(#5758),#5769,.T.);
#5758 = FACE_BOUND('',#5759,.T.);
#5759 = EDGE_LOOP('',(#5760,#5761,#5767,#5768));
#5760 = ORIENTED_EDGE('',*,*,#5746,.F.);
#5761 = ORIENTED_EDGE('',*,*,#5762,.T.);
#5762 = EDGE_CURVE('',#5739,#5715,#5763,.T.);
#5763 = LINE('',#5764,#5765);
#5764 = CARTESIAN_POINT('',(-2.45,0.12,1.3));
#5765 = VECTOR('',#5766,1.);
#5766 = DIRECTION('',(0.,1.,0.));
#5767 = ORIENTED_EDGE('',*,*,#5722,.T.);
#5768 = ORIENTED_EDGE('',*,*,#4379,.T.);
#5769 = PLANE('',#5770);
#5770 = AXIS2_PLACEMENT_3D('',#5771,#5772,#5773);
#5771 = CARTESIAN_POINT('',(-2.45,0.12,1.3));
#5772 = DIRECTION('',(1.,0.,0.));
#5773 = DIRECTION('',(0.,0.,1.));
#5774 = ADVANCED_FACE('',(#5775),#5793,.T.);
#5775 = FACE_BOUND('',#5776,.T.);
#5776 = EDGE_LOOP('',(#5777,#5778,#5779,#5787));
#5777 = ORIENTED_EDGE('',*,*,#5506,.F.);
#5778 = ORIENTED_EDGE('',*,*,#4401,.F.);
#5779 = ORIENTED_EDGE('',*,*,#5780,.T.);
#5780 = EDGE_CURVE('',#4402,#5781,#5783,.T.);
#5781 = VERTEX_POINT('',#5782);
#5782 = CARTESIAN_POINT('',(3.05,-1.64,1.5));
#5783 = LINE('',#5784,#5785);
#5784 = CARTESIAN_POINT('',(2.85,-1.64,1.5));
#5785 = VECTOR('',#5786,1.);
#5786 = DIRECTION('',(1.,0.,0.));
#5787 = ORIENTED_EDGE('',*,*,#5788,.T.);
#5788 = EDGE_CURVE('',#5781,#5495,#5789,.T.);
#5789 = LINE('',#5790,#5791);
#5790 = CARTESIAN_POINT('',(3.05,-1.64,1.5));
#5791 = VECTOR('',#5792,1.);
#5792 = DIRECTION('',(0.,1.,0.));
#5793 = PLANE('',#5794);
#5794 = AXIS2_PLACEMENT_3D('',#5795,#5796,#5797);
#5795 = CARTESIAN_POINT('',(2.85,-1.64,1.5));
#5796 = DIRECTION('',(0.,0.,1.));
#5797 = DIRECTION('',(1.,0.,-0.));
#5798 = ADVANCED_FACE('',(#5799),#5811,.F.);
#5799 = FACE_BOUND('',#5800,.F.);
#5800 = EDGE_LOOP('',(#5801,#5802,#5803,#5804,#5805));
#5801 = ORIENTED_EDGE('',*,*,#4724,.F.);
#5802 = ORIENTED_EDGE('',*,*,#4442,.F.);
#5803 = ORIENTED_EDGE('',*,*,#4411,.T.);
#5804 = ORIENTED_EDGE('',*,*,#5780,.T.);
#5805 = ORIENTED_EDGE('',*,*,#5806,.F.);
#5806 = EDGE_CURVE('',#4725,#5781,#5807,.T.);
#5807 = LINE('',#5808,#5809);
#5808 = CARTESIAN_POINT('',(3.268119266055,-1.64,0.772935779817));
#5809 = VECTOR('',#5810,1.);
#5810 = DIRECTION('',(-0.287347885566,0.,0.957826285221));
#5811 = PLANE('',#5812);
#5812 = AXIS2_PLACEMENT_3D('',#5813,#5814,#5815);
#5813 = CARTESIAN_POINT('',(2.85,-1.64,0.4));
#5814 = DIRECTION('',(0.,1.,0.));
#5815 = DIRECTION('',(0.,-0.,1.));
#5816 = ADVANCED_FACE('',(#5817),#5823,.F.);
#5817 = FACE_BOUND('',#5818,.F.);
#5818 = EDGE_LOOP('',(#5819,#5820,#5821,#5822));
#5819 = ORIENTED_EDGE('',*,*,#4505,.F.);
#5820 = ORIENTED_EDGE('',*,*,#4655,.T.);
#5821 = ORIENTED_EDGE('',*,*,#4607,.T.);
#5822 = ORIENTED_EDGE('',*,*,#4529,.F.);
#5823 = PLANE('',#5824);
#5824 = AXIS2_PLACEMENT_3D('',#5825,#5826,#5827);
#5825 = CARTESIAN_POINT('',(-1.25,-0.33,0.8));
#5826 = DIRECTION('',(0.,1.,0.));
#5827 = DIRECTION('',(0.,-0.,1.));
#5828 = ADVANCED_FACE('',(#5829),#5847,.T.);
#5829 = FACE_BOUND('',#5830,.T.);
#5830 = EDGE_LOOP('',(#5831,#5832,#5838,#5839,#5840,#5846));
#5831 = ORIENTED_EDGE('',*,*,#4637,.F.);
#5832 = ORIENTED_EDGE('',*,*,#5833,.F.);
#5833 = EDGE_CURVE('',#4552,#4630,#5834,.T.);
#5834 = LINE('',#5835,#5836);
#5835 = CARTESIAN_POINT('',(7.E-02,-1.83,0.4));
#5836 = VECTOR('',#5837,1.);
#5837 = DIRECTION('',(0.,0.,1.));
#5838 = ORIENTED_EDGE('',*,*,#4559,.T.);
#5839 = ORIENTED_EDGE('',*,*,#4490,.T.);
#5840 = ORIENTED_EDGE('',*,*,#5841,.T.);
#5841 = EDGE_CURVE('',#4483,#4592,#5842,.T.);
#5842 = LINE('',#5843,#5844);
#5843 = CARTESIAN_POINT('',(7.E-02,-1.53,0.8));
#5844 = VECTOR('',#5845,1.);
#5845 = DIRECTION('',(0.,0.,1.));
#5846 = ORIENTED_EDGE('',*,*,#4599,.F.);
#5847 = PLANE('',#5848);
#5848 = AXIS2_PLACEMENT_3D('',#5849,#5850,#5851);
#5849 = CARTESIAN_POINT('',(7.E-02,-1.93,0.8));
#5850 = DIRECTION('',(1.,0.,0.));
#5851 = DIRECTION('',(0.,0.,1.));
#5852 = ADVANCED_FACE('',(#5853),#5864,.T.);
#5853 = FACE_BOUND('',#5854,.T.);
#5854 = EDGE_LOOP('',(#5855,#5856,#5862,#5863));
#5855 = ORIENTED_EDGE('',*,*,#4482,.F.);
#5856 = ORIENTED_EDGE('',*,*,#5857,.T.);
#5857 = EDGE_CURVE('',#4475,#4584,#5858,.T.);
#5858 = LINE('',#5859,#5860);
#5859 = CARTESIAN_POINT('',(-1.23,-1.53,0.8));
#5860 = VECTOR('',#5861,1.);
#5861 = DIRECTION('',(0.,0.,1.));
#5862 = ORIENTED_EDGE('',*,*,#4591,.T.);
#5863 = ORIENTED_EDGE('',*,*,#5841,.F.);
#5864 = PLANE('',#5865);
#5865 = AXIS2_PLACEMENT_3D('',#5866,#5867,#5868);
#5866 = CARTESIAN_POINT('',(-1.23,-1.53,0.8));
#5867 = DIRECTION('',(0.,1.,0.));
#5868 = DIRECTION('',(0.,-0.,1.));
#5869 = ADVANCED_FACE('',(#5870),#5883,.F.);
#5870 = FACE_BOUND('',#5871,.F.);
#5871 = EDGE_LOOP('',(#5872,#5873,#5879,#5880,#5881,#5882));
#5872 = ORIENTED_EDGE('',*,*,#4621,.F.);
#5873 = ORIENTED_EDGE('',*,*,#5874,.F.);
#5874 = EDGE_CURVE('',#4544,#4622,#5875,.T.);
#5875 = LINE('',#5876,#5877);
#5876 = CARTESIAN_POINT('',(-1.23,-1.83,0.4));
#5877 = VECTOR('',#5878,1.);
#5878 = DIRECTION('',(0.,0.,1.));
#5879 = ORIENTED_EDGE('',*,*,#4543,.T.);
#5880 = ORIENTED_EDGE('',*,*,#4474,.T.);
#5881 = ORIENTED_EDGE('',*,*,#5857,.T.);
#5882 = ORIENTED_EDGE('',*,*,#4583,.F.);
#5883 = PLANE('',#5884);
#5884 = AXIS2_PLACEMENT_3D('',#5885,#5886,#5887);
#5885 = CARTESIAN_POINT('',(-1.23,-1.93,0.8));
#5886 = DIRECTION('',(1.,0.,0.));
#5887 = DIRECTION('',(0.,0.,1.));
#5888 = ADVANCED_FACE('',(#5889),#5914,.T.);
#5889 = FACE_BOUND('',#5890,.T.);
#5890 = EDGE_LOOP('',(#5891,#5899,#5907,#5913));
#5891 = ORIENTED_EDGE('',*,*,#5892,.F.);
#5892 = EDGE_CURVE('',#5893,#4552,#5895,.T.);
#5893 = VERTEX_POINT('',#5894);
#5894 = CARTESIAN_POINT('',(7.E-02,-1.83,0.4));
#5895 = LINE('',#5896,#5897);
#5896 = CARTESIAN_POINT('',(7.E-02,-1.83,0.4));
#5897 = VECTOR('',#5898,1.);
#5898 = DIRECTION('',(0.,0.,1.));
#5899 = ORIENTED_EDGE('',*,*,#5900,.F.);
#5900 = EDGE_CURVE('',#5901,#5893,#5903,.T.);
#5901 = VERTEX_POINT('',#5902);
#5902 = CARTESIAN_POINT('',(-1.23,-1.83,0.4));
#5903 = LINE('',#5904,#5905);
#5904 = CARTESIAN_POINT('',(-1.23,-1.83,0.4));
#5905 = VECTOR('',#5906,1.);
#5906 = DIRECTION('',(1.,0.,0.));
#5907 = ORIENTED_EDGE('',*,*,#5908,.T.);
#5908 = EDGE_CURVE('',#5901,#4544,#5909,.T.);
#5909 = LINE('',#5910,#5911);
#5910 = CARTESIAN_POINT('',(-1.23,-1.83,0.4));
#5911 = VECTOR('',#5912,1.);
#5912 = DIRECTION('',(0.,0.,1.));
#5913 = ORIENTED_EDGE('',*,*,#4551,.F.);
#5914 = PLANE('',#5915);
#5915 = AXIS2_PLACEMENT_3D('',#5916,#5917,#5918);
#5916 = CARTESIAN_POINT('',(-1.23,-1.83,0.4));
#5917 = DIRECTION('',(0.,1.,0.));
#5918 = DIRECTION('',(0.,-0.,1.));
#5919 = ADVANCED_FACE('',(#5920),#5945,.T.);
#5920 = FACE_BOUND('',#5921,.T.);
#5921 = EDGE_LOOP('',(#5922,#5930,#5938,#5944));
#5922 = ORIENTED_EDGE('',*,*,#5923,.F.);
#5923 = EDGE_CURVE('',#5924,#4622,#5926,.T.);
#5924 = VERTEX_POINT('',#5925);
#5925 = CARTESIAN_POINT('',(-1.23,-1.93,1.2));
#5926 = LINE('',#5927,#5928);
#5927 = CARTESIAN_POINT('',(-1.23,-3.13,1.2));
#5928 = VECTOR('',#5929,1.);
#5929 = DIRECTION('',(0.,1.,0.));
#5930 = ORIENTED_EDGE('',*,*,#5931,.T.);
#5931 = EDGE_CURVE('',#5924,#5932,#5934,.T.);
#5932 = VERTEX_POINT('',#5933);
#5933 = CARTESIAN_POINT('',(7.E-02,-1.93,1.2));
#5934 = LINE('',#5935,#5936);
#5935 = CARTESIAN_POINT('',(-1.23,-1.93,1.2));
#5936 = VECTOR('',#5937,1.);
#5937 = DIRECTION('',(1.,0.,0.));
#5938 = ORIENTED_EDGE('',*,*,#5939,.T.);
#5939 = EDGE_CURVE('',#5932,#4630,#5940,.T.);
#5940 = LINE('',#5941,#5942);
#5941 = CARTESIAN_POINT('',(7.E-02,-3.13,1.2));
#5942 = VECTOR('',#5943,1.);
#5943 = DIRECTION('',(0.,1.,0.));
#5944 = ORIENTED_EDGE('',*,*,#4629,.F.);
#5945 = PLANE('',#5946);
#5946 = AXIS2_PLACEMENT_3D('',#5947,#5948,#5949);
#5947 = CARTESIAN_POINT('',(-1.23,-1.93,1.2));
#5948 = DIRECTION('',(0.,0.,1.));
#5949 = DIRECTION('',(1.,0.,-0.));
#5950 = ADVANCED_FACE('',(#5951),#5962,.T.);
#5951 = FACE_BOUND('',#5952,.T.);
#5952 = EDGE_LOOP('',(#5953,#5954,#5955,#5956));
#5953 = ORIENTED_EDGE('',*,*,#5003,.F.);
#5954 = ORIENTED_EDGE('',*,*,#4855,.T.);
#5955 = ORIENTED_EDGE('',*,*,#4686,.T.);
#5956 = ORIENTED_EDGE('',*,*,#5957,.F.);
#5957 = EDGE_CURVE('',#4996,#4679,#5958,.T.);
#5958 = LINE('',#5959,#5960);
#5959 = CARTESIAN_POINT('',(3.85,0.97,0.));
#5960 = VECTOR('',#5961,1.);
#5961 = DIRECTION('',(0.,0.,1.));
#5962 = PLANE('',#5963);
#5963 = AXIS2_PLACEMENT_3D('',#5964,#5965,#5966);
#5964 = CARTESIAN_POINT('',(3.35,0.97,0.));
#5965 = DIRECTION('',(0.,1.,0.));
#5966 = DIRECTION('',(0.,-0.,1.));
#5967 = ADVANCED_FACE('',(#5968),#5974,.T.);
#5968 = FACE_BOUND('',#5969,.T.);
#5969 = EDGE_LOOP('',(#5970,#5971,#5972,#5973));
#5970 = ORIENTED_EDGE('',*,*,#4710,.F.);
#5971 = ORIENTED_EDGE('',*,*,#4995,.T.);
#5972 = ORIENTED_EDGE('',*,*,#5957,.T.);
#5973 = ORIENTED_EDGE('',*,*,#4678,.F.);
#5974 = PLANE('',#5975);
#5975 = AXIS2_PLACEMENT_3D('',#5976,#5977,#5978);
#5976 = CARTESIAN_POINT('',(3.85,0.57,0.));
#5977 = DIRECTION('',(1.,0.,0.));
#5978 = DIRECTION('',(0.,0.,1.));
#5979 = ADVANCED_FACE('',(#5980),#5986,.T.);
#5980 = FACE_BOUND('',#5981,.T.);
#5981 = EDGE_LOOP('',(#5982,#5983,#5984,#5985));
#5982 = ORIENTED_EDGE('',*,*,#5806,.F.);
#5983 = ORIENTED_EDGE('',*,*,#4742,.T.);
#5984 = ORIENTED_EDGE('',*,*,#5494,.T.);
#5985 = ORIENTED_EDGE('',*,*,#5788,.F.);
#5986 = PLANE('',#5987);
#5987 = AXIS2_PLACEMENT_3D('',#5988,#5989,#5990);
#5988 = CARTESIAN_POINT('',(3.2,-1.64,1.));
#5989 = DIRECTION('',(0.957826285221,0.,0.287347885566));
#5990 = DIRECTION('',(-0.,1.,0.));
#5991 = ADVANCED_FACE('',(#5992),#6010,.T.);
#5992 = FACE_BOUND('',#5993,.T.);
#5993 = EDGE_LOOP('',(#5994,#5995,#5996,#6004));
#5994 = ORIENTED_EDGE('',*,*,#5520,.F.);
#5995 = ORIENTED_EDGE('',*,*,#4803,.T.);
#5996 = ORIENTED_EDGE('',*,*,#5997,.T.);
#5997 = EDGE_CURVE('',#4796,#5998,#6000,.T.);
#5998 = VERTEX_POINT('',#5999);
#5999 = CARTESIAN_POINT('',(3.05,0.98,1.5));
#6000 = LINE('',#6001,#6002);
#6001 = CARTESIAN_POINT('',(3.268119266055,0.98,0.772935779817));
#6002 = VECTOR('',#6003,1.);
#6003 = DIRECTION('',(-0.287347885566,0.,0.957826285221));
#6004 = ORIENTED_EDGE('',*,*,#6005,.F.);
#6005 = EDGE_CURVE('',#5521,#5998,#6006,.T.);
#6006 = LINE('',#6007,#6008);
#6007 = CARTESIAN_POINT('',(3.05,0.68,1.5));
#6008 = VECTOR('',#6009,1.);
#6009 = DIRECTION('',(0.,1.,0.));
#6010 = PLANE('',#6011);
#6011 = AXIS2_PLACEMENT_3D('',#6012,#6013,#6014);
#6012 = CARTESIAN_POINT('',(3.2,0.68,1.));
#6013 = DIRECTION('',(0.957826285221,0.,0.287347885566));
#6014 = DIRECTION('',(-0.,1.,0.));
#6015 = ADVANCED_FACE('',(#6016),#6033,.T.);
#6016 = FACE_BOUND('',#6017,.T.);
#6017 = EDGE_LOOP('',(#6018,#6019,#6025,#6026,#6032));
#6018 = ORIENTED_EDGE('',*,*,#4795,.F.);
#6019 = ORIENTED_EDGE('',*,*,#6020,.F.);
#6020 = EDGE_CURVE('',#5557,#4788,#6021,.T.);
#6021 = LINE('',#6022,#6023);
#6022 = CARTESIAN_POINT('',(2.85,0.98,0.4));
#6023 = VECTOR('',#6024,1.);
#6024 = DIRECTION('',(1.,0.,0.));
#6025 = ORIENTED_EDGE('',*,*,#5564,.T.);
#6026 = ORIENTED_EDGE('',*,*,#6027,.T.);
#6027 = EDGE_CURVE('',#5565,#5998,#6028,.T.);
#6028 = LINE('',#6029,#6030);
#6029 = CARTESIAN_POINT('',(2.85,0.98,1.5));
#6030 = VECTOR('',#6031,1.);
#6031 = DIRECTION('',(1.,0.,0.));
#6032 = ORIENTED_EDGE('',*,*,#5997,.F.);
#6033 = PLANE('',#6034);
#6034 = AXIS2_PLACEMENT_3D('',#6035,#6036,#6037);
#6035 = CARTESIAN_POINT('',(2.85,0.98,0.4));
#6036 = DIRECTION('',(0.,1.,0.));
#6037 = DIRECTION('',(0.,-0.,1.));
#6038 = ADVANCED_FACE('',(#6039),#6045,.F.);
#6039 = FACE_BOUND('',#6040,.F.);
#6040 = EDGE_LOOP('',(#6041,#6042,#6043,#6044));
#6041 = ORIENTED_EDGE('',*,*,#5556,.F.);
#6042 = ORIENTED_EDGE('',*,*,#4848,.F.);
#6043 = ORIENTED_EDGE('',*,*,#4787,.T.);
#6044 = ORIENTED_EDGE('',*,*,#6020,.F.);
#6045 = PLANE('',#6046);
#6046 = AXIS2_PLACEMENT_3D('',#6047,#6048,#6049);
#6047 = CARTESIAN_POINT('',(2.85,0.68,0.4));
#6048 = DIRECTION('',(0.,0.,1.));
#6049 = DIRECTION('',(1.,0.,-0.));
#6050 = ADVANCED_FACE('',(#6051),#6076,.F.);
#6051 = FACE_BOUND('',#6052,.F.);
#6052 = EDGE_LOOP('',(#6053,#6061,#6062,#6070));
#6053 = ORIENTED_EDGE('',*,*,#6054,.F.);
#6054 = EDGE_CURVE('',#4917,#6055,#6057,.T.);
#6055 = VERTEX_POINT('',#6056);
#6056 = CARTESIAN_POINT('',(-2.65,0.98,0.4));
#6057 = LINE('',#6058,#6059);
#6058 = CARTESIAN_POINT('',(-2.65,0.58,0.4));
#6059 = VECTOR('',#6060,1.);
#6060 = DIRECTION('',(0.,1.,0.));
#6061 = ORIENTED_EDGE('',*,*,#4924,.F.);
#6062 = ORIENTED_EDGE('',*,*,#6063,.T.);
#6063 = EDGE_CURVE('',#3909,#6064,#6066,.T.);
#6064 = VERTEX_POINT('',#6065);
#6065 = CARTESIAN_POINT('',(-2.65,0.98,0.));
#6066 = LINE('',#6067,#6068);
#6067 = CARTESIAN_POINT('',(-2.65,0.58,0.));
#6068 = VECTOR('',#6069,1.);
#6069 = DIRECTION('',(0.,1.,0.));
#6070 = ORIENTED_EDGE('',*,*,#6071,.T.);
#6071 = EDGE_CURVE('',#6064,#6055,#6072,.T.);
#6072 = LINE('',#6073,#6074);
#6073 = CARTESIAN_POINT('',(-2.65,0.98,0.));
#6074 = VECTOR('',#6075,1.);
#6075 = DIRECTION('',(0.,0.,1.));
#6076 = PLANE('',#6077);
#6077 = AXIS2_PLACEMENT_3D('',#6078,#6079,#6080);
#6078 = CARTESIAN_POINT('',(-2.65,0.58,0.));
#6079 = DIRECTION('',(1.,0.,0.));
#6080 = DIRECTION('',(0.,0.,1.));
#6081 = ADVANCED_FACE('',(#6082),#6100,.T.);
#6082 = FACE_BOUND('',#6083,.T.);
#6083 = EDGE_LOOP('',(#6084,#6085,#6086,#6094));
#6084 = ORIENTED_EDGE('',*,*,#6054,.F.);
#6085 = ORIENTED_EDGE('',*,*,#4916,.F.);
#6086 = ORIENTED_EDGE('',*,*,#6087,.T.);
#6087 = EDGE_CURVE('',#4909,#6088,#6090,.T.);
#6088 = VERTEX_POINT('',#6089);
#6089 = CARTESIAN_POINT('',(-1.85,0.98,0.4));
#6090 = LINE('',#6091,#6092);
#6091 = CARTESIAN_POINT('',(-1.85,0.58,0.4));
#6092 = VECTOR('',#6093,1.);
#6093 = DIRECTION('',(0.,1.,0.));
#6094 = ORIENTED_EDGE('',*,*,#6095,.F.);
#6095 = EDGE_CURVE('',#6055,#6088,#6096,.T.);
#6096 = LINE('',#6097,#6098);
#6097 = CARTESIAN_POINT('',(-2.65,0.98,0.4));
#6098 = VECTOR('',#6099,1.);
#6099 = DIRECTION('',(1.,0.,0.));
#6100 = PLANE('',#6101);
#6101 = AXIS2_PLACEMENT_3D('',#6102,#6103,#6104);
#6102 = CARTESIAN_POINT('',(-2.65,0.58,0.4));
#6103 = DIRECTION('',(0.,0.,1.));
#6104 = DIRECTION('',(1.,0.,-0.));
#6105 = ADVANCED_FACE('',(#6106),#6124,.T.);
#6106 = FACE_BOUND('',#6107,.T.);
#6107 = EDGE_LOOP('',(#6108,#6109,#6110,#6118));
#6108 = ORIENTED_EDGE('',*,*,#6087,.F.);
#6109 = ORIENTED_EDGE('',*,*,#4908,.F.);
#6110 = ORIENTED_EDGE('',*,*,#6111,.T.);
#6111 = EDGE_CURVE('',#3933,#6112,#6114,.T.);
#6112 = VERTEX_POINT('',#6113);
#6113 = CARTESIAN_POINT('',(-1.85,0.98,0.));
#6114 = LINE('',#6115,#6116);
#6115 = CARTESIAN_POINT('',(-1.85,0.58,0.));
#6116 = VECTOR('',#6117,1.);
#6117 = DIRECTION('',(0.,1.,0.));
#6118 = ORIENTED_EDGE('',*,*,#6119,.T.);
#6119 = EDGE_CURVE('',#6112,#6088,#6120,.T.);
#6120 = LINE('',#6121,#6122);
#6121 = CARTESIAN_POINT('',(-1.85,0.98,0.));
#6122 = VECTOR('',#6123,1.);
#6123 = DIRECTION('',(0.,0.,1.));
#6124 = PLANE('',#6125);
#6125 = AXIS2_PLACEMENT_3D('',#6126,#6127,#6128);
#6126 = CARTESIAN_POINT('',(-1.85,0.58,0.));
#6127 = DIRECTION('',(1.,0.,0.));
#6128 = DIRECTION('',(0.,0.,1.));
#6129 = ADVANCED_FACE('',(#6130),#6155,.F.);
#6130 = FACE_BOUND('',#6131,.F.);
#6131 = EDGE_LOOP('',(#6132,#6140,#6141,#6149));
#6132 = ORIENTED_EDGE('',*,*,#6133,.F.);
#6133 = EDGE_CURVE('',#4894,#6134,#6136,.T.);
#6134 = VERTEX_POINT('',#6135);
#6135 = CARTESIAN_POINT('',(0.35,0.98,0.4));
#6136 = LINE('',#6137,#6138);
#6137 = CARTESIAN_POINT('',(0.35,0.58,0.4));
#6138 = VECTOR('',#6139,1.);
#6139 = DIRECTION('',(0.,1.,0.));
#6140 = ORIENTED_EDGE('',*,*,#4901,.F.);
#6141 = ORIENTED_EDGE('',*,*,#6142,.T.);
#6142 = EDGE_CURVE('',#3941,#6143,#6145,.T.);
#6143 = VERTEX_POINT('',#6144);
#6144 = CARTESIAN_POINT('',(0.35,0.98,0.));
#6145 = LINE('',#6146,#6147);
#6146 = CARTESIAN_POINT('',(0.35,0.58,0.));
#6147 = VECTOR('',#6148,1.);
#6148 = DIRECTION('',(0.,1.,0.));
#6149 = ORIENTED_EDGE('',*,*,#6150,.T.);
#6150 = EDGE_CURVE('',#6143,#6134,#6151,.T.);
#6151 = LINE('',#6152,#6153);
#6152 = CARTESIAN_POINT('',(0.35,0.98,0.));
#6153 = VECTOR('',#6154,1.);
#6154 = DIRECTION('',(0.,0.,1.));
#6155 = PLANE('',#6156);
#6156 = AXIS2_PLACEMENT_3D('',#6157,#6158,#6159);
#6157 = CARTESIAN_POINT('',(0.35,0.58,0.));
#6158 = DIRECTION('',(1.,0.,0.));
#6159 = DIRECTION('',(0.,0.,1.));
#6160 = ADVANCED_FACE('',(#6161),#6179,.T.);
#6161 = FACE_BOUND('',#6162,.T.);
#6162 = EDGE_LOOP('',(#6163,#6164,#6165,#6173));
#6163 = ORIENTED_EDGE('',*,*,#6133,.F.);
#6164 = ORIENTED_EDGE('',*,*,#4893,.F.);
#6165 = ORIENTED_EDGE('',*,*,#6166,.T.);
#6166 = EDGE_CURVE('',#4886,#6167,#6169,.T.);
#6167 = VERTEX_POINT('',#6168);
#6168 = CARTESIAN_POINT('',(1.15,0.98,0.4));
#6169 = LINE('',#6170,#6171);
#6170 = CARTESIAN_POINT('',(1.15,0.58,0.4));
#6171 = VECTOR('',#6172,1.);
#6172 = DIRECTION('',(0.,1.,0.));
#6173 = ORIENTED_EDGE('',*,*,#6174,.F.);
#6174 = EDGE_CURVE('',#6134,#6167,#6175,.T.);
#6175 = LINE('',#6176,#6177);
#6176 = CARTESIAN_POINT('',(0.35,0.98,0.4));
#6177 = VECTOR('',#6178,1.);
#6178 = DIRECTION('',(1.,0.,0.));
#6179 = PLANE('',#6180);
#6180 = AXIS2_PLACEMENT_3D('',#6181,#6182,#6183);
#6181 = CARTESIAN_POINT('',(0.35,0.58,0.4));
#6182 = DIRECTION('',(0.,0.,1.));
#6183 = DIRECTION('',(1.,0.,-0.));
#6184 = ADVANCED_FACE('',(#6185),#6203,.T.);
#6185 = FACE_BOUND('',#6186,.T.);
#6186 = EDGE_LOOP('',(#6187,#6188,#6189,#6197));
#6187 = ORIENTED_EDGE('',*,*,#6166,.F.);
#6188 = ORIENTED_EDGE('',*,*,#4885,.F.);
#6189 = ORIENTED_EDGE('',*,*,#6190,.T.);
#6190 = EDGE_CURVE('',#3965,#6191,#6193,.T.);
#6191 = VERTEX_POINT('',#6192);
#6192 = CARTESIAN_POINT('',(1.15,0.98,0.));
#6193 = LINE('',#6194,#6195);
#6194 = CARTESIAN_POINT('',(1.15,0.58,0.));
#6195 = VECTOR('',#6196,1.);
#6196 = DIRECTION('',(0.,1.,0.));
#6197 = ORIENTED_EDGE('',*,*,#6198,.T.);
#6198 = EDGE_CURVE('',#6191,#6167,#6199,.T.);
#6199 = LINE('',#6200,#6201);
#6200 = CARTESIAN_POINT('',(1.15,0.98,0.));
#6201 = VECTOR('',#6202,1.);
#6202 = DIRECTION('',(0.,0.,1.));
#6203 = PLANE('',#6204);
#6204 = AXIS2_PLACEMENT_3D('',#6205,#6206,#6207);
#6205 = CARTESIAN_POINT('',(1.15,0.58,0.));
#6206 = DIRECTION('',(1.,0.,0.));
#6207 = DIRECTION('',(0.,0.,1.));
#6208 = ADVANCED_FACE('',(#6209),#6234,.F.);
#6209 = FACE_BOUND('',#6210,.F.);
#6210 = EDGE_LOOP('',(#6211,#6219,#6220,#6228));
#6211 = ORIENTED_EDGE('',*,*,#6212,.F.);
#6212 = EDGE_CURVE('',#4871,#6213,#6215,.T.);
#6213 = VERTEX_POINT('',#6214);
#6214 = CARTESIAN_POINT('',(1.85,0.98,0.4));
#6215 = LINE('',#6216,#6217);
#6216 = CARTESIAN_POINT('',(1.85,0.58,0.4));
#6217 = VECTOR('',#6218,1.);
#6218 = DIRECTION('',(0.,1.,0.));
#6219 = ORIENTED_EDGE('',*,*,#4878,.F.);
#6220 = ORIENTED_EDGE('',*,*,#6221,.T.);
#6221 = EDGE_CURVE('',#3973,#6222,#6224,.T.);
#6222 = VERTEX_POINT('',#6223);
#6223 = CARTESIAN_POINT('',(1.85,0.98,0.));
#6224 = LINE('',#6225,#6226);
#6225 = CARTESIAN_POINT('',(1.85,0.58,0.));
#6226 = VECTOR('',#6227,1.);
#6227 = DIRECTION('',(0.,1.,0.));
#6228 = ORIENTED_EDGE('',*,*,#6229,.T.);
#6229 = EDGE_CURVE('',#6222,#6213,#6230,.T.);
#6230 = LINE('',#6231,#6232);
#6231 = CARTESIAN_POINT('',(1.85,0.98,0.));
#6232 = VECTOR('',#6233,1.);
#6233 = DIRECTION('',(0.,0.,1.));
#6234 = PLANE('',#6235);
#6235 = AXIS2_PLACEMENT_3D('',#6236,#6237,#6238);
#6236 = CARTESIAN_POINT('',(1.85,0.58,0.));
#6237 = DIRECTION('',(1.,0.,0.));
#6238 = DIRECTION('',(0.,0.,1.));
#6239 = ADVANCED_FACE('',(#6240),#6258,.T.);
#6240 = FACE_BOUND('',#6241,.T.);
#6241 = EDGE_LOOP('',(#6242,#6243,#6244,#6252));
#6242 = ORIENTED_EDGE('',*,*,#6212,.F.);
#6243 = ORIENTED_EDGE('',*,*,#4870,.F.);
#6244 = ORIENTED_EDGE('',*,*,#6245,.T.);
#6245 = EDGE_CURVE('',#4863,#6246,#6248,.T.);
#6246 = VERTEX_POINT('',#6247);
#6247 = CARTESIAN_POINT('',(2.65,0.98,0.4));
#6248 = LINE('',#6249,#6250);
#6249 = CARTESIAN_POINT('',(2.65,0.58,0.4));
#6250 = VECTOR('',#6251,1.);
#6251 = DIRECTION('',(0.,1.,0.));
#6252 = ORIENTED_EDGE('',*,*,#6253,.F.);
#6253 = EDGE_CURVE('',#6213,#6246,#6254,.T.);
#6254 = LINE('',#6255,#6256);
#6255 = CARTESIAN_POINT('',(1.85,0.98,0.4));
#6256 = VECTOR('',#6257,1.);
#6257 = DIRECTION('',(1.,0.,0.));
#6258 = PLANE('',#6259);
#6259 = AXIS2_PLACEMENT_3D('',#6260,#6261,#6262);
#6260 = CARTESIAN_POINT('',(1.85,0.58,0.4));
#6261 = DIRECTION('',(0.,0.,1.));
#6262 = DIRECTION('',(1.,0.,-0.));
#6263 = ADVANCED_FACE('',(#6264),#6282,.T.);
#6264 = FACE_BOUND('',#6265,.T.);
#6265 = EDGE_LOOP('',(#6266,#6267,#6268,#6276));
#6266 = ORIENTED_EDGE('',*,*,#6245,.F.);
#6267 = ORIENTED_EDGE('',*,*,#4862,.F.);
#6268 = ORIENTED_EDGE('',*,*,#6269,.T.);
#6269 = EDGE_CURVE('',#3997,#6270,#6272,.T.);
#6270 = VERTEX_POINT('',#6271);
#6271 = CARTESIAN_POINT('',(2.65,0.98,0.));
#6272 = LINE('',#6273,#6274);
#6273 = CARTESIAN_POINT('',(2.65,0.58,0.));
#6274 = VECTOR('',#6275,1.);
#6275 = DIRECTION('',(0.,1.,0.));
#6276 = ORIENTED_EDGE('',*,*,#6277,.T.);
#6277 = EDGE_CURVE('',#6270,#6246,#6278,.T.);
#6278 = LINE('',#6279,#6280);
#6279 = CARTESIAN_POINT('',(2.65,0.98,0.));
#6280 = VECTOR('',#6281,1.);
#6281 = DIRECTION('',(0.,0.,1.));
#6282 = PLANE('',#6283);
#6283 = AXIS2_PLACEMENT_3D('',#6284,#6285,#6286);
#6284 = CARTESIAN_POINT('',(2.65,0.58,0.));
#6285 = DIRECTION('',(1.,0.,0.));
#6286 = DIRECTION('',(0.,0.,1.));
#6287 = ADVANCED_FACE('',(#6288),#6299,.F.);
#6288 = FACE_BOUND('',#6289,.F.);
#6289 = EDGE_LOOP('',(#6290,#6291,#6297,#6298));
#6290 = ORIENTED_EDGE('',*,*,#5446,.F.);
#6291 = ORIENTED_EDGE('',*,*,#6292,.T.);
#6292 = EDGE_CURVE('',#5439,#5268,#6293,.T.);
#6293 = LINE('',#6294,#6295);
#6294 = CARTESIAN_POINT('',(-2.85,0.98,0.4));
#6295 = VECTOR('',#6296,1.);
#6296 = DIRECTION('',(-1.,0.,0.));
#6297 = ORIENTED_EDGE('',*,*,#5277,.T.);
#6298 = ORIENTED_EDGE('',*,*,#4825,.F.);
#6299 = PLANE('',#6300);
#6300 = AXIS2_PLACEMENT_3D('',#6301,#6302,#6303);
#6301 = CARTESIAN_POINT('',(-2.85,0.98,0.4));
#6302 = DIRECTION('',(0.,0.,1.));
#6303 = DIRECTION('',(-1.,0.,0.));
#6304 = ADVANCED_FACE('',(#6305),#6316,.T.);
#6305 = FACE_BOUND('',#6306,.T.);
#6306 = EDGE_LOOP('',(#6307,#6308,#6314,#6315));
#6307 = ORIENTED_EDGE('',*,*,#4955,.F.);
#6308 = ORIENTED_EDGE('',*,*,#6309,.T.);
#6309 = EDGE_CURVE('',#4941,#5244,#6310,.T.);
#6310 = LINE('',#6311,#6312);
#6311 = CARTESIAN_POINT('',(-3.85,0.97,0.));
#6312 = VECTOR('',#6313,1.);
#6313 = DIRECTION('',(0.,0.,1.));
#6314 = ORIENTED_EDGE('',*,*,#5253,.T.);
#6315 = ORIENTED_EDGE('',*,*,#4818,.F.);
#6316 = PLANE('',#6317);
#6317 = AXIS2_PLACEMENT_3D('',#6318,#6319,#6320);
#6318 = CARTESIAN_POINT('',(-3.85,0.97,0.));
#6319 = DIRECTION('',(0.,1.,0.));
#6320 = DIRECTION('',(0.,-0.,1.));
#6321 = ADVANCED_FACE('',(#6322),#6328,.F.);
#6322 = FACE_BOUND('',#6323,.F.);
#6323 = EDGE_LOOP('',(#6324,#6325,#6326,#6327));
#6324 = ORIENTED_EDGE('',*,*,#5220,.F.);
#6325 = ORIENTED_EDGE('',*,*,#4938,.T.);
#6326 = ORIENTED_EDGE('',*,*,#6309,.T.);
#6327 = ORIENTED_EDGE('',*,*,#5243,.F.);
#6328 = PLANE('',#6329);
#6329 = AXIS2_PLACEMENT_3D('',#6330,#6331,#6332);
#6330 = CARTESIAN_POINT('',(-3.85,0.57,0.));
#6331 = DIRECTION('',(1.,0.,0.));
#6332 = DIRECTION('',(0.,0.,1.));
#6333 = ADVANCED_FACE('',(#6334),#6352,.F.);
#6334 = FACE_BOUND('',#6335,.F.);
#6335 = EDGE_LOOP('',(#6336,#6337,#6338,#6346));
#6336 = ORIENTED_EDGE('',*,*,#6221,.F.);
#6337 = ORIENTED_EDGE('',*,*,#5036,.T.);
#6338 = ORIENTED_EDGE('',*,*,#6339,.T.);
#6339 = EDGE_CURVE('',#5029,#6340,#6342,.T.);
#6340 = VERTEX_POINT('',#6341);
#6341 = CARTESIAN_POINT('',(2.05,0.98,0.));
#6342 = LINE('',#6343,#6344);
#6343 = CARTESIAN_POINT('',(2.05,0.97,0.));
#6344 = VECTOR('',#6345,1.);
#6345 = DIRECTION('',(0.,1.,0.));
#6346 = ORIENTED_EDGE('',*,*,#6347,.F.);
#6347 = EDGE_CURVE('',#6222,#6340,#6348,.T.);
#6348 = LINE('',#6349,#6350);
#6349 = CARTESIAN_POINT('',(1.85,0.98,0.));
#6350 = VECTOR('',#6351,1.);
#6351 = DIRECTION('',(1.,0.,0.));
#6352 = PLANE('',#6353);
#6353 = AXIS2_PLACEMENT_3D('',#6354,#6355,#6356);
#6354 = CARTESIAN_POINT('',(1.85,0.58,0.));
#6355 = DIRECTION('',(0.,0.,1.));
#6356 = DIRECTION('',(1.,0.,-0.));
#6357 = ADVANCED_FACE('',(#6358),#6376,.F.);
#6358 = FACE_BOUND('',#6359,.F.);
#6359 = EDGE_LOOP('',(#6360,#6361,#6362,#6370));
#6360 = ORIENTED_EDGE('',*,*,#6339,.F.);
#6361 = ORIENTED_EDGE('',*,*,#5028,.T.);
#6362 = ORIENTED_EDGE('',*,*,#6363,.T.);
#6363 = EDGE_CURVE('',#5021,#6364,#6366,.T.);
#6364 = VERTEX_POINT('',#6365);
#6365 = CARTESIAN_POINT('',(2.45,0.98,0.));
#6366 = LINE('',#6367,#6368);
#6367 = CARTESIAN_POINT('',(2.45,0.97,0.));
#6368 = VECTOR('',#6369,1.);
#6369 = DIRECTION('',(0.,1.,0.));
#6370 = ORIENTED_EDGE('',*,*,#6371,.F.);
#6371 = EDGE_CURVE('',#6340,#6364,#6372,.T.);
#6372 = LINE('',#6373,#6374);
#6373 = CARTESIAN_POINT('',(1.85,0.98,0.));
#6374 = VECTOR('',#6375,1.);
#6375 = DIRECTION('',(1.,0.,0.));
#6376 = PLANE('',#6377);
#6377 = AXIS2_PLACEMENT_3D('',#6378,#6379,#6380);
#6378 = CARTESIAN_POINT('',(1.85,0.58,0.));
#6379 = DIRECTION('',(0.,0.,1.));
#6380 = DIRECTION('',(1.,0.,-0.));
#6381 = ADVANCED_FACE('',(#6382),#6393,.F.);
#6382 = FACE_BOUND('',#6383,.F.);
#6383 = EDGE_LOOP('',(#6384,#6385,#6386,#6392));
#6384 = ORIENTED_EDGE('',*,*,#5020,.T.);
#6385 = ORIENTED_EDGE('',*,*,#6269,.T.);
#6386 = ORIENTED_EDGE('',*,*,#6387,.F.);
#6387 = EDGE_CURVE('',#6364,#6270,#6388,.T.);
#6388 = LINE('',#6389,#6390);
#6389 = CARTESIAN_POINT('',(1.85,0.98,0.));
#6390 = VECTOR('',#6391,1.);
#6391 = DIRECTION('',(1.,0.,0.));
#6392 = ORIENTED_EDGE('',*,*,#6363,.F.);
#6393 = PLANE('',#6394);
#6394 = AXIS2_PLACEMENT_3D('',#6395,#6396,#6397);
#6395 = CARTESIAN_POINT('',(1.85,0.58,0.));
#6396 = DIRECTION('',(0.,0.,1.));
#6397 = DIRECTION('',(1.,0.,-0.));
#6398 = ADVANCED_FACE('',(#6399),#6417,.F.);
#6399 = FACE_BOUND('',#6400,.F.);
#6400 = EDGE_LOOP('',(#6401,#6402,#6403,#6411));
#6401 = ORIENTED_EDGE('',*,*,#6142,.F.);
#6402 = ORIENTED_EDGE('',*,*,#5069,.T.);
#6403 = ORIENTED_EDGE('',*,*,#6404,.T.);
#6404 = EDGE_CURVE('',#5062,#6405,#6407,.T.);
#6405 = VERTEX_POINT('',#6406);
#6406 = CARTESIAN_POINT('',(0.55,0.98,0.));
#6407 = LINE('',#6408,#6409);
#6408 = CARTESIAN_POINT('',(0.55,0.97,0.));
#6409 = VECTOR('',#6410,1.);
#6410 = DIRECTION('',(0.,1.,0.));
#6411 = ORIENTED_EDGE('',*,*,#6412,.F.);
#6412 = EDGE_CURVE('',#6143,#6405,#6413,.T.);
#6413 = LINE('',#6414,#6415);
#6414 = CARTESIAN_POINT('',(0.35,0.98,0.));
#6415 = VECTOR('',#6416,1.);
#6416 = DIRECTION('',(1.,0.,0.));
#6417 = PLANE('',#6418);
#6418 = AXIS2_PLACEMENT_3D('',#6419,#6420,#6421);
#6419 = CARTESIAN_POINT('',(0.35,0.58,0.));
#6420 = DIRECTION('',(0.,0.,1.));
#6421 = DIRECTION('',(1.,0.,-0.));
#6422 = ADVANCED_FACE('',(#6423),#6441,.F.);
#6423 = FACE_BOUND('',#6424,.F.);
#6424 = EDGE_LOOP('',(#6425,#6426,#6427,#6435));
#6425 = ORIENTED_EDGE('',*,*,#6404,.F.);
#6426 = ORIENTED_EDGE('',*,*,#5061,.T.);
#6427 = ORIENTED_EDGE('',*,*,#6428,.T.);
#6428 = EDGE_CURVE('',#5054,#6429,#6431,.T.);
#6429 = VERTEX_POINT('',#6430);
#6430 = CARTESIAN_POINT('',(0.95,0.98,0.));
#6431 = LINE('',#6432,#6433);
#6432 = CARTESIAN_POINT('',(0.95,0.97,0.));
#6433 = VECTOR('',#6434,1.);
#6434 = DIRECTION('',(0.,1.,0.));
#6435 = ORIENTED_EDGE('',*,*,#6436,.F.);
#6436 = EDGE_CURVE('',#6405,#6429,#6437,.T.);
#6437 = LINE('',#6438,#6439);
#6438 = CARTESIAN_POINT('',(0.35,0.98,0.));
#6439 = VECTOR('',#6440,1.);
#6440 = DIRECTION('',(1.,0.,0.));
#6441 = PLANE('',#6442);
#6442 = AXIS2_PLACEMENT_3D('',#6443,#6444,#6445);
#6443 = CARTESIAN_POINT('',(0.35,0.58,0.));
#6444 = DIRECTION('',(0.,0.,1.));
#6445 = DIRECTION('',(1.,0.,-0.));
#6446 = ADVANCED_FACE('',(#6447),#6458,.F.);
#6447 = FACE_BOUND('',#6448,.F.);
#6448 = EDGE_LOOP('',(#6449,#6450,#6451,#6457));
#6449 = ORIENTED_EDGE('',*,*,#5053,.T.);
#6450 = ORIENTED_EDGE('',*,*,#6190,.T.);
#6451 = ORIENTED_EDGE('',*,*,#6452,.F.);
#6452 = EDGE_CURVE('',#6429,#6191,#6453,.T.);
#6453 = LINE('',#6454,#6455);
#6454 = CARTESIAN_POINT('',(0.35,0.98,0.));
#6455 = VECTOR('',#6456,1.);
#6456 = DIRECTION('',(1.,0.,0.));
#6457 = ORIENTED_EDGE('',*,*,#6428,.F.);
#6458 = PLANE('',#6459);
#6459 = AXIS2_PLACEMENT_3D('',#6460,#6461,#6462);
#6460 = CARTESIAN_POINT('',(0.35,0.58,0.));
#6461 = DIRECTION('',(0.,0.,1.));
#6462 = DIRECTION('',(1.,0.,-0.));
#6463 = ADVANCED_FACE('',(#6464),#6482,.F.);
#6464 = FACE_BOUND('',#6465,.F.);
#6465 = EDGE_LOOP('',(#6466,#6467,#6468,#6476));
#6466 = ORIENTED_EDGE('',*,*,#6063,.F.);
#6467 = ORIENTED_EDGE('',*,*,#5102,.T.);
#6468 = ORIENTED_EDGE('',*,*,#6469,.T.);
#6469 = EDGE_CURVE('',#5095,#6470,#6472,.T.);
#6470 = VERTEX_POINT('',#6471);
#6471 = CARTESIAN_POINT('',(-2.45,0.98,0.));
#6472 = LINE('',#6473,#6474);
#6473 = CARTESIAN_POINT('',(-2.45,0.97,0.));
#6474 = VECTOR('',#6475,1.);
#6475 = DIRECTION('',(0.,1.,0.));
#6476 = ORIENTED_EDGE('',*,*,#6477,.F.);
#6477 = EDGE_CURVE('',#6064,#6470,#6478,.T.);
#6478 = LINE('',#6479,#6480);
#6479 = CARTESIAN_POINT('',(-2.65,0.98,0.));
#6480 = VECTOR('',#6481,1.);
#6481 = DIRECTION('',(1.,0.,0.));
#6482 = PLANE('',#6483);
#6483 = AXIS2_PLACEMENT_3D('',#6484,#6485,#6486);
#6484 = CARTESIAN_POINT('',(-2.65,0.58,0.));
#6485 = DIRECTION('',(0.,0.,1.));
#6486 = DIRECTION('',(1.,0.,-0.));
#6487 = ADVANCED_FACE('',(#6488),#6506,.F.);
#6488 = FACE_BOUND('',#6489,.F.);
#6489 = EDGE_LOOP('',(#6490,#6491,#6492,#6500));
#6490 = ORIENTED_EDGE('',*,*,#6469,.F.);
#6491 = ORIENTED_EDGE('',*,*,#5094,.T.);
#6492 = ORIENTED_EDGE('',*,*,#6493,.T.);
#6493 = EDGE_CURVE('',#5087,#6494,#6496,.T.);
#6494 = VERTEX_POINT('',#6495);
#6495 = CARTESIAN_POINT('',(-2.05,0.98,0.));
#6496 = LINE('',#6497,#6498);
#6497 = CARTESIAN_POINT('',(-2.05,0.97,0.));
#6498 = VECTOR('',#6499,1.);
#6499 = DIRECTION('',(0.,1.,0.));
#6500 = ORIENTED_EDGE('',*,*,#6501,.F.);
#6501 = EDGE_CURVE('',#6470,#6494,#6502,.T.);
#6502 = LINE('',#6503,#6504);
#6503 = CARTESIAN_POINT('',(-2.65,0.98,0.));
#6504 = VECTOR('',#6505,1.);
#6505 = DIRECTION('',(1.,0.,0.));
#6506 = PLANE('',#6507);
#6507 = AXIS2_PLACEMENT_3D('',#6508,#6509,#6510);
#6508 = CARTESIAN_POINT('',(-2.65,0.58,0.));
#6509 = DIRECTION('',(0.,0.,1.));
#6510 = DIRECTION('',(1.,0.,-0.));
#6511 = ADVANCED_FACE('',(#6512),#6523,.F.);
#6512 = FACE_BOUND('',#6513,.F.);
#6513 = EDGE_LOOP('',(#6514,#6515,#6516,#6522));
#6514 = ORIENTED_EDGE('',*,*,#5086,.T.);
#6515 = ORIENTED_EDGE('',*,*,#6111,.T.);
#6516 = ORIENTED_EDGE('',*,*,#6517,.F.);
#6517 = EDGE_CURVE('',#6494,#6112,#6518,.T.);
#6518 = LINE('',#6519,#6520);
#6519 = CARTESIAN_POINT('',(-2.65,0.98,0.));
#6520 = VECTOR('',#6521,1.);
#6521 = DIRECTION('',(1.,0.,0.));
#6522 = ORIENTED_EDGE('',*,*,#6493,.F.);
#6523 = PLANE('',#6524);
#6524 = AXIS2_PLACEMENT_3D('',#6525,#6526,#6527);
#6525 = CARTESIAN_POINT('',(-2.65,0.58,0.));
#6526 = DIRECTION('',(0.,0.,1.));
#6527 = DIRECTION('',(1.,0.,-0.));
#6528 = ADVANCED_FACE('',(#6529),#6548,.T.);
#6529 = FACE_BOUND('',#6530,.T.);
#6530 = EDGE_LOOP('',(#6531,#6540,#6546,#6547));
#6531 = ORIENTED_EDGE('',*,*,#6532,.T.);
#6532 = EDGE_CURVE('',#6533,#6533,#6535,.T.);
#6533 = VERTEX_POINT('',#6534);
#6534 = CARTESIAN_POINT('',(1.8,-0.33,-0.5));
#6535 = CIRCLE('',#6536,0.3);
#6536 = AXIS2_PLACEMENT_3D('',#6537,#6538,#6539);
#6537 = CARTESIAN_POINT('',(1.5,-0.33,-0.5));
#6538 = DIRECTION('',(0.,0.,1.));
#6539 = DIRECTION('',(1.,0.,-0.));
#6540 = ORIENTED_EDGE('',*,*,#6541,.F.);
#6541 = EDGE_CURVE('',#5117,#6533,#6542,.T.);
#6542 = LINE('',#6543,#6544);
#6543 = CARTESIAN_POINT('',(1.9,-0.33,-0.4));
#6544 = VECTOR('',#6545,1.);
#6545 = DIRECTION('',(-0.707106781187,-0.,-0.707106781187));
#6546 = ORIENTED_EDGE('',*,*,#5116,.F.);
#6547 = ORIENTED_EDGE('',*,*,#6541,.T.);
#6548 = CONICAL_SURFACE('',#6549,0.4,0.785398163397);
#6549 = AXIS2_PLACEMENT_3D('',#6550,#6551,#6552);
#6550 = CARTESIAN_POINT('',(1.5,-0.33,-0.4));
#6551 = DIRECTION('',(0.,0.,1.));
#6552 = DIRECTION('',(1.,0.,-0.));
#6553 = ADVANCED_FACE('',(#6554),#6573,.T.);
#6554 = FACE_BOUND('',#6555,.T.);
#6555 = EDGE_LOOP('',(#6556,#6565,#6571,#6572));
#6556 = ORIENTED_EDGE('',*,*,#6557,.T.);
#6557 = EDGE_CURVE('',#6558,#6558,#6560,.T.);
#6558 = VERTEX_POINT('',#6559);
#6559 = CARTESIAN_POINT('',(-1.2,-0.33,-0.5));
#6560 = CIRCLE('',#6561,0.3);
#6561 = AXIS2_PLACEMENT_3D('',#6562,#6563,#6564);
#6562 = CARTESIAN_POINT('',(-1.5,-0.33,-0.5));
#6563 = DIRECTION('',(0.,0.,1.));
#6564 = DIRECTION('',(1.,0.,-0.));
#6565 = ORIENTED_EDGE('',*,*,#6566,.F.);
#6566 = EDGE_CURVE('',#5142,#6558,#6567,.T.);
#6567 = LINE('',#6568,#6569);
#6568 = CARTESIAN_POINT('',(-1.1,-0.33,-0.4));
#6569 = VECTOR('',#6570,1.);
#6570 = DIRECTION('',(-0.707106781187,-0.,-0.707106781187));
#6571 = ORIENTED_EDGE('',*,*,#5141,.F.);
#6572 = ORIENTED_EDGE('',*,*,#6566,.T.);
#6573 = CONICAL_SURFACE('',#6574,0.4,0.785398163397);
#6574 = AXIS2_PLACEMENT_3D('',#6575,#6576,#6577);
#6575 = CARTESIAN_POINT('',(-1.5,-0.33,-0.4));
#6576 = DIRECTION('',(0.,0.,1.));
#6577 = DIRECTION('',(1.,0.,-0.));
#6578 = ADVANCED_FACE('',(#6579),#6598,.F.);
#6579 = FACE_BOUND('',#6580,.F.);
#6580 = EDGE_LOOP('',(#6581,#6582,#6583,#6584,#6592));
#6581 = ORIENTED_EDGE('',*,*,#5267,.F.);
#6582 = ORIENTED_EDGE('',*,*,#6292,.F.);
#6583 = ORIENTED_EDGE('',*,*,#5438,.T.);
#6584 = ORIENTED_EDGE('',*,*,#6585,.T.);
#6585 = EDGE_CURVE('',#5429,#6586,#6588,.T.);
#6586 = VERTEX_POINT('',#6587);
#6587 = CARTESIAN_POINT('',(-3.05,0.98,1.5));
#6588 = LINE('',#6589,#6590);
#6589 = CARTESIAN_POINT('',(-2.85,0.98,1.5));
#6590 = VECTOR('',#6591,1.);
#6591 = DIRECTION('',(-1.,0.,0.));
#6592 = ORIENTED_EDGE('',*,*,#6593,.F.);
#6593 = EDGE_CURVE('',#5270,#6586,#6594,.T.);
#6594 = LINE('',#6595,#6596);
#6595 = CARTESIAN_POINT('',(-3.268119266055,0.98,0.772935779817));
#6596 = VECTOR('',#6597,1.);
#6597 = DIRECTION('',(0.287347885566,0.,0.957826285221));
#6598 = PLANE('',#6599);
#6599 = AXIS2_PLACEMENT_3D('',#6600,#6601,#6602);
#6600 = CARTESIAN_POINT('',(-2.85,0.98,0.4));
#6601 = DIRECTION('',(0.,-1.,0.));
#6602 = DIRECTION('',(0.,0.,1.));
#6603 = ADVANCED_FACE('',(#6604),#6615,.T.);
#6604 = FACE_BOUND('',#6605,.T.);
#6605 = EDGE_LOOP('',(#6606,#6607,#6608,#6609));
#6606 = ORIENTED_EDGE('',*,*,#6593,.F.);
#6607 = ORIENTED_EDGE('',*,*,#5292,.T.);
#6608 = ORIENTED_EDGE('',*,*,#5468,.T.);
#6609 = ORIENTED_EDGE('',*,*,#6610,.F.);
#6610 = EDGE_CURVE('',#6586,#5469,#6611,.T.);
#6611 = LINE('',#6612,#6613);
#6612 = CARTESIAN_POINT('',(-3.05,0.98,1.5));
#6613 = VECTOR('',#6614,1.);
#6614 = DIRECTION('',(0.,-1.,0.));
#6615 = PLANE('',#6616);
#6616 = AXIS2_PLACEMENT_3D('',#6617,#6618,#6619);
#6617 = CARTESIAN_POINT('',(-3.2,0.98,1.));
#6618 = DIRECTION('',(-0.957826285221,0.,0.287347885566));
#6619 = DIRECTION('',(0.,-1.,0.));
#6620 = ADVANCED_FACE('',(#6621),#6627,.T.);
#6621 = FACE_BOUND('',#6622,.T.);
#6622 = EDGE_LOOP('',(#6623,#6624,#6625,#6626));
#6623 = ORIENTED_EDGE('',*,*,#5385,.F.);
#6624 = ORIENTED_EDGE('',*,*,#5346,.T.);
#6625 = ORIENTED_EDGE('',*,*,#5371,.T.);
#6626 = ORIENTED_EDGE('',*,*,#5414,.F.);
#6627 = PLANE('',#6628);
#6628 = AXIS2_PLACEMENT_3D('',#6629,#6630,#6631);
#6629 = CARTESIAN_POINT('',(-3.2,-1.34,1.));
#6630 = DIRECTION('',(-0.957826285221,0.,0.287347885566));
#6631 = DIRECTION('',(0.,-1.,0.));
#6632 = ADVANCED_FACE('',(#6633),#6639,.T.);
#6633 = FACE_BOUND('',#6634,.T.);
#6634 = EDGE_LOOP('',(#6635,#6636,#6637,#6638));
#6635 = ORIENTED_EDGE('',*,*,#5480,.F.);
#6636 = ORIENTED_EDGE('',*,*,#5428,.F.);
#6637 = ORIENTED_EDGE('',*,*,#6585,.T.);
#6638 = ORIENTED_EDGE('',*,*,#6610,.T.);
#6639 = PLANE('',#6640);
#6640 = AXIS2_PLACEMENT_3D('',#6641,#6642,#6643);
#6641 = CARTESIAN_POINT('',(-2.85,0.98,1.5));
#6642 = DIRECTION('',(0.,0.,1.));
#6643 = DIRECTION('',(-1.,0.,0.));
#6644 = ADVANCED_FACE('',(#6645),#6651,.T.);
#6645 = FACE_BOUND('',#6646,.T.);
#6646 = EDGE_LOOP('',(#6647,#6648,#6649,#6650));
#6647 = ORIENTED_EDGE('',*,*,#6027,.F.);
#6648 = ORIENTED_EDGE('',*,*,#5572,.F.);
#6649 = ORIENTED_EDGE('',*,*,#5539,.T.);
#6650 = ORIENTED_EDGE('',*,*,#6005,.T.);
#6651 = PLANE('',#6652);
#6652 = AXIS2_PLACEMENT_3D('',#6653,#6654,#6655);
#6653 = CARTESIAN_POINT('',(2.85,0.68,1.5));
#6654 = DIRECTION('',(0.,0.,1.));
#6655 = DIRECTION('',(1.,0.,-0.));
#6656 = ADVANCED_FACE('',(#6657),#6663,.T.);
#6657 = FACE_BOUND('',#6658,.T.);
#6658 = EDGE_LOOP('',(#6659,#6660,#6661,#6662));
#6659 = ORIENTED_EDGE('',*,*,#5625,.F.);
#6660 = ORIENTED_EDGE('',*,*,#5666,.T.);
#6661 = ORIENTED_EDGE('',*,*,#5649,.T.);
#6662 = ORIENTED_EDGE('',*,*,#5594,.F.);
#6663 = PLANE('',#6664);
#6664 = AXIS2_PLACEMENT_3D('',#6665,#6666,#6667);
#6665 = CARTESIAN_POINT('',(-2.45,-1.33,1.3));
#6666 = DIRECTION('',(0.,0.,1.));
#6667 = DIRECTION('',(1.,0.,-0.));
#6668 = ADVANCED_FACE('',(#6669),#6675,.T.);
#6669 = FACE_BOUND('',#6670,.T.);
#6670 = EDGE_LOOP('',(#6671,#6672,#6673,#6674));
#6671 = ORIENTED_EDGE('',*,*,#5762,.F.);
#6672 = ORIENTED_EDGE('',*,*,#5738,.T.);
#6673 = ORIENTED_EDGE('',*,*,#5690,.T.);
#6674 = ORIENTED_EDGE('',*,*,#5714,.F.);
#6675 = PLANE('',#6676);
#6676 = AXIS2_PLACEMENT_3D('',#6677,#6678,#6679);
#6677 = CARTESIAN_POINT('',(-2.45,0.12,1.3));
#6678 = DIRECTION('',(0.,0.,1.));
#6679 = DIRECTION('',(1.,0.,-0.));
#6680 = ADVANCED_FACE('',(#6681),#6699,.T.);
#6681 = FACE_BOUND('',#6682,.T.);
#6682 = EDGE_LOOP('',(#6683,#6684,#6692,#6698));
#6683 = ORIENTED_EDGE('',*,*,#5939,.F.);
#6684 = ORIENTED_EDGE('',*,*,#6685,.F.);
#6685 = EDGE_CURVE('',#6686,#5932,#6688,.T.);
#6686 = VERTEX_POINT('',#6687);
#6687 = CARTESIAN_POINT('',(7.E-02,-1.93,0.8));
#6688 = LINE('',#6689,#6690);
#6689 = CARTESIAN_POINT('',(7.E-02,-1.93,0.8));
#6690 = VECTOR('',#6691,1.);
#6691 = DIRECTION('',(0.,0.,1.));
#6692 = ORIENTED_EDGE('',*,*,#6693,.T.);
#6693 = EDGE_CURVE('',#6686,#4552,#6694,.T.);
#6694 = LINE('',#6695,#6696);
#6695 = CARTESIAN_POINT('',(7.E-02,-1.93,0.8));
#6696 = VECTOR('',#6697,1.);
#6697 = DIRECTION('',(0.,1.,0.));
#6698 = ORIENTED_EDGE('',*,*,#5833,.T.);
#6699 = PLANE('',#6700);
#6700 = AXIS2_PLACEMENT_3D('',#6701,#6702,#6703);
#6701 = CARTESIAN_POINT('',(7.E-02,-3.13,0.4));
#6702 = DIRECTION('',(1.,0.,0.));
#6703 = DIRECTION('',(0.,0.,1.));
#6704 = ADVANCED_FACE('',(#6705),#6723,.F.);
#6705 = FACE_BOUND('',#6706,.F.);
#6706 = EDGE_LOOP('',(#6707,#6708,#6716,#6722));
#6707 = ORIENTED_EDGE('',*,*,#5923,.F.);
#6708 = ORIENTED_EDGE('',*,*,#6709,.F.);
#6709 = EDGE_CURVE('',#6710,#5924,#6712,.T.);
#6710 = VERTEX_POINT('',#6711);
#6711 = CARTESIAN_POINT('',(-1.23,-1.93,0.8));
#6712 = LINE('',#6713,#6714);
#6713 = CARTESIAN_POINT('',(-1.23,-1.93,0.8));
#6714 = VECTOR('',#6715,1.);
#6715 = DIRECTION('',(0.,0.,1.));
#6716 = ORIENTED_EDGE('',*,*,#6717,.T.);
#6717 = EDGE_CURVE('',#6710,#4544,#6718,.T.);
#6718 = LINE('',#6719,#6720);
#6719 = CARTESIAN_POINT('',(-1.23,-1.93,0.8));
#6720 = VECTOR('',#6721,1.);
#6721 = DIRECTION('',(0.,1.,0.));
#6722 = ORIENTED_EDGE('',*,*,#5874,.T.);
#6723 = PLANE('',#6724);
#6724 = AXIS2_PLACEMENT_3D('',#6725,#6726,#6727);
#6725 = CARTESIAN_POINT('',(-1.23,-3.13,0.4));
#6726 = DIRECTION('',(1.,0.,0.));
#6727 = DIRECTION('',(0.,0.,1.));
#6728 = ADVANCED_FACE('',(#6729),#6756,.T.);
#6729 = FACE_BOUND('',#6730,.T.);
#6730 = EDGE_LOOP('',(#6731,#6739,#6747,#6753,#6754,#6755));
#6731 = ORIENTED_EDGE('',*,*,#6732,.F.);
#6732 = EDGE_CURVE('',#6733,#5932,#6735,.T.);
#6733 = VERTEX_POINT('',#6734);
#6734 = CARTESIAN_POINT('',(7.E-02,-2.93,1.2));
#6735 = LINE('',#6736,#6737);
#6736 = CARTESIAN_POINT('',(7.E-02,-3.13,1.2));
#6737 = VECTOR('',#6738,1.);
#6738 = DIRECTION('',(0.,1.,0.));
#6739 = ORIENTED_EDGE('',*,*,#6740,.F.);
#6740 = EDGE_CURVE('',#6741,#6733,#6743,.T.);
#6741 = VERTEX_POINT('',#6742);
#6742 = CARTESIAN_POINT('',(7.E-02,-2.93,0.4));
#6743 = LINE('',#6744,#6745);
#6744 = CARTESIAN_POINT('',(7.E-02,-2.93,0.4));
#6745 = VECTOR('',#6746,1.);
#6746 = DIRECTION('',(0.,0.,1.));
#6747 = ORIENTED_EDGE('',*,*,#6748,.T.);
#6748 = EDGE_CURVE('',#6741,#5893,#6749,.T.);
#6749 = LINE('',#6750,#6751);
#6750 = CARTESIAN_POINT('',(7.E-02,-3.13,0.4));
#6751 = VECTOR('',#6752,1.);
#6752 = DIRECTION('',(0.,1.,0.));
#6753 = ORIENTED_EDGE('',*,*,#5892,.T.);
#6754 = ORIENTED_EDGE('',*,*,#6693,.F.);
#6755 = ORIENTED_EDGE('',*,*,#6685,.T.);
#6756 = PLANE('',#6757);
#6757 = AXIS2_PLACEMENT_3D('',#6758,#6759,#6760);
#6758 = CARTESIAN_POINT('',(7.E-02,-3.13,0.4));
#6759 = DIRECTION('',(1.,0.,0.));
#6760 = DIRECTION('',(0.,0.,1.));
#6761 = ADVANCED_FACE('',(#6762),#6789,.F.);
#6762 = FACE_BOUND('',#6763,.F.);
#6763 = EDGE_LOOP('',(#6764,#6772,#6780,#6786,#6787,#6788));
#6764 = ORIENTED_EDGE('',*,*,#6765,.F.);
#6765 = EDGE_CURVE('',#6766,#5924,#6768,.T.);
#6766 = VERTEX_POINT('',#6767);
#6767 = CARTESIAN_POINT('',(-1.23,-2.93,1.2));
#6768 = LINE('',#6769,#6770);
#6769 = CARTESIAN_POINT('',(-1.23,-3.13,1.2));
#6770 = VECTOR('',#6771,1.);
#6771 = DIRECTION('',(0.,1.,0.));
#6772 = ORIENTED_EDGE('',*,*,#6773,.F.);
#6773 = EDGE_CURVE('',#6774,#6766,#6776,.T.);
#6774 = VERTEX_POINT('',#6775);
#6775 = CARTESIAN_POINT('',(-1.23,-2.93,0.4));
#6776 = LINE('',#6777,#6778);
#6777 = CARTESIAN_POINT('',(-1.23,-2.93,0.4));
#6778 = VECTOR('',#6779,1.);
#6779 = DIRECTION('',(0.,0.,1.));
#6780 = ORIENTED_EDGE('',*,*,#6781,.T.);
#6781 = EDGE_CURVE('',#6774,#5901,#6782,.T.);
#6782 = LINE('',#6783,#6784);
#6783 = CARTESIAN_POINT('',(-1.23,-3.13,0.4));
#6784 = VECTOR('',#6785,1.);
#6785 = DIRECTION('',(0.,1.,0.));
#6786 = ORIENTED_EDGE('',*,*,#5908,.T.);
#6787 = ORIENTED_EDGE('',*,*,#6717,.F.);
#6788 = ORIENTED_EDGE('',*,*,#6709,.T.);
#6789 = PLANE('',#6790);
#6790 = AXIS2_PLACEMENT_3D('',#6791,#6792,#6793);
#6791 = CARTESIAN_POINT('',(-1.23,-3.13,0.4));
#6792 = DIRECTION('',(1.,0.,0.));
#6793 = DIRECTION('',(0.,0.,1.));
#6794 = ADVANCED_FACE('',(#6795),#6822,.F.);
#6795 = FACE_BOUND('',#6796,.F.);
#6796 = EDGE_LOOP('',(#6797,#6807,#6813,#6814,#6815,#6816));
#6797 = ORIENTED_EDGE('',*,*,#6798,.T.);
#6798 = EDGE_CURVE('',#6799,#6801,#6803,.T.);
#6799 = VERTEX_POINT('',#6800);
#6800 = CARTESIAN_POINT('',(-1.03,-3.13,0.4));
#6801 = VERTEX_POINT('',#6802);
#6802 = CARTESIAN_POINT('',(-0.13,-3.13,0.4));
#6803 = LINE('',#6804,#6805);
#6804 = CARTESIAN_POINT('',(-1.23,-3.13,0.4));
#6805 = VECTOR('',#6806,1.);
#6806 = DIRECTION('',(1.,0.,0.));
#6807 = ORIENTED_EDGE('',*,*,#6808,.T.);
#6808 = EDGE_CURVE('',#6801,#6741,#6809,.T.);
#6809 = LINE('',#6810,#6811);
#6810 = CARTESIAN_POINT('',(-0.355,-3.355,0.4));
#6811 = VECTOR('',#6812,1.);
#6812 = DIRECTION('',(0.707106781187,0.707106781187,0.));
#6813 = ORIENTED_EDGE('',*,*,#6748,.T.);
#6814 = ORIENTED_EDGE('',*,*,#5900,.F.);
#6815 = ORIENTED_EDGE('',*,*,#6781,.F.);
#6816 = ORIENTED_EDGE('',*,*,#6817,.T.);
#6817 = EDGE_CURVE('',#6774,#6799,#6818,.T.);
#6818 = LINE('',#6819,#6820);
#6819 = CARTESIAN_POINT('',(-1.13,-3.03,0.4));
#6820 = VECTOR('',#6821,1.);
#6821 = DIRECTION('',(0.707106781187,-0.707106781187,0.));
#6822 = PLANE('',#6823);
#6823 = AXIS2_PLACEMENT_3D('',#6824,#6825,#6826);
#6824 = CARTESIAN_POINT('',(-1.23,-3.13,0.4));
#6825 = DIRECTION('',(0.,0.,1.));
#6826 = DIRECTION('',(1.,0.,-0.));
#6827 = ADVANCED_FACE('',(#6828),#6855,.T.);
#6828 = FACE_BOUND('',#6829,.T.);
#6829 = EDGE_LOOP('',(#6830,#6840,#6846,#6847,#6848,#6849));
#6830 = ORIENTED_EDGE('',*,*,#6831,.T.);
#6831 = EDGE_CURVE('',#6832,#6834,#6836,.T.);
#6832 = VERTEX_POINT('',#6833);
#6833 = CARTESIAN_POINT('',(-1.03,-3.13,1.2));
#6834 = VERTEX_POINT('',#6835);
#6835 = CARTESIAN_POINT('',(-0.13,-3.13,1.2));
#6836 = LINE('',#6837,#6838);
#6837 = CARTESIAN_POINT('',(-1.23,-3.13,1.2));
#6838 = VECTOR('',#6839,1.);
#6839 = DIRECTION('',(1.,0.,0.));
#6840 = ORIENTED_EDGE('',*,*,#6841,.T.);
#6841 = EDGE_CURVE('',#6834,#6733,#6842,.T.);
#6842 = LINE('',#6843,#6844);
#6843 = CARTESIAN_POINT('',(-0.355,-3.355,1.2));
#6844 = VECTOR('',#6845,1.);
#6845 = DIRECTION('',(0.707106781187,0.707106781187,0.));
#6846 = ORIENTED_EDGE('',*,*,#6732,.T.);
#6847 = ORIENTED_EDGE('',*,*,#5931,.F.);
#6848 = ORIENTED_EDGE('',*,*,#6765,.F.);
#6849 = ORIENTED_EDGE('',*,*,#6850,.T.);
#6850 = EDGE_CURVE('',#6766,#6832,#6851,.T.);
#6851 = LINE('',#6852,#6853);
#6852 = CARTESIAN_POINT('',(-1.13,-3.03,1.2));
#6853 = VECTOR('',#6854,1.);
#6854 = DIRECTION('',(0.707106781187,-0.707106781187,0.));
#6855 = PLANE('',#6856);
#6856 = AXIS2_PLACEMENT_3D('',#6857,#6858,#6859);
#6857 = CARTESIAN_POINT('',(-1.23,-3.13,1.2));
#6858 = DIRECTION('',(0.,0.,1.));
#6859 = DIRECTION('',(1.,0.,-0.));
#6860 = ADVANCED_FACE('',(#6861),#6908,.T.);
#6861 = FACE_BOUND('',#6862,.T.);
#6862 = EDGE_LOOP('',(#6863,#6864,#6865,#6866,#6867,#6868,#6876,#6885,
    #6893,#6902));
#6863 = ORIENTED_EDGE('',*,*,#6477,.F.);
#6864 = ORIENTED_EDGE('',*,*,#6071,.T.);
#6865 = ORIENTED_EDGE('',*,*,#6095,.T.);
#6866 = ORIENTED_EDGE('',*,*,#6119,.F.);
#6867 = ORIENTED_EDGE('',*,*,#6517,.F.);
#6868 = ORIENTED_EDGE('',*,*,#6869,.F.);
#6869 = EDGE_CURVE('',#6870,#6494,#6872,.T.);
#6870 = VERTEX_POINT('',#6871);
#6871 = CARTESIAN_POINT('',(-2.05,0.98,5.E-02));
#6872 = LINE('',#6873,#6874);
#6873 = CARTESIAN_POINT('',(-2.05,0.98,0.));
#6874 = VECTOR('',#6875,1.);
#6875 = DIRECTION('',(0.,0.,-1.));
#6876 = ORIENTED_EDGE('',*,*,#6877,.F.);
#6877 = EDGE_CURVE('',#6878,#6870,#6880,.T.);
#6878 = VERTEX_POINT('',#6879);
#6879 = CARTESIAN_POINT('',(-2.15,0.98,0.15));
#6880 = CIRCLE('',#6881,0.1);
#6881 = AXIS2_PLACEMENT_3D('',#6882,#6883,#6884);
#6882 = CARTESIAN_POINT('',(-2.15,0.98,5.E-02));
#6883 = DIRECTION('',(-0.,1.,0.));
#6884 = DIRECTION('',(1.,0.,0.));
#6885 = ORIENTED_EDGE('',*,*,#6886,.F.);
#6886 = EDGE_CURVE('',#6887,#6878,#6889,.T.);
#6887 = VERTEX_POINT('',#6888);
#6888 = CARTESIAN_POINT('',(-2.35,0.98,0.15));
#6889 = LINE('',#6890,#6891);
#6890 = CARTESIAN_POINT('',(-2.55,0.98,0.15));
#6891 = VECTOR('',#6892,1.);
#6892 = DIRECTION('',(1.,0.,0.));
#6893 = ORIENTED_EDGE('',*,*,#6894,.F.);
#6894 = EDGE_CURVE('',#6895,#6887,#6897,.T.);
#6895 = VERTEX_POINT('',#6896);
#6896 = CARTESIAN_POINT('',(-2.45,0.98,5.E-02));
#6897 = CIRCLE('',#6898,0.1);
#6898 = AXIS2_PLACEMENT_3D('',#6899,#6900,#6901);
#6899 = CARTESIAN_POINT('',(-2.35,0.98,5.E-02));
#6900 = DIRECTION('',(0.,1.,-0.));
#6901 = DIRECTION('',(-1.,0.,0.));
#6902 = ORIENTED_EDGE('',*,*,#6903,.T.);
#6903 = EDGE_CURVE('',#6895,#6470,#6904,.T.);
#6904 = LINE('',#6905,#6906);
#6905 = CARTESIAN_POINT('',(-2.45,0.98,0.));
#6906 = VECTOR('',#6907,1.);
#6907 = DIRECTION('',(0.,0.,-1.));
#6908 = PLANE('',#6909);
#6909 = AXIS2_PLACEMENT_3D('',#6910,#6911,#6912);
#6910 = CARTESIAN_POINT('',(-2.65,0.98,0.));
#6911 = DIRECTION('',(0.,1.,0.));
#6912 = DIRECTION('',(0.,-0.,1.));
#6913 = ADVANCED_FACE('',(#6914),#6961,.T.);
#6914 = FACE_BOUND('',#6915,.T.);
#6915 = EDGE_LOOP('',(#6916,#6917,#6918,#6919,#6920,#6921,#6929,#6938,
    #6946,#6955));
#6916 = ORIENTED_EDGE('',*,*,#6412,.F.);
#6917 = ORIENTED_EDGE('',*,*,#6150,.T.);
#6918 = ORIENTED_EDGE('',*,*,#6174,.T.);
#6919 = ORIENTED_EDGE('',*,*,#6198,.F.);
#6920 = ORIENTED_EDGE('',*,*,#6452,.F.);
#6921 = ORIENTED_EDGE('',*,*,#6922,.F.);
#6922 = EDGE_CURVE('',#6923,#6429,#6925,.T.);
#6923 = VERTEX_POINT('',#6924);
#6924 = CARTESIAN_POINT('',(0.95,0.98,5.E-02));
#6925 = LINE('',#6926,#6927);
#6926 = CARTESIAN_POINT('',(0.95,0.98,0.));
#6927 = VECTOR('',#6928,1.);
#6928 = DIRECTION('',(0.,0.,-1.));
#6929 = ORIENTED_EDGE('',*,*,#6930,.F.);
#6930 = EDGE_CURVE('',#6931,#6923,#6933,.T.);
#6931 = VERTEX_POINT('',#6932);
#6932 = CARTESIAN_POINT('',(0.85,0.98,0.15));
#6933 = CIRCLE('',#6934,0.1);
#6934 = AXIS2_PLACEMENT_3D('',#6935,#6936,#6937);
#6935 = CARTESIAN_POINT('',(0.85,0.98,5.E-02));
#6936 = DIRECTION('',(-0.,1.,0.));
#6937 = DIRECTION('',(1.,0.,0.));
#6938 = ORIENTED_EDGE('',*,*,#6939,.F.);
#6939 = EDGE_CURVE('',#6940,#6931,#6942,.T.);
#6940 = VERTEX_POINT('',#6941);
#6941 = CARTESIAN_POINT('',(0.65,0.98,0.15));
#6942 = LINE('',#6943,#6944);
#6943 = CARTESIAN_POINT('',(0.45,0.98,0.15));
#6944 = VECTOR('',#6945,1.);
#6945 = DIRECTION('',(1.,0.,0.));
#6946 = ORIENTED_EDGE('',*,*,#6947,.F.);
#6947 = EDGE_CURVE('',#6948,#6940,#6950,.T.);
#6948 = VERTEX_POINT('',#6949);
#6949 = CARTESIAN_POINT('',(0.55,0.98,5.E-02));
#6950 = CIRCLE('',#6951,0.1);
#6951 = AXIS2_PLACEMENT_3D('',#6952,#6953,#6954);
#6952 = CARTESIAN_POINT('',(0.65,0.98,5.E-02));
#6953 = DIRECTION('',(0.,1.,-0.));
#6954 = DIRECTION('',(-1.,0.,0.));
#6955 = ORIENTED_EDGE('',*,*,#6956,.T.);
#6956 = EDGE_CURVE('',#6948,#6405,#6957,.T.);
#6957 = LINE('',#6958,#6959);
#6958 = CARTESIAN_POINT('',(0.55,0.98,0.));
#6959 = VECTOR('',#6960,1.);
#6960 = DIRECTION('',(0.,0.,-1.));
#6961 = PLANE('',#6962);
#6962 = AXIS2_PLACEMENT_3D('',#6963,#6964,#6965);
#6963 = CARTESIAN_POINT('',(0.35,0.98,0.));
#6964 = DIRECTION('',(0.,1.,0.));
#6965 = DIRECTION('',(0.,-0.,1.));
#6966 = ADVANCED_FACE('',(#6967),#7014,.T.);
#6967 = FACE_BOUND('',#6968,.T.);
#6968 = EDGE_LOOP('',(#6969,#6970,#6971,#6972,#6973,#6974,#6982,#6991,
    #6999,#7008));
#6969 = ORIENTED_EDGE('',*,*,#6347,.F.);
#6970 = ORIENTED_EDGE('',*,*,#6229,.T.);
#6971 = ORIENTED_EDGE('',*,*,#6253,.T.);
#6972 = ORIENTED_EDGE('',*,*,#6277,.F.);
#6973 = ORIENTED_EDGE('',*,*,#6387,.F.);
#6974 = ORIENTED_EDGE('',*,*,#6975,.F.);
#6975 = EDGE_CURVE('',#6976,#6364,#6978,.T.);
#6976 = VERTEX_POINT('',#6977);
#6977 = CARTESIAN_POINT('',(2.45,0.98,5.E-02));
#6978 = LINE('',#6979,#6980);
#6979 = CARTESIAN_POINT('',(2.45,0.98,0.));
#6980 = VECTOR('',#6981,1.);
#6981 = DIRECTION('',(0.,0.,-1.));
#6982 = ORIENTED_EDGE('',*,*,#6983,.F.);
#6983 = EDGE_CURVE('',#6984,#6976,#6986,.T.);
#6984 = VERTEX_POINT('',#6985);
#6985 = CARTESIAN_POINT('',(2.35,0.98,0.15));
#6986 = CIRCLE('',#6987,0.1);
#6987 = AXIS2_PLACEMENT_3D('',#6988,#6989,#6990);
#6988 = CARTESIAN_POINT('',(2.35,0.98,5.E-02));
#6989 = DIRECTION('',(-0.,1.,0.));
#6990 = DIRECTION('',(1.,0.,0.));
#6991 = ORIENTED_EDGE('',*,*,#6992,.F.);
#6992 = EDGE_CURVE('',#6993,#6984,#6995,.T.);
#6993 = VERTEX_POINT('',#6994);
#6994 = CARTESIAN_POINT('',(2.15,0.98,0.15));
#6995 = LINE('',#6996,#6997);
#6996 = CARTESIAN_POINT('',(1.95,0.98,0.15));
#6997 = VECTOR('',#6998,1.);
#6998 = DIRECTION('',(1.,0.,0.));
#6999 = ORIENTED_EDGE('',*,*,#7000,.F.);
#7000 = EDGE_CURVE('',#7001,#6993,#7003,.T.);
#7001 = VERTEX_POINT('',#7002);
#7002 = CARTESIAN_POINT('',(2.05,0.98,5.E-02));
#7003 = CIRCLE('',#7004,0.1);
#7004 = AXIS2_PLACEMENT_3D('',#7005,#7006,#7007);
#7005 = CARTESIAN_POINT('',(2.15,0.98,5.E-02));
#7006 = DIRECTION('',(0.,1.,-0.));
#7007 = DIRECTION('',(-1.,0.,0.));
#7008 = ORIENTED_EDGE('',*,*,#7009,.T.);
#7009 = EDGE_CURVE('',#7001,#6340,#7010,.T.);
#7010 = LINE('',#7011,#7012);
#7011 = CARTESIAN_POINT('',(2.05,0.98,0.));
#7012 = VECTOR('',#7013,1.);
#7013 = DIRECTION('',(0.,0.,-1.));
#7014 = PLANE('',#7015);
#7015 = AXIS2_PLACEMENT_3D('',#7016,#7017,#7018);
#7016 = CARTESIAN_POINT('',(1.85,0.98,0.));
#7017 = DIRECTION('',(0.,1.,0.));
#7018 = DIRECTION('',(0.,-0.,1.));
#7019 = ADVANCED_FACE('',(#7020),#7045,.F.);
#7020 = FACE_BOUND('',#7021,.F.);
#7021 = EDGE_LOOP('',(#7022,#7030,#7031,#7039));
#7022 = ORIENTED_EDGE('',*,*,#7023,.F.);
#7023 = EDGE_CURVE('',#6340,#7024,#7026,.T.);
#7024 = VERTEX_POINT('',#7025);
#7025 = CARTESIAN_POINT('',(2.05,1.87,0.));
#7026 = LINE('',#7027,#7028);
#7027 = CARTESIAN_POINT('',(2.05,0.97,0.));
#7028 = VECTOR('',#7029,1.);
#7029 = DIRECTION('',(0.,1.,0.));
#7030 = ORIENTED_EDGE('',*,*,#6371,.T.);
#7031 = ORIENTED_EDGE('',*,*,#7032,.T.);
#7032 = EDGE_CURVE('',#6364,#7033,#7035,.T.);
#7033 = VERTEX_POINT('',#7034);
#7034 = CARTESIAN_POINT('',(2.45,1.87,0.));
#7035 = LINE('',#7036,#7037);
#7036 = CARTESIAN_POINT('',(2.45,0.97,0.));
#7037 = VECTOR('',#7038,1.);
#7038 = DIRECTION('',(0.,1.,0.));
#7039 = ORIENTED_EDGE('',*,*,#7040,.F.);
#7040 = EDGE_CURVE('',#7024,#7033,#7041,.T.);
#7041 = LINE('',#7042,#7043);
#7042 = CARTESIAN_POINT('',(2.05,1.87,0.));
#7043 = VECTOR('',#7044,1.);
#7044 = DIRECTION('',(1.,0.,0.));
#7045 = PLANE('',#7046);
#7046 = AXIS2_PLACEMENT_3D('',#7047,#7048,#7049);
#7047 = CARTESIAN_POINT('',(2.05,0.97,0.));
#7048 = DIRECTION('',(0.,0.,1.));
#7049 = DIRECTION('',(1.,0.,-0.));
#7050 = ADVANCED_FACE('',(#7051),#7076,.F.);
#7051 = FACE_BOUND('',#7052,.F.);
#7052 = EDGE_LOOP('',(#7053,#7061,#7062,#7070));
#7053 = ORIENTED_EDGE('',*,*,#7054,.F.);
#7054 = EDGE_CURVE('',#6405,#7055,#7057,.T.);
#7055 = VERTEX_POINT('',#7056);
#7056 = CARTESIAN_POINT('',(0.55,1.87,0.));
#7057 = LINE('',#7058,#7059);
#7058 = CARTESIAN_POINT('',(0.55,0.97,0.));
#7059 = VECTOR('',#7060,1.);
#7060 = DIRECTION('',(0.,1.,0.));
#7061 = ORIENTED_EDGE('',*,*,#6436,.T.);
#7062 = ORIENTED_EDGE('',*,*,#7063,.T.);
#7063 = EDGE_CURVE('',#6429,#7064,#7066,.T.);
#7064 = VERTEX_POINT('',#7065);
#7065 = CARTESIAN_POINT('',(0.95,1.87,0.));
#7066 = LINE('',#7067,#7068);
#7067 = CARTESIAN_POINT('',(0.95,0.97,0.));
#7068 = VECTOR('',#7069,1.);
#7069 = DIRECTION('',(0.,1.,0.));
#7070 = ORIENTED_EDGE('',*,*,#7071,.F.);
#7071 = EDGE_CURVE('',#7055,#7064,#7072,.T.);
#7072 = LINE('',#7073,#7074);
#7073 = CARTESIAN_POINT('',(0.55,1.87,0.));
#7074 = VECTOR('',#7075,1.);
#7075 = DIRECTION('',(1.,0.,0.));
#7076 = PLANE('',#7077);
#7077 = AXIS2_PLACEMENT_3D('',#7078,#7079,#7080);
#7078 = CARTESIAN_POINT('',(0.55,0.97,0.));
#7079 = DIRECTION('',(0.,0.,1.));
#7080 = DIRECTION('',(1.,0.,-0.));
#7081 = ADVANCED_FACE('',(#7082),#7107,.F.);
#7082 = FACE_BOUND('',#7083,.F.);
#7083 = EDGE_LOOP('',(#7084,#7092,#7093,#7101));
#7084 = ORIENTED_EDGE('',*,*,#7085,.F.);
#7085 = EDGE_CURVE('',#6470,#7086,#7088,.T.);
#7086 = VERTEX_POINT('',#7087);
#7087 = CARTESIAN_POINT('',(-2.45,1.87,0.));
#7088 = LINE('',#7089,#7090);
#7089 = CARTESIAN_POINT('',(-2.45,0.97,0.));
#7090 = VECTOR('',#7091,1.);
#7091 = DIRECTION('',(0.,1.,0.));
#7092 = ORIENTED_EDGE('',*,*,#6501,.T.);
#7093 = ORIENTED_EDGE('',*,*,#7094,.T.);
#7094 = EDGE_CURVE('',#6494,#7095,#7097,.T.);
#7095 = VERTEX_POINT('',#7096);
#7096 = CARTESIAN_POINT('',(-2.05,1.87,0.));
#7097 = LINE('',#7098,#7099);
#7098 = CARTESIAN_POINT('',(-2.05,0.97,0.));
#7099 = VECTOR('',#7100,1.);
#7100 = DIRECTION('',(0.,1.,0.));
#7101 = ORIENTED_EDGE('',*,*,#7102,.F.);
#7102 = EDGE_CURVE('',#7086,#7095,#7103,.T.);
#7103 = LINE('',#7104,#7105);
#7104 = CARTESIAN_POINT('',(-2.45,1.87,0.));
#7105 = VECTOR('',#7106,1.);
#7106 = DIRECTION('',(1.,0.,0.));
#7107 = PLANE('',#7108);
#7108 = AXIS2_PLACEMENT_3D('',#7109,#7110,#7111);
#7109 = CARTESIAN_POINT('',(-2.45,0.97,0.));
#7110 = DIRECTION('',(0.,0.,1.));
#7111 = DIRECTION('',(1.,0.,-0.));
#7112 = ADVANCED_FACE('',(#7113),#7116,.F.);
#7113 = FACE_BOUND('',#7114,.F.);
#7114 = EDGE_LOOP('',(#7115));
#7115 = ORIENTED_EDGE('',*,*,#6532,.T.);
#7116 = PLANE('',#7117);
#7117 = AXIS2_PLACEMENT_3D('',#7118,#7119,#7120);
#7118 = CARTESIAN_POINT('',(1.5,-0.33,-0.5));
#7119 = DIRECTION('',(0.,0.,1.));
#7120 = DIRECTION('',(1.,0.,-0.));
#7121 = ADVANCED_FACE('',(#7122),#7125,.F.);
#7122 = FACE_BOUND('',#7123,.F.);
#7123 = EDGE_LOOP('',(#7124));
#7124 = ORIENTED_EDGE('',*,*,#6557,.T.);
#7125 = PLANE('',#7126);
#7126 = AXIS2_PLACEMENT_3D('',#7127,#7128,#7129);
#7127 = CARTESIAN_POINT('',(-1.5,-0.33,-0.5));
#7128 = DIRECTION('',(0.,0.,1.));
#7129 = DIRECTION('',(1.,0.,-0.));
#7130 = ADVANCED_FACE('',(#7131),#7142,.F.);
#7131 = FACE_BOUND('',#7132,.F.);
#7132 = EDGE_LOOP('',(#7133,#7134,#7140,#7141));
#7133 = ORIENTED_EDGE('',*,*,#6808,.F.);
#7134 = ORIENTED_EDGE('',*,*,#7135,.T.);
#7135 = EDGE_CURVE('',#6801,#6834,#7136,.T.);
#7136 = LINE('',#7137,#7138);
#7137 = CARTESIAN_POINT('',(-0.13,-3.13,0.4));
#7138 = VECTOR('',#7139,1.);
#7139 = DIRECTION('',(0.,0.,1.));
#7140 = ORIENTED_EDGE('',*,*,#6841,.T.);
#7141 = ORIENTED_EDGE('',*,*,#6740,.F.);
#7142 = PLANE('',#7143);
#7143 = AXIS2_PLACEMENT_3D('',#7144,#7145,#7146);
#7144 = CARTESIAN_POINT('',(-3.E-02,-3.03,0.4));
#7145 = DIRECTION('',(-0.707106781187,0.707106781187,0.));
#7146 = DIRECTION('',(0.,0.,1.));
#7147 = ADVANCED_FACE('',(#7148),#7159,.T.);
#7148 = FACE_BOUND('',#7149,.F.);
#7149 = EDGE_LOOP('',(#7150,#7151,#7152,#7153));
#7150 = ORIENTED_EDGE('',*,*,#6817,.F.);
#7151 = ORIENTED_EDGE('',*,*,#6773,.T.);
#7152 = ORIENTED_EDGE('',*,*,#6850,.T.);
#7153 = ORIENTED_EDGE('',*,*,#7154,.F.);
#7154 = EDGE_CURVE('',#6799,#6832,#7155,.T.);
#7155 = LINE('',#7156,#7157);
#7156 = CARTESIAN_POINT('',(-1.03,-3.13,0.4));
#7157 = VECTOR('',#7158,1.);
#7158 = DIRECTION('',(0.,0.,1.));
#7159 = PLANE('',#7160);
#7160 = AXIS2_PLACEMENT_3D('',#7161,#7162,#7163);
#7161 = CARTESIAN_POINT('',(-1.13,-3.03,0.4));
#7162 = DIRECTION('',(-0.707106781187,-0.707106781187,0.));
#7163 = DIRECTION('',(-0.,0.,-1.));
#7164 = ADVANCED_FACE('',(#7165),#7171,.F.);
#7165 = FACE_BOUND('',#7166,.F.);
#7166 = EDGE_LOOP('',(#7167,#7168,#7169,#7170));
#7167 = ORIENTED_EDGE('',*,*,#6798,.F.);
#7168 = ORIENTED_EDGE('',*,*,#7154,.T.);
#7169 = ORIENTED_EDGE('',*,*,#6831,.T.);
#7170 = ORIENTED_EDGE('',*,*,#7135,.F.);
#7171 = PLANE('',#7172);
#7172 = AXIS2_PLACEMENT_3D('',#7173,#7174,#7175);
#7173 = CARTESIAN_POINT('',(-1.23,-3.13,0.4));
#7174 = DIRECTION('',(0.,1.,0.));
#7175 = DIRECTION('',(0.,-0.,1.));
#7176 = ADVANCED_FACE('',(#7177),#7195,.F.);
#7177 = FACE_BOUND('',#7178,.F.);
#7178 = EDGE_LOOP('',(#7179,#7187,#7188,#7189));
#7179 = ORIENTED_EDGE('',*,*,#7180,.F.);
#7180 = EDGE_CURVE('',#6895,#7181,#7183,.T.);
#7181 = VERTEX_POINT('',#7182);
#7182 = CARTESIAN_POINT('',(-2.45,1.87,5.E-02));
#7183 = LINE('',#7184,#7185);
#7184 = CARTESIAN_POINT('',(-2.45,0.97,5.E-02));
#7185 = VECTOR('',#7186,1.);
#7186 = DIRECTION('',(0.,1.,0.));
#7187 = ORIENTED_EDGE('',*,*,#6903,.T.);
#7188 = ORIENTED_EDGE('',*,*,#7085,.T.);
#7189 = ORIENTED_EDGE('',*,*,#7190,.T.);
#7190 = EDGE_CURVE('',#7086,#7181,#7191,.T.);
#7191 = LINE('',#7192,#7193);
#7192 = CARTESIAN_POINT('',(-2.45,1.87,0.));
#7193 = VECTOR('',#7194,1.);
#7194 = DIRECTION('',(0.,0.,1.));
#7195 = PLANE('',#7196);
#7196 = AXIS2_PLACEMENT_3D('',#7197,#7198,#7199);
#7197 = CARTESIAN_POINT('',(-2.45,0.97,0.));
#7198 = DIRECTION('',(1.,0.,0.));
#7199 = DIRECTION('',(0.,0.,1.));
#7200 = ADVANCED_FACE('',(#7201),#7220,.T.);
#7201 = FACE_BOUND('',#7202,.T.);
#7202 = EDGE_LOOP('',(#7203,#7204,#7205,#7213));
#7203 = ORIENTED_EDGE('',*,*,#7180,.F.);
#7204 = ORIENTED_EDGE('',*,*,#6894,.T.);
#7205 = ORIENTED_EDGE('',*,*,#7206,.T.);
#7206 = EDGE_CURVE('',#6887,#7207,#7209,.T.);
#7207 = VERTEX_POINT('',#7208);
#7208 = CARTESIAN_POINT('',(-2.35,1.77,0.15));
#7209 = LINE('',#7210,#7211);
#7210 = CARTESIAN_POINT('',(-2.35,0.97,0.15));
#7211 = VECTOR('',#7212,1.);
#7212 = DIRECTION('',(0.,1.,0.));
#7213 = ORIENTED_EDGE('',*,*,#7214,.F.);
#7214 = EDGE_CURVE('',#7181,#7207,#7215,.T.);
#7215 = ELLIPSE('',#7216,0.141421356237,0.1);
#7216 = AXIS2_PLACEMENT_3D('',#7217,#7218,#7219);
#7217 = CARTESIAN_POINT('',(-2.35,1.77,5.E-02));
#7218 = DIRECTION('',(0.707106781187,0.707106781187,-0.));
#7219 = DIRECTION('',(-0.707106781187,0.707106781187,0.));
#7220 = CYLINDRICAL_SURFACE('',#7221,0.1);
#7221 = AXIS2_PLACEMENT_3D('',#7222,#7223,#7224);
#7222 = CARTESIAN_POINT('',(-2.35,0.97,5.E-02));
#7223 = DIRECTION('',(0.,1.,0.));
#7224 = DIRECTION('',(-1.,0.,0.));
#7225 = ADVANCED_FACE('',(#7226),#7244,.T.);
#7226 = FACE_BOUND('',#7227,.T.);
#7227 = EDGE_LOOP('',(#7228,#7229,#7230,#7238));
#7228 = ORIENTED_EDGE('',*,*,#7206,.F.);
#7229 = ORIENTED_EDGE('',*,*,#6886,.T.);
#7230 = ORIENTED_EDGE('',*,*,#7231,.T.);
#7231 = EDGE_CURVE('',#6878,#7232,#7234,.T.);
#7232 = VERTEX_POINT('',#7233);
#7233 = CARTESIAN_POINT('',(-2.15,1.77,0.15));
#7234 = LINE('',#7235,#7236);
#7235 = CARTESIAN_POINT('',(-2.15,0.97,0.15));
#7236 = VECTOR('',#7237,1.);
#7237 = DIRECTION('',(0.,1.,0.));
#7238 = ORIENTED_EDGE('',*,*,#7239,.F.);
#7239 = EDGE_CURVE('',#7207,#7232,#7240,.T.);
#7240 = LINE('',#7241,#7242);
#7241 = CARTESIAN_POINT('',(-2.45,1.77,0.15));
#7242 = VECTOR('',#7243,1.);
#7243 = DIRECTION('',(1.,0.,0.));
#7244 = PLANE('',#7245);
#7245 = AXIS2_PLACEMENT_3D('',#7246,#7247,#7248);
#7246 = CARTESIAN_POINT('',(-2.45,0.97,0.15));
#7247 = DIRECTION('',(0.,0.,1.));
#7248 = DIRECTION('',(1.,0.,-0.));
#7249 = ADVANCED_FACE('',(#7250),#7269,.T.);
#7250 = FACE_BOUND('',#7251,.T.);
#7251 = EDGE_LOOP('',(#7252,#7261,#7262,#7263));
#7252 = ORIENTED_EDGE('',*,*,#7253,.T.);
#7253 = EDGE_CURVE('',#7254,#7232,#7256,.T.);
#7254 = VERTEX_POINT('',#7255);
#7255 = CARTESIAN_POINT('',(-2.05,1.87,5.E-02));
#7256 = ELLIPSE('',#7257,0.141421356237,0.1);
#7257 = AXIS2_PLACEMENT_3D('',#7258,#7259,#7260);
#7258 = CARTESIAN_POINT('',(-2.15,1.77,5.E-02));
#7259 = DIRECTION('',(0.707106781187,-0.707106781187,0.));
#7260 = DIRECTION('',(0.707106781187,0.707106781187,0.));
#7261 = ORIENTED_EDGE('',*,*,#7231,.F.);
#7262 = ORIENTED_EDGE('',*,*,#6877,.T.);
#7263 = ORIENTED_EDGE('',*,*,#7264,.T.);
#7264 = EDGE_CURVE('',#6870,#7254,#7265,.T.);
#7265 = LINE('',#7266,#7267);
#7266 = CARTESIAN_POINT('',(-2.05,0.97,5.E-02));
#7267 = VECTOR('',#7268,1.);
#7268 = DIRECTION('',(0.,1.,0.));
#7269 = CYLINDRICAL_SURFACE('',#7270,0.1);
#7270 = AXIS2_PLACEMENT_3D('',#7271,#7272,#7273);
#7271 = CARTESIAN_POINT('',(-2.15,0.97,5.E-02));
#7272 = DIRECTION('',(0.,1.,0.));
#7273 = DIRECTION('',(1.,0.,0.));
#7274 = ADVANCED_FACE('',(#7275),#7286,.T.);
#7275 = FACE_BOUND('',#7276,.T.);
#7276 = EDGE_LOOP('',(#7277,#7278,#7279,#7280));
#7277 = ORIENTED_EDGE('',*,*,#7264,.F.);
#7278 = ORIENTED_EDGE('',*,*,#6869,.T.);
#7279 = ORIENTED_EDGE('',*,*,#7094,.T.);
#7280 = ORIENTED_EDGE('',*,*,#7281,.T.);
#7281 = EDGE_CURVE('',#7095,#7254,#7282,.T.);
#7282 = LINE('',#7283,#7284);
#7283 = CARTESIAN_POINT('',(-2.05,1.87,0.));
#7284 = VECTOR('',#7285,1.);
#7285 = DIRECTION('',(0.,0.,1.));
#7286 = PLANE('',#7287);
#7287 = AXIS2_PLACEMENT_3D('',#7288,#7289,#7290);
#7288 = CARTESIAN_POINT('',(-2.05,0.97,0.));
#7289 = DIRECTION('',(1.,0.,0.));
#7290 = DIRECTION('',(0.,0.,1.));
#7291 = ADVANCED_FACE('',(#7292),#7310,.F.);
#7292 = FACE_BOUND('',#7293,.F.);
#7293 = EDGE_LOOP('',(#7294,#7302,#7303,#7304));
#7294 = ORIENTED_EDGE('',*,*,#7295,.F.);
#7295 = EDGE_CURVE('',#6948,#7296,#7298,.T.);
#7296 = VERTEX_POINT('',#7297);
#7297 = CARTESIAN_POINT('',(0.55,1.87,5.E-02));
#7298 = LINE('',#7299,#7300);
#7299 = CARTESIAN_POINT('',(0.55,0.97,5.E-02));
#7300 = VECTOR('',#7301,1.);
#7301 = DIRECTION('',(0.,1.,0.));
#7302 = ORIENTED_EDGE('',*,*,#6956,.T.);
#7303 = ORIENTED_EDGE('',*,*,#7054,.T.);
#7304 = ORIENTED_EDGE('',*,*,#7305,.T.);
#7305 = EDGE_CURVE('',#7055,#7296,#7306,.T.);
#7306 = LINE('',#7307,#7308);
#7307 = CARTESIAN_POINT('',(0.55,1.87,0.));
#7308 = VECTOR('',#7309,1.);
#7309 = DIRECTION('',(0.,0.,1.));
#7310 = PLANE('',#7311);
#7311 = AXIS2_PLACEMENT_3D('',#7312,#7313,#7314);
#7312 = CARTESIAN_POINT('',(0.55,0.97,0.));
#7313 = DIRECTION('',(1.,0.,0.));
#7314 = DIRECTION('',(0.,0.,1.));
#7315 = ADVANCED_FACE('',(#7316),#7335,.T.);
#7316 = FACE_BOUND('',#7317,.T.);
#7317 = EDGE_LOOP('',(#7318,#7319,#7320,#7328));
#7318 = ORIENTED_EDGE('',*,*,#7295,.F.);
#7319 = ORIENTED_EDGE('',*,*,#6947,.T.);
#7320 = ORIENTED_EDGE('',*,*,#7321,.T.);
#7321 = EDGE_CURVE('',#6940,#7322,#7324,.T.);
#7322 = VERTEX_POINT('',#7323);
#7323 = CARTESIAN_POINT('',(0.65,1.77,0.15));
#7324 = LINE('',#7325,#7326);
#7325 = CARTESIAN_POINT('',(0.65,0.97,0.15));
#7326 = VECTOR('',#7327,1.);
#7327 = DIRECTION('',(0.,1.,0.));
#7328 = ORIENTED_EDGE('',*,*,#7329,.F.);
#7329 = EDGE_CURVE('',#7296,#7322,#7330,.T.);
#7330 = ELLIPSE('',#7331,0.141421356237,0.1);
#7331 = AXIS2_PLACEMENT_3D('',#7332,#7333,#7334);
#7332 = CARTESIAN_POINT('',(0.65,1.77,5.E-02));
#7333 = DIRECTION('',(0.707106781187,0.707106781187,-0.));
#7334 = DIRECTION('',(-0.707106781187,0.707106781187,0.));
#7335 = CYLINDRICAL_SURFACE('',#7336,0.1);
#7336 = AXIS2_PLACEMENT_3D('',#7337,#7338,#7339);
#7337 = CARTESIAN_POINT('',(0.65,0.97,5.E-02));
#7338 = DIRECTION('',(0.,1.,0.));
#7339 = DIRECTION('',(-1.,0.,0.));
#7340 = ADVANCED_FACE('',(#7341),#7359,.T.);
#7341 = FACE_BOUND('',#7342,.T.);
#7342 = EDGE_LOOP('',(#7343,#7344,#7345,#7353));
#7343 = ORIENTED_EDGE('',*,*,#7321,.F.);
#7344 = ORIENTED_EDGE('',*,*,#6939,.T.);
#7345 = ORIENTED_EDGE('',*,*,#7346,.T.);
#7346 = EDGE_CURVE('',#6931,#7347,#7349,.T.);
#7347 = VERTEX_POINT('',#7348);
#7348 = CARTESIAN_POINT('',(0.85,1.77,0.15));
#7349 = LINE('',#7350,#7351);
#7350 = CARTESIAN_POINT('',(0.85,0.97,0.15));
#7351 = VECTOR('',#7352,1.);
#7352 = DIRECTION('',(0.,1.,0.));
#7353 = ORIENTED_EDGE('',*,*,#7354,.F.);
#7354 = EDGE_CURVE('',#7322,#7347,#7355,.T.);
#7355 = LINE('',#7356,#7357);
#7356 = CARTESIAN_POINT('',(0.55,1.77,0.15));
#7357 = VECTOR('',#7358,1.);
#7358 = DIRECTION('',(1.,0.,0.));
#7359 = PLANE('',#7360);
#7360 = AXIS2_PLACEMENT_3D('',#7361,#7362,#7363);
#7361 = CARTESIAN_POINT('',(0.55,0.97,0.15));
#7362 = DIRECTION('',(0.,0.,1.));
#7363 = DIRECTION('',(1.,0.,-0.));
#7364 = ADVANCED_FACE('',(#7365),#7384,.T.);
#7365 = FACE_BOUND('',#7366,.T.);
#7366 = EDGE_LOOP('',(#7367,#7376,#7377,#7378));
#7367 = ORIENTED_EDGE('',*,*,#7368,.T.);
#7368 = EDGE_CURVE('',#7369,#7347,#7371,.T.);
#7369 = VERTEX_POINT('',#7370);
#7370 = CARTESIAN_POINT('',(0.95,1.87,5.E-02));
#7371 = ELLIPSE('',#7372,0.141421356237,0.1);
#7372 = AXIS2_PLACEMENT_3D('',#7373,#7374,#7375);
#7373 = CARTESIAN_POINT('',(0.85,1.77,5.E-02));
#7374 = DIRECTION('',(0.707106781187,-0.707106781187,0.));
#7375 = DIRECTION('',(0.707106781187,0.707106781187,0.));
#7376 = ORIENTED_EDGE('',*,*,#7346,.F.);
#7377 = ORIENTED_EDGE('',*,*,#6930,.T.);
#7378 = ORIENTED_EDGE('',*,*,#7379,.T.);
#7379 = EDGE_CURVE('',#6923,#7369,#7380,.T.);
#7380 = LINE('',#7381,#7382);
#7381 = CARTESIAN_POINT('',(0.95,0.97,5.E-02));
#7382 = VECTOR('',#7383,1.);
#7383 = DIRECTION('',(0.,1.,0.));
#7384 = CYLINDRICAL_SURFACE('',#7385,0.1);
#7385 = AXIS2_PLACEMENT_3D('',#7386,#7387,#7388);
#7386 = CARTESIAN_POINT('',(0.85,0.97,5.E-02));
#7387 = DIRECTION('',(0.,1.,0.));
#7388 = DIRECTION('',(1.,0.,0.));
#7389 = ADVANCED_FACE('',(#7390),#7401,.T.);
#7390 = FACE_BOUND('',#7391,.T.);
#7391 = EDGE_LOOP('',(#7392,#7393,#7394,#7395));
#7392 = ORIENTED_EDGE('',*,*,#7379,.F.);
#7393 = ORIENTED_EDGE('',*,*,#6922,.T.);
#7394 = ORIENTED_EDGE('',*,*,#7063,.T.);
#7395 = ORIENTED_EDGE('',*,*,#7396,.T.);
#7396 = EDGE_CURVE('',#7064,#7369,#7397,.T.);
#7397 = LINE('',#7398,#7399);
#7398 = CARTESIAN_POINT('',(0.95,1.87,0.));
#7399 = VECTOR('',#7400,1.);
#7400 = DIRECTION('',(0.,0.,1.));
#7401 = PLANE('',#7402);
#7402 = AXIS2_PLACEMENT_3D('',#7403,#7404,#7405);
#7403 = CARTESIAN_POINT('',(0.95,0.97,0.));
#7404 = DIRECTION('',(1.,0.,0.));
#7405 = DIRECTION('',(0.,0.,1.));
#7406 = ADVANCED_FACE('',(#7407),#7425,.F.);
#7407 = FACE_BOUND('',#7408,.F.);
#7408 = EDGE_LOOP('',(#7409,#7417,#7418,#7419));
#7409 = ORIENTED_EDGE('',*,*,#7410,.F.);
#7410 = EDGE_CURVE('',#7001,#7411,#7413,.T.);
#7411 = VERTEX_POINT('',#7412);
#7412 = CARTESIAN_POINT('',(2.05,1.87,5.E-02));
#7413 = LINE('',#7414,#7415);
#7414 = CARTESIAN_POINT('',(2.05,0.97,5.E-02));
#7415 = VECTOR('',#7416,1.);
#7416 = DIRECTION('',(0.,1.,0.));
#7417 = ORIENTED_EDGE('',*,*,#7009,.T.);
#7418 = ORIENTED_EDGE('',*,*,#7023,.T.);
#7419 = ORIENTED_EDGE('',*,*,#7420,.T.);
#7420 = EDGE_CURVE('',#7024,#7411,#7421,.T.);
#7421 = LINE('',#7422,#7423);
#7422 = CARTESIAN_POINT('',(2.05,1.87,0.));
#7423 = VECTOR('',#7424,1.);
#7424 = DIRECTION('',(0.,0.,1.));
#7425 = PLANE('',#7426);
#7426 = AXIS2_PLACEMENT_3D('',#7427,#7428,#7429);
#7427 = CARTESIAN_POINT('',(2.05,0.97,0.));
#7428 = DIRECTION('',(1.,0.,0.));
#7429 = DIRECTION('',(0.,0.,1.));
#7430 = ADVANCED_FACE('',(#7431),#7450,.T.);
#7431 = FACE_BOUND('',#7432,.T.);
#7432 = EDGE_LOOP('',(#7433,#7434,#7435,#7443));
#7433 = ORIENTED_EDGE('',*,*,#7410,.F.);
#7434 = ORIENTED_EDGE('',*,*,#7000,.T.);
#7435 = ORIENTED_EDGE('',*,*,#7436,.T.);
#7436 = EDGE_CURVE('',#6993,#7437,#7439,.T.);
#7437 = VERTEX_POINT('',#7438);
#7438 = CARTESIAN_POINT('',(2.15,1.77,0.15));
#7439 = LINE('',#7440,#7441);
#7440 = CARTESIAN_POINT('',(2.15,0.97,0.15));
#7441 = VECTOR('',#7442,1.);
#7442 = DIRECTION('',(0.,1.,0.));
#7443 = ORIENTED_EDGE('',*,*,#7444,.F.);
#7444 = EDGE_CURVE('',#7411,#7437,#7445,.T.);
#7445 = ELLIPSE('',#7446,0.141421356237,0.1);
#7446 = AXIS2_PLACEMENT_3D('',#7447,#7448,#7449);
#7447 = CARTESIAN_POINT('',(2.15,1.77,5.E-02));
#7448 = DIRECTION('',(0.707106781187,0.707106781187,-0.));
#7449 = DIRECTION('',(-0.707106781187,0.707106781187,0.));
#7450 = CYLINDRICAL_SURFACE('',#7451,0.1);
#7451 = AXIS2_PLACEMENT_3D('',#7452,#7453,#7454);
#7452 = CARTESIAN_POINT('',(2.15,0.97,5.E-02));
#7453 = DIRECTION('',(0.,1.,0.));
#7454 = DIRECTION('',(-1.,0.,0.));
#7455 = ADVANCED_FACE('',(#7456),#7474,.T.);
#7456 = FACE_BOUND('',#7457,.T.);
#7457 = EDGE_LOOP('',(#7458,#7459,#7460,#7468));
#7458 = ORIENTED_EDGE('',*,*,#7436,.F.);
#7459 = ORIENTED_EDGE('',*,*,#6992,.T.);
#7460 = ORIENTED_EDGE('',*,*,#7461,.T.);
#7461 = EDGE_CURVE('',#6984,#7462,#7464,.T.);
#7462 = VERTEX_POINT('',#7463);
#7463 = CARTESIAN_POINT('',(2.35,1.77,0.15));
#7464 = LINE('',#7465,#7466);
#7465 = CARTESIAN_POINT('',(2.35,0.97,0.15));
#7466 = VECTOR('',#7467,1.);
#7467 = DIRECTION('',(0.,1.,0.));
#7468 = ORIENTED_EDGE('',*,*,#7469,.F.);
#7469 = EDGE_CURVE('',#7437,#7462,#7470,.T.);
#7470 = LINE('',#7471,#7472);
#7471 = CARTESIAN_POINT('',(2.05,1.77,0.15));
#7472 = VECTOR('',#7473,1.);
#7473 = DIRECTION('',(1.,0.,0.));
#7474 = PLANE('',#7475);
#7475 = AXIS2_PLACEMENT_3D('',#7476,#7477,#7478);
#7476 = CARTESIAN_POINT('',(2.05,0.97,0.15));
#7477 = DIRECTION('',(0.,0.,1.));
#7478 = DIRECTION('',(1.,0.,-0.));
#7479 = ADVANCED_FACE('',(#7480),#7499,.T.);
#7480 = FACE_BOUND('',#7481,.T.);
#7481 = EDGE_LOOP('',(#7482,#7491,#7492,#7493));
#7482 = ORIENTED_EDGE('',*,*,#7483,.T.);
#7483 = EDGE_CURVE('',#7484,#7462,#7486,.T.);
#7484 = VERTEX_POINT('',#7485);
#7485 = CARTESIAN_POINT('',(2.45,1.87,5.E-02));
#7486 = ELLIPSE('',#7487,0.141421356237,0.1);
#7487 = AXIS2_PLACEMENT_3D('',#7488,#7489,#7490);
#7488 = CARTESIAN_POINT('',(2.35,1.77,5.E-02));
#7489 = DIRECTION('',(0.707106781187,-0.707106781187,0.));
#7490 = DIRECTION('',(0.707106781187,0.707106781187,0.));
#7491 = ORIENTED_EDGE('',*,*,#7461,.F.);
#7492 = ORIENTED_EDGE('',*,*,#6983,.T.);
#7493 = ORIENTED_EDGE('',*,*,#7494,.T.);
#7494 = EDGE_CURVE('',#6976,#7484,#7495,.T.);
#7495 = LINE('',#7496,#7497);
#7496 = CARTESIAN_POINT('',(2.45,0.97,5.E-02));
#7497 = VECTOR('',#7498,1.);
#7498 = DIRECTION('',(0.,1.,0.));
#7499 = CYLINDRICAL_SURFACE('',#7500,0.1);
#7500 = AXIS2_PLACEMENT_3D('',#7501,#7502,#7503);
#7501 = CARTESIAN_POINT('',(2.35,0.97,5.E-02));
#7502 = DIRECTION('',(0.,1.,0.));
#7503 = DIRECTION('',(1.,0.,0.));
#7504 = ADVANCED_FACE('',(#7505),#7516,.T.);
#7505 = FACE_BOUND('',#7506,.T.);
#7506 = EDGE_LOOP('',(#7507,#7508,#7509,#7510));
#7507 = ORIENTED_EDGE('',*,*,#7494,.F.);
#7508 = ORIENTED_EDGE('',*,*,#6975,.T.);
#7509 = ORIENTED_EDGE('',*,*,#7032,.T.);
#7510 = ORIENTED_EDGE('',*,*,#7511,.T.);
#7511 = EDGE_CURVE('',#7033,#7484,#7512,.T.);
#7512 = LINE('',#7513,#7514);
#7513 = CARTESIAN_POINT('',(2.45,1.87,0.));
#7514 = VECTOR('',#7515,1.);
#7515 = DIRECTION('',(0.,0.,1.));
#7516 = PLANE('',#7517);
#7517 = AXIS2_PLACEMENT_3D('',#7518,#7519,#7520);
#7518 = CARTESIAN_POINT('',(2.45,0.97,0.));
#7519 = DIRECTION('',(1.,0.,0.));
#7520 = DIRECTION('',(0.,0.,1.));
#7521 = ADVANCED_FACE('',(#7522),#7533,.T.);
#7522 = FACE_BOUND('',#7523,.T.);
#7523 = EDGE_LOOP('',(#7524,#7525,#7526,#7527));
#7524 = ORIENTED_EDGE('',*,*,#7511,.F.);
#7525 = ORIENTED_EDGE('',*,*,#7040,.F.);
#7526 = ORIENTED_EDGE('',*,*,#7420,.T.);
#7527 = ORIENTED_EDGE('',*,*,#7528,.T.);
#7528 = EDGE_CURVE('',#7411,#7484,#7529,.T.);
#7529 = LINE('',#7530,#7531);
#7530 = CARTESIAN_POINT('',(2.05,1.87,5.E-02));
#7531 = VECTOR('',#7532,1.);
#7532 = DIRECTION('',(1.,0.,0.));
#7533 = PLANE('',#7534);
#7534 = AXIS2_PLACEMENT_3D('',#7535,#7536,#7537);
#7535 = CARTESIAN_POINT('',(2.05,1.87,0.));
#7536 = DIRECTION('',(0.,1.,0.));
#7537 = DIRECTION('',(0.,-0.,1.));
#7538 = ADVANCED_FACE('',(#7539),#7550,.T.);
#7539 = FACE_BOUND('',#7540,.T.);
#7540 = EDGE_LOOP('',(#7541,#7542,#7543,#7544));
#7541 = ORIENTED_EDGE('',*,*,#7396,.F.);
#7542 = ORIENTED_EDGE('',*,*,#7071,.F.);
#7543 = ORIENTED_EDGE('',*,*,#7305,.T.);
#7544 = ORIENTED_EDGE('',*,*,#7545,.T.);
#7545 = EDGE_CURVE('',#7296,#7369,#7546,.T.);
#7546 = LINE('',#7547,#7548);
#7547 = CARTESIAN_POINT('',(0.55,1.87,5.E-02));
#7548 = VECTOR('',#7549,1.);
#7549 = DIRECTION('',(1.,0.,0.));
#7550 = PLANE('',#7551);
#7551 = AXIS2_PLACEMENT_3D('',#7552,#7553,#7554);
#7552 = CARTESIAN_POINT('',(0.55,1.87,0.));
#7553 = DIRECTION('',(0.,1.,0.));
#7554 = DIRECTION('',(0.,-0.,1.));
#7555 = ADVANCED_FACE('',(#7556),#7567,.T.);
#7556 = FACE_BOUND('',#7557,.T.);
#7557 = EDGE_LOOP('',(#7558,#7559,#7560,#7561));
#7558 = ORIENTED_EDGE('',*,*,#7281,.F.);
#7559 = ORIENTED_EDGE('',*,*,#7102,.F.);
#7560 = ORIENTED_EDGE('',*,*,#7190,.T.);
#7561 = ORIENTED_EDGE('',*,*,#7562,.T.);
#7562 = EDGE_CURVE('',#7181,#7254,#7563,.T.);
#7563 = LINE('',#7564,#7565);
#7564 = CARTESIAN_POINT('',(-2.45,1.87,5.E-02));
#7565 = VECTOR('',#7566,1.);
#7566 = DIRECTION('',(1.,0.,0.));
#7567 = PLANE('',#7568);
#7568 = AXIS2_PLACEMENT_3D('',#7569,#7570,#7571);
#7569 = CARTESIAN_POINT('',(-2.45,1.87,0.));
#7570 = DIRECTION('',(0.,1.,0.));
#7571 = DIRECTION('',(0.,-0.,1.));
#7572 = ADVANCED_FACE('',(#7573),#7579,.T.);
#7573 = FACE_BOUND('',#7574,.T.);
#7574 = EDGE_LOOP('',(#7575,#7576,#7577,#7578));
#7575 = ORIENTED_EDGE('',*,*,#7214,.T.);
#7576 = ORIENTED_EDGE('',*,*,#7239,.T.);
#7577 = ORIENTED_EDGE('',*,*,#7253,.F.);
#7578 = ORIENTED_EDGE('',*,*,#7562,.F.);
#7579 = CYLINDRICAL_SURFACE('',#7580,0.1);
#7580 = AXIS2_PLACEMENT_3D('',#7581,#7582,#7583);
#7581 = CARTESIAN_POINT('',(-2.45,1.77,5.E-02));
#7582 = DIRECTION('',(1.,0.,0.));
#7583 = DIRECTION('',(-0.,1.,0.));
#7584 = ADVANCED_FACE('',(#7585),#7591,.T.);
#7585 = FACE_BOUND('',#7586,.T.);
#7586 = EDGE_LOOP('',(#7587,#7588,#7589,#7590));
#7587 = ORIENTED_EDGE('',*,*,#7329,.T.);
#7588 = ORIENTED_EDGE('',*,*,#7354,.T.);
#7589 = ORIENTED_EDGE('',*,*,#7368,.F.);
#7590 = ORIENTED_EDGE('',*,*,#7545,.F.);
#7591 = CYLINDRICAL_SURFACE('',#7592,0.1);
#7592 = AXIS2_PLACEMENT_3D('',#7593,#7594,#7595);
#7593 = CARTESIAN_POINT('',(0.55,1.77,5.E-02));
#7594 = DIRECTION('',(1.,0.,0.));
#7595 = DIRECTION('',(-0.,1.,0.));
#7596 = ADVANCED_FACE('',(#7597),#7603,.T.);
#7597 = FACE_BOUND('',#7598,.T.);
#7598 = EDGE_LOOP('',(#7599,#7600,#7601,#7602));
#7599 = ORIENTED_EDGE('',*,*,#7444,.T.);
#7600 = ORIENTED_EDGE('',*,*,#7469,.T.);
#7601 = ORIENTED_EDGE('',*,*,#7483,.F.);
#7602 = ORIENTED_EDGE('',*,*,#7528,.F.);
#7603 = CYLINDRICAL_SURFACE('',#7604,0.1);
#7604 = AXIS2_PLACEMENT_3D('',#7605,#7606,#7607);
#7605 = CARTESIAN_POINT('',(2.05,1.77,5.E-02));
#7606 = DIRECTION('',(1.,0.,0.));
#7607 = DIRECTION('',(-0.,1.,0.));
#7608 = ( GEOMETRIC_REPRESENTATION_CONTEXT(3) 
GLOBAL_UNCERTAINTY_ASSIGNED_CONTEXT((#7612)) 
GLOBAL_UNIT_ASSIGNED_CONTEXT((#7609,#7610,#7611)) REPRESENTATION_CONTEXT
('Context #1','3D Context with UNIT and UNCERTAINTY') );
#7609 = ( LENGTH_UNIT() NAMED_UNIT(*) SI_UNIT(.MILLI.,.METRE.) );
#7610 = ( NAMED_UNIT(*) PLANE_ANGLE_UNIT() SI_UNIT($,.RADIAN.) );
#7611 = ( NAMED_UNIT(*) SI_UNIT($,.STERADIAN.) SOLID_ANGLE_UNIT() );
#7612 = UNCERTAINTY_MEASURE_WITH_UNIT(LENGTH_MEASURE(1.E-07),#7609,
  'distance_accuracy_value','confusion accuracy');
#7613 = CONTEXT_DEPENDENT_SHAPE_REPRESENTATION(#7614,#7616);
#7614 = ( REPRESENTATION_RELATIONSHIP('','',#3553,#10) 
REPRESENTATION_RELATIONSHIP_WITH_TRANSFORMATION(#7615) 
SHAPE_REPRESENTATION_RELATIONSHIP() );
#7615 = ITEM_DEFINED_TRANSFORMATION('','',#11,#19);
#7616 = PRODUCT_DEFINITION_SHAPE('Placement','Placement of an item',
  #7617);
#7617 = NEXT_ASSEMBLY_USAGE_OCCURRENCE('2','PSW1','',#5,#3548,$);
#7618 = PRODUCT_RELATED_PRODUCT_CATEGORY('part',$,(#3550));
#7619 = SHAPE_DEFINITION_REPRESENTATION(#7620,#7626);
#7620 = PRODUCT_DEFINITION_SHAPE('','',#7621);
#7621 = PRODUCT_DEFINITION('design','',#7622,#7625);
#7622 = PRODUCT_DEFINITION_FORMATION('','',#7623);
#7623 = PRODUCT('allium58_PCB','allium58_PCB','',(#7624));
#7624 = PRODUCT_CONTEXT('',#2,'mechanical');
#7625 = PRODUCT_DEFINITION_CONTEXT('part definition',#2,'design');
#7626 = ADVANCED_BREP_SHAPE_REPRESENTATION('',(#11,#7627),#17274);
#7627 = MANIFOLD_SOLID_BREP('',#7628);
#7628 = CLOSED_SHELL('',(#7629,#7669,#7700,#7731,#10261,#12791,#12808,
    #12825,#12842,#12859,#12876,#12893,#12910,#12927,#12944,#12961,
    #12978,#12995,#13012,#13029,#13046,#13063,#13080,#13097,#13114,
    #13131,#13148,#13165,#13182,#13199,#13216,#13233,#13250,#13267,
    #13284,#13301,#13318,#13335,#13352,#13369,#13386,#13403,#13420,
    #13437,#13454,#13471,#13488,#13505,#13522,#13539,#13556,#13573,
    #13590,#13607,#13624,#13641,#13658,#13675,#13692,#13709,#13726,
    #13743,#13760,#13777,#13794,#13811,#13828,#13845,#13862,#13879,
    #13896,#13913,#13930,#13947,#13964,#13981,#13998,#14015,#14032,
    #14049,#14066,#14083,#14100,#14117,#14134,#14151,#14168,#14185,
    #14202,#14219,#14236,#14253,#14270,#14287,#14304,#14321,#14338,
    #14355,#14372,#14389,#14406,#14423,#14440,#14457,#14474,#14491,
    #14508,#14525,#14542,#14559,#14576,#14593,#14610,#14627,#14644,
    #14661,#14678,#14695,#14712,#14729,#14746,#14763,#14775,#14792,
    #14809,#14826,#14843,#14860,#14877,#14894,#14911,#14928,#14945,
    #14962,#14979,#14996,#15013,#15030,#15047,#15064,#15081,#15098,
    #15115,#15132,#15149,#15166,#15183,#15200,#15217,#15234,#15251,
    #15268,#15285,#15302,#15319,#15336,#15353,#15370,#15387,#15404,
    #15421,#15438,#15455,#15472,#15489,#15506,#15523,#15540,#15557,
    #15574,#15591,#15608,#15625,#15642,#15659,#15676,#15693,#15710,
    #15727,#15744,#15761,#15778,#15795,#15812,#15829,#15846,#15863,
    #15880,#15897,#15914,#15931,#15948,#15965,#15982,#15999,#16016,
    #16033,#16050,#16067,#16084,#16101,#16118,#16135,#16152,#16169,
    #16186,#16203,#16220,#16237,#16254,#16271,#16288,#16305,#16322,
    #16339,#16356,#16373,#16390,#16407,#16424,#16441,#16458,#16475,
    #16492,#16509,#16526,#16543,#16560,#16577,#16594,#16611,#16628,
    #16645,#16662,#16679,#16696,#16713,#16730,#16747,#16764,#16781,
    #16798,#16820,#16837,#16854,#16866,#16883,#16900,#16917,#16934,
    #16951,#16968,#16985,#17007,#17024,#17041,#17053,#17070,#17092,
    #17109,#17126,#17138,#17155,#17172,#17189,#17211,#17228,#17245,
    #17257));
#7629 = ADVANCED_FACE('',(#7630),#7664,.T.);
#7630 = FACE_BOUND('',#7631,.T.);
#7631 = EDGE_LOOP('',(#7632,#7642,#7650,#7658));
#7632 = ORIENTED_EDGE('',*,*,#7633,.T.);
#7633 = EDGE_CURVE('',#7634,#7636,#7638,.T.);
#7634 = VERTEX_POINT('',#7635);
#7635 = CARTESIAN_POINT('',(168.361664,-37.108075,0.));
#7636 = VERTEX_POINT('',#7637);
#7637 = CARTESIAN_POINT('',(168.361664,-37.108075,1.51));
#7638 = LINE('',#7639,#7640);
#7639 = CARTESIAN_POINT('',(168.361664,-37.108075,0.));
#7640 = VECTOR('',#7641,1.);
#7641 = DIRECTION('',(0.,0.,1.));
#7642 = ORIENTED_EDGE('',*,*,#7643,.T.);
#7643 = EDGE_CURVE('',#7636,#7644,#7646,.T.);
#7644 = VERTEX_POINT('',#7645);
#7645 = CARTESIAN_POINT('',(168.558823,-37.16921,1.51));
#7646 = LINE('',#7647,#7648);
#7647 = CARTESIAN_POINT('',(168.361664,-37.108075,1.51));
#7648 = VECTOR('',#7649,1.);
#7649 = DIRECTION('',(0.955135798995,-0.296168204706,0.));
#7650 = ORIENTED_EDGE('',*,*,#7651,.F.);
#7651 = EDGE_CURVE('',#7652,#7644,#7654,.T.);
#7652 = VERTEX_POINT('',#7653);
#7653 = CARTESIAN_POINT('',(168.558823,-37.16921,0.));
#7654 = LINE('',#7655,#7656);
#7655 = CARTESIAN_POINT('',(168.558823,-37.16921,0.));
#7656 = VECTOR('',#7657,1.);
#7657 = DIRECTION('',(0.,0.,1.));
#7658 = ORIENTED_EDGE('',*,*,#7659,.F.);
#7659 = EDGE_CURVE('',#7634,#7652,#7660,.T.);
#7660 = LINE('',#7661,#7662);
#7661 = CARTESIAN_POINT('',(168.361664,-37.108075,0.));
#7662 = VECTOR('',#7663,1.);
#7663 = DIRECTION('',(0.955135798995,-0.296168204706,0.));
#7664 = PLANE('',#7665);
#7665 = AXIS2_PLACEMENT_3D('',#7666,#7667,#7668);
#7666 = CARTESIAN_POINT('',(168.361664,-37.108075,0.));
#7667 = DIRECTION('',(0.296168204706,0.955135798995,-0.));
#7668 = DIRECTION('',(0.955135798995,-0.296168204706,0.));
#7669 = ADVANCED_FACE('',(#7670),#7695,.T.);
#7670 = FACE_BOUND('',#7671,.T.);
#7671 = EDGE_LOOP('',(#7672,#7682,#7688,#7689));
#7672 = ORIENTED_EDGE('',*,*,#7673,.T.);
#7673 = EDGE_CURVE('',#7674,#7676,#7678,.T.);
#7674 = VERTEX_POINT('',#7675);
#7675 = CARTESIAN_POINT('',(168.149916,-37.086762,0.));
#7676 = VERTEX_POINT('',#7677);
#7677 = CARTESIAN_POINT('',(168.149916,-37.086762,1.51));
#7678 = LINE('',#7679,#7680);
#7679 = CARTESIAN_POINT('',(168.149916,-37.086762,0.));
#7680 = VECTOR('',#7681,1.);
#7681 = DIRECTION('',(0.,0.,1.));
#7682 = ORIENTED_EDGE('',*,*,#7683,.T.);
#7683 = EDGE_CURVE('',#7676,#7636,#7684,.T.);
#7684 = LINE('',#7685,#7686);
#7685 = CARTESIAN_POINT('',(168.149916,-37.086762,1.51));
#7686 = VECTOR('',#7687,1.);
#7687 = DIRECTION('',(0.994972687291,-0.100146650189,0.));
#7688 = ORIENTED_EDGE('',*,*,#7633,.F.);
#7689 = ORIENTED_EDGE('',*,*,#7690,.F.);
#7690 = EDGE_CURVE('',#7674,#7634,#7691,.T.);
#7691 = LINE('',#7692,#7693);
#7692 = CARTESIAN_POINT('',(168.149916,-37.086762,0.));
#7693 = VECTOR('',#7694,1.);
#7694 = DIRECTION('',(0.994972687291,-0.100146650189,0.));
#7695 = PLANE('',#7696);
#7696 = AXIS2_PLACEMENT_3D('',#7697,#7698,#7699);
#7697 = CARTESIAN_POINT('',(168.149916,-37.086762,0.));
#7698 = DIRECTION('',(0.100146650189,0.994972687291,-0.));
#7699 = DIRECTION('',(0.994972687291,-0.100146650189,0.));
#7700 = ADVANCED_FACE('',(#7701),#7726,.T.);
#7701 = FACE_BOUND('',#7702,.T.);
#7702 = EDGE_LOOP('',(#7703,#7704,#7712,#7720));
#7703 = ORIENTED_EDGE('',*,*,#7651,.T.);
#7704 = ORIENTED_EDGE('',*,*,#7705,.T.);
#7705 = EDGE_CURVE('',#7644,#7706,#7708,.T.);
#7706 = VERTEX_POINT('',#7707);
#7707 = CARTESIAN_POINT('',(168.737189,-37.265961,1.51));
#7708 = LINE('',#7709,#7710);
#7709 = CARTESIAN_POINT('',(168.558823,-37.16921,1.51));
#7710 = VECTOR('',#7711,1.);
#7711 = DIRECTION('',(0.879010956515,-0.476801571229,0.));
#7712 = ORIENTED_EDGE('',*,*,#7713,.F.);
#7713 = EDGE_CURVE('',#7714,#7706,#7716,.T.);
#7714 = VERTEX_POINT('',#7715);
#7715 = CARTESIAN_POINT('',(168.737189,-37.265961,0.));
#7716 = LINE('',#7717,#7718);
#7717 = CARTESIAN_POINT('',(168.737189,-37.265961,0.));
#7718 = VECTOR('',#7719,1.);
#7719 = DIRECTION('',(0.,0.,1.));
#7720 = ORIENTED_EDGE('',*,*,#7721,.F.);
#7721 = EDGE_CURVE('',#7652,#7714,#7722,.T.);
#7722 = LINE('',#7723,#7724);
#7723 = CARTESIAN_POINT('',(168.558823,-37.16921,0.));
#7724 = VECTOR('',#7725,1.);
#7725 = DIRECTION('',(0.879010956515,-0.476801571229,0.));
#7726 = PLANE('',#7727);
#7727 = AXIS2_PLACEMENT_3D('',#7728,#7729,#7730);
#7728 = CARTESIAN_POINT('',(168.558823,-37.16921,0.));
#7729 = DIRECTION('',(0.476801571229,0.879010956515,-0.));
#7730 = DIRECTION('',(0.879010956515,-0.476801571229,0.));
#7731 = ADVANCED_FACE('',(#7732,#8671,#8682,#8693,#8704,#8715,#8726,
    #8737,#8748,#8759,#8770,#8781,#8792,#8803,#8814,#8825,#8836,#8847,
    #8858,#8869,#8880,#8891,#8902,#8913,#8924,#8935,#8946,#8957,#8968,
    #8979,#8990,#9001,#9012,#9023,#9034,#9045,#9056,#9067,#9078,#9089,
    #9100,#9111,#9122,#9133,#9144,#9155,#9166,#9177,#9188,#9199,#9210,
    #9221,#9232,#9243,#9254,#9265,#9276,#9287,#9298,#9309,#9320,#9331,
    #9342,#9353,#9364,#9375,#9386,#9397,#9408,#9419,#9430,#9441,#9452,
    #9463,#9474,#9485,#9496,#9507,#9518,#9529,#9540,#9551,#9562,#9573,
    #9584,#9595,#9606,#9617,#9628,#9639,#9650,#9661,#9672,#9683,#9694,
    #9705,#9716,#9727,#9738,#9749,#9760,#9771,#9782,#9793,#9804,#9815,
    #9826,#9837,#9848,#9859,#9870,#9881,#9892,#9903,#9914,#9925,#9936,
    #9947,#9958,#9969,#9980,#10016,#10027,#10038,#10049,#10060,#10071,
    #10082,#10093,#10129,#10140,#10176,#10187,#10198,#10209,#10245),
  #10256,.F.);
#7732 = FACE_BOUND('',#7733,.F.);
#7733 = EDGE_LOOP('',(#7734,#7735,#7736,#7744,#7752,#7760,#7768,#7776,
    #7784,#7792,#7800,#7808,#7816,#7824,#7832,#7840,#7848,#7856,#7864,
    #7872,#7880,#7888,#7896,#7904,#7912,#7920,#7928,#7936,#7944,#7952,
    #7960,#7968,#7976,#7984,#7992,#8000,#8008,#8016,#8024,#8032,#8040,
    #8048,#8056,#8064,#8072,#8080,#8088,#8096,#8104,#8112,#8120,#8128,
    #8136,#8144,#8152,#8160,#8168,#8176,#8184,#8192,#8200,#8208,#8216,
    #8224,#8232,#8240,#8248,#8256,#8264,#8272,#8280,#8288,#8296,#8304,
    #8312,#8320,#8328,#8336,#8344,#8352,#8360,#8368,#8376,#8384,#8392,
    #8400,#8408,#8416,#8424,#8432,#8440,#8448,#8456,#8464,#8472,#8480,
    #8488,#8496,#8504,#8512,#8520,#8528,#8536,#8544,#8552,#8560,#8568,
    #8576,#8584,#8592,#8600,#8608,#8616,#8624,#8632,#8640,#8648,#8656,
    #8664,#8670));
#7734 = ORIENTED_EDGE('',*,*,#7659,.F.);
#7735 = ORIENTED_EDGE('',*,*,#7690,.F.);
#7736 = ORIENTED_EDGE('',*,*,#7737,.F.);
#7737 = EDGE_CURVE('',#7738,#7674,#7740,.T.);
#7738 = VERTEX_POINT('',#7739);
#7739 = CARTESIAN_POINT('',(157.742082,-37.086762,0.));
#7740 = LINE('',#7741,#7742);
#7741 = CARTESIAN_POINT('',(157.742082,-37.086762,0.));
#7742 = VECTOR('',#7743,1.);
#7743 = DIRECTION('',(1.,0.,0.));
#7744 = ORIENTED_EDGE('',*,*,#7745,.F.);
#7745 = EDGE_CURVE('',#7746,#7738,#7748,.T.);
#7746 = VERTEX_POINT('',#7747);
#7747 = CARTESIAN_POINT('',(147.334249,-37.086762,0.));
#7748 = LINE('',#7749,#7750);
#7749 = CARTESIAN_POINT('',(147.334249,-37.086762,0.));
#7750 = VECTOR('',#7751,1.);
#7751 = DIRECTION('',(1.,0.,0.));
#7752 = ORIENTED_EDGE('',*,*,#7753,.F.);
#7753 = EDGE_CURVE('',#7754,#7746,#7756,.T.);
#7754 = VERTEX_POINT('',#7755);
#7755 = CARTESIAN_POINT('',(136.926415,-37.086762,0.));
#7756 = LINE('',#7757,#7758);
#7757 = CARTESIAN_POINT('',(136.926415,-37.086762,0.));
#7758 = VECTOR('',#7759,1.);
#7759 = DIRECTION('',(1.,0.,0.));
#7760 = ORIENTED_EDGE('',*,*,#7761,.F.);
#7761 = EDGE_CURVE('',#7762,#7754,#7764,.T.);
#7762 = VERTEX_POINT('',#7763);
#7763 = CARTESIAN_POINT('',(126.518581,-37.086762,0.));
#7764 = LINE('',#7765,#7766);
#7765 = CARTESIAN_POINT('',(126.518581,-37.086762,0.));
#7766 = VECTOR('',#7767,1.);
#7767 = DIRECTION('',(1.,0.,0.));
#7768 = ORIENTED_EDGE('',*,*,#7769,.F.);
#7769 = EDGE_CURVE('',#7770,#7762,#7772,.T.);
#7770 = VERTEX_POINT('',#7771);
#7771 = CARTESIAN_POINT('',(116.110747,-37.086762,0.));
#7772 = LINE('',#7773,#7774);
#7773 = CARTESIAN_POINT('',(116.110747,-37.086762,0.));
#7774 = VECTOR('',#7775,1.);
#7775 = DIRECTION('',(1.,0.,0.));
#7776 = ORIENTED_EDGE('',*,*,#7777,.F.);
#7777 = EDGE_CURVE('',#7778,#7770,#7780,.T.);
#7778 = VERTEX_POINT('',#7779);
#7779 = CARTESIAN_POINT('',(105.702913,-37.086762,0.));
#7780 = LINE('',#7781,#7782);
#7781 = CARTESIAN_POINT('',(105.702913,-37.086762,0.));
#7782 = VECTOR('',#7783,1.);
#7783 = DIRECTION('',(1.,0.,0.));
#7784 = ORIENTED_EDGE('',*,*,#7785,.F.);
#7785 = EDGE_CURVE('',#7786,#7778,#7788,.T.);
#7786 = VERTEX_POINT('',#7787);
#7787 = CARTESIAN_POINT('',(95.295079,-37.086762,0.));
#7788 = LINE('',#7789,#7790);
#7789 = CARTESIAN_POINT('',(95.295079,-37.086762,0.));
#7790 = VECTOR('',#7791,1.);
#7791 = DIRECTION('',(1.,0.,0.));
#7792 = ORIENTED_EDGE('',*,*,#7793,.F.);
#7793 = EDGE_CURVE('',#7794,#7786,#7796,.T.);
#7794 = VERTEX_POINT('',#7795);
#7795 = CARTESIAN_POINT('',(84.887245,-37.086762,0.));
#7796 = LINE('',#7797,#7798);
#7797 = CARTESIAN_POINT('',(84.887245,-37.086762,0.));
#7798 = VECTOR('',#7799,1.);
#7799 = DIRECTION('',(1.,0.,0.));
#7800 = ORIENTED_EDGE('',*,*,#7801,.F.);
#7801 = EDGE_CURVE('',#7802,#7794,#7804,.T.);
#7802 = VERTEX_POINT('',#7803);
#7803 = CARTESIAN_POINT('',(73.148563,-37.215654,0.));
#7804 = LINE('',#7805,#7806);
#7805 = CARTESIAN_POINT('',(73.148563,-37.215654,0.));
#7806 = VECTOR('',#7807,1.);
#7807 = DIRECTION('',(0.999939724061,1.097944649268E-02,0.));
#7808 = ORIENTED_EDGE('',*,*,#7809,.F.);
#7809 = EDGE_CURVE('',#7810,#7802,#7812,.T.);
#7810 = VERTEX_POINT('',#7811);
#7811 = CARTESIAN_POINT('',(62.218588,-37.585374,0.));
#7812 = LINE('',#7813,#7814);
#7813 = CARTESIAN_POINT('',(62.218588,-37.585374,0.));
#7814 = VECTOR('',#7815,1.);
#7815 = DIRECTION('',(0.999428383105,3.380690823186E-02,0.));
#7816 = ORIENTED_EDGE('',*,*,#7817,.F.);
#7817 = EDGE_CURVE('',#7818,#7810,#7820,.T.);
#7818 = VERTEX_POINT('',#7819);
#7819 = CARTESIAN_POINT('',(52.330472,-38.170488,0.));
#7820 = LINE('',#7821,#7822);
#7821 = CARTESIAN_POINT('',(52.330472,-38.170488,0.));
#7822 = VECTOR('',#7823,1.);
#7823 = DIRECTION('',(0.998253835343,5.907012970043E-02,0.));
#7824 = ORIENTED_EDGE('',*,*,#7825,.F.);
#7825 = EDGE_CURVE('',#7826,#7818,#7828,.T.);
#7826 = VERTEX_POINT('',#7827);
#7827 = CARTESIAN_POINT('',(43.717368,-38.945561,0.));
#7828 = LINE('',#7829,#7830);
#7829 = CARTESIAN_POINT('',(43.717368,-38.945561,0.));
#7830 = VECTOR('',#7831,1.);
#7831 = DIRECTION('',(0.995975536778,8.962549938064E-02,0.));
#7832 = ORIENTED_EDGE('',*,*,#7833,.F.);
#7833 = EDGE_CURVE('',#7834,#7826,#7836,.T.);
#7834 = VERTEX_POINT('',#7835);
#7835 = CARTESIAN_POINT('',(36.612429,-39.885159,0.));
#7836 = LINE('',#7837,#7838);
#7837 = CARTESIAN_POINT('',(36.612429,-39.885159,0.));
#7838 = VECTOR('',#7839,1.);
#7839 = DIRECTION('',(0.991368582729,0.131104283597,0.));
#7840 = ORIENTED_EDGE('',*,*,#7841,.F.);
#7841 = EDGE_CURVE('',#7842,#7834,#7844,.T.);
#7842 = VERTEX_POINT('',#7843);
#7843 = CARTESIAN_POINT('',(31.248807,-40.963847,0.));
#7844 = LINE('',#7845,#7846);
#7845 = CARTESIAN_POINT('',(31.248807,-40.963847,0.));
#7846 = VECTOR('',#7847,1.);
#7847 = DIRECTION('',(0.980370493366,0.197164134003,0.));
#7848 = ORIENTED_EDGE('',*,*,#7849,.F.);
#7849 = EDGE_CURVE('',#7850,#7842,#7852,.T.);
#7850 = VERTEX_POINT('',#7851);
#7851 = CARTESIAN_POINT('',(27.859655,-42.15619,0.));
#7852 = LINE('',#7853,#7854);
#7853 = CARTESIAN_POINT('',(27.859655,-42.15619,0.));
#7854 = VECTOR('',#7855,1.);
#7855 = DIRECTION('',(0.943324277412,0.331872426761,0.));
#7856 = ORIENTED_EDGE('',*,*,#7857,.F.);
#7857 = EDGE_CURVE('',#7858,#7850,#7860,.T.);
#7858 = VERTEX_POINT('',#7859);
#7859 = CARTESIAN_POINT('',(26.678126,-43.436755,0.));
#7860 = LINE('',#7861,#7862);
#7861 = CARTESIAN_POINT('',(26.678126,-43.436755,0.));
#7862 = VECTOR('',#7863,1.);
#7863 = DIRECTION('',(0.678115536366,0.73495531792,0.));
#7864 = ORIENTED_EDGE('',*,*,#7865,.F.);
#7865 = EDGE_CURVE('',#7866,#7858,#7868,.T.);
#7866 = VERTEX_POINT('',#7867);
#7867 = CARTESIAN_POINT('',(26.678126,-52.918378,0.));
#7868 = LINE('',#7869,#7870);
#7869 = CARTESIAN_POINT('',(26.678126,-52.918378,0.));
#7870 = VECTOR('',#7871,1.);
#7871 = DIRECTION('',(0.,1.,0.));
#7872 = ORIENTED_EDGE('',*,*,#7873,.F.);
#7873 = EDGE_CURVE('',#7874,#7866,#7876,.T.);
#7874 = VERTEX_POINT('',#7875);
#7875 = CARTESIAN_POINT('',(26.678126,-62.4,0.));
#7876 = LINE('',#7877,#7878);
#7877 = CARTESIAN_POINT('',(26.678126,-62.4,0.));
#7878 = VECTOR('',#7879,1.);
#7879 = DIRECTION('',(0.,1.,0.));
#7880 = ORIENTED_EDGE('',*,*,#7881,.F.);
#7881 = EDGE_CURVE('',#7882,#7874,#7884,.T.);
#7882 = VERTEX_POINT('',#7883);
#7883 = CARTESIAN_POINT('',(26.678126,-71.881623,0.));
#7884 = LINE('',#7885,#7886);
#7885 = CARTESIAN_POINT('',(26.678126,-71.881623,0.));
#7886 = VECTOR('',#7887,1.);
#7887 = DIRECTION('',(0.,1.,0.));
#7888 = ORIENTED_EDGE('',*,*,#7889,.F.);
#7889 = EDGE_CURVE('',#7890,#7882,#7892,.T.);
#7890 = VERTEX_POINT('',#7891);
#7891 = CARTESIAN_POINT('',(26.678126,-81.363245,0.));
#7892 = LINE('',#7893,#7894);
#7893 = CARTESIAN_POINT('',(26.678126,-81.363245,0.));
#7894 = VECTOR('',#7895,1.);
#7895 = DIRECTION('',(0.,1.,0.));
#7896 = ORIENTED_EDGE('',*,*,#7897,.F.);
#7897 = EDGE_CURVE('',#7898,#7890,#7900,.T.);
#7898 = VERTEX_POINT('',#7899);
#7899 = CARTESIAN_POINT('',(26.678126,-90.844867,0.));
#7900 = LINE('',#7901,#7902);
#7901 = CARTESIAN_POINT('',(26.678126,-90.844867,0.));
#7902 = VECTOR('',#7903,1.);
#7903 = DIRECTION('',(0.,1.,0.));
#7904 = ORIENTED_EDGE('',*,*,#7905,.F.);
#7905 = EDGE_CURVE('',#7906,#7898,#7908,.T.);
#7906 = VERTEX_POINT('',#7907);
#7907 = CARTESIAN_POINT('',(26.678126,-100.32649,0.));
#7908 = LINE('',#7909,#7910);
#7909 = CARTESIAN_POINT('',(26.678126,-100.32649,0.));
#7910 = VECTOR('',#7911,1.);
#7911 = DIRECTION('',(0.,1.,0.));
#7912 = ORIENTED_EDGE('',*,*,#7913,.F.);
#7913 = EDGE_CURVE('',#7914,#7906,#7916,.T.);
#7914 = VERTEX_POINT('',#7915);
#7915 = CARTESIAN_POINT('',(26.678126,-109.808112,0.));
#7916 = LINE('',#7917,#7918);
#7917 = CARTESIAN_POINT('',(26.678126,-109.808112,0.));
#7918 = VECTOR('',#7919,1.);
#7919 = DIRECTION('',(0.,1.,0.));
#7920 = ORIENTED_EDGE('',*,*,#7921,.F.);
#7921 = EDGE_CURVE('',#7922,#7914,#7924,.T.);
#7922 = VERTEX_POINT('',#7923);
#7923 = CARTESIAN_POINT('',(26.678127,-119.289735,0.));
#7924 = LINE('',#7925,#7926);
#7925 = CARTESIAN_POINT('',(26.678127,-119.289735,0.));
#7926 = VECTOR('',#7927,1.);
#7927 = DIRECTION('',(-1.054671759284E-07,1.,0.));
#7928 = ORIENTED_EDGE('',*,*,#7929,.F.);
#7929 = EDGE_CURVE('',#7930,#7922,#7932,.T.);
#7930 = VERTEX_POINT('',#7931);
#7931 = CARTESIAN_POINT('',(26.708574,-119.592231,0.));
#7932 = LINE('',#7933,#7934);
#7933 = CARTESIAN_POINT('',(26.708574,-119.592231,0.));
#7934 = VECTOR('',#7935,1.);
#7935 = DIRECTION('',(-0.100146559583,0.994972696411,0.));
#7936 = ORIENTED_EDGE('',*,*,#7937,.F.);
#7937 = EDGE_CURVE('',#7938,#7930,#7940,.T.);
#7938 = VERTEX_POINT('',#7939);
#7939 = CARTESIAN_POINT('',(26.795909,-119.873887,0.));
#7940 = LINE('',#7941,#7942);
#7941 = CARTESIAN_POINT('',(26.795909,-119.873887,0.));
#7942 = VECTOR('',#7943,1.);
#7943 = DIRECTION('',(-0.296165720844,0.955136569186,0.));
#7944 = ORIENTED_EDGE('',*,*,#7945,.F.);
#7945 = EDGE_CURVE('',#7946,#7938,#7948,.T.);
#7946 = VERTEX_POINT('',#7947);
#7947 = CARTESIAN_POINT('',(26.934125,-120.128696,0.));
#7948 = LINE('',#7949,#7950);
#7949 = CARTESIAN_POINT('',(26.934125,-120.128696,0.));
#7950 = VECTOR('',#7951,1.);
#7951 = DIRECTION('',(-0.476801713148,0.879010879534,0.));
#7952 = ORIENTED_EDGE('',*,*,#7953,.F.);
#7953 = EDGE_CURVE('',#7954,#7946,#7956,.T.);
#7954 = VERTEX_POINT('',#7955);
#7955 = CARTESIAN_POINT('',(27.117214,-120.350648,0.));
#7956 = LINE('',#7957,#7958);
#7957 = CARTESIAN_POINT('',(27.117214,-120.350648,0.));
#7958 = VECTOR('',#7959,1.);
#7959 = DIRECTION('',(-0.636338698066,0.771409788208,0.));
#7960 = ORIENTED_EDGE('',*,*,#7961,.F.);
#7961 = EDGE_CURVE('',#7962,#7954,#7964,.T.);
#7962 = VERTEX_POINT('',#7963);
#7963 = CARTESIAN_POINT('',(27.339166,-120.533736,0.));
#7964 = LINE('',#7965,#7966);
#7965 = CARTESIAN_POINT('',(27.339166,-120.533736,0.));
#7966 = VECTOR('',#7967,1.);
#7967 = DIRECTION('',(-0.77141149429,0.636336629841,0.));
#7968 = ORIENTED_EDGE('',*,*,#7969,.F.);
#7969 = EDGE_CURVE('',#7970,#7962,#7972,.T.);
#7970 = VERTEX_POINT('',#7971);
#7971 = CARTESIAN_POINT('',(27.593974,-120.671952,0.));
#7972 = LINE('',#7973,#7974);
#7973 = CARTESIAN_POINT('',(27.593974,-120.671952,0.));
#7974 = VECTOR('',#7975,1.);
#7975 = DIRECTION('',(-0.879010095279,0.476803158963,0.));
#7976 = ORIENTED_EDGE('',*,*,#7977,.F.);
#7977 = EDGE_CURVE('',#7978,#7970,#7980,.T.);
#7978 = VERTEX_POINT('',#7979);
#7979 = CARTESIAN_POINT('',(27.875631,-120.759288,0.));
#7980 = LINE('',#7981,#7982);
#7981 = CARTESIAN_POINT('',(27.875631,-120.759288,0.));
#7982 = VECTOR('',#7983,1.);
#7983 = DIRECTION('',(-0.955135907355,0.296167855245,0.));
#7984 = ORIENTED_EDGE('',*,*,#7985,.F.);
#7985 = EDGE_CURVE('',#7986,#7978,#7988,.T.);
#7986 = VERTEX_POINT('',#7987);
#7987 = CARTESIAN_POINT('',(28.178127,-120.789735,0.));
#7988 = LINE('',#7989,#7990);
#7989 = CARTESIAN_POINT('',(28.178127,-120.789735,0.));
#7990 = VECTOR('',#7991,1.);
#7991 = DIRECTION('',(-0.994972696411,0.100146559583,0.));
#7992 = ORIENTED_EDGE('',*,*,#7993,.F.);
#7993 = EDGE_CURVE('',#7994,#7986,#7996,.T.);
#7994 = VERTEX_POINT('',#7995);
#7995 = CARTESIAN_POINT('',(33.445708,-120.789735,0.));
#7996 = LINE('',#7997,#7998);
#7997 = CARTESIAN_POINT('',(33.445708,-120.789735,0.));
#7998 = VECTOR('',#7999,1.);
#7999 = DIRECTION('',(-1.,0.,0.));
#8000 = ORIENTED_EDGE('',*,*,#8001,.F.);
#8001 = EDGE_CURVE('',#8002,#7994,#8004,.T.);
#8002 = VERTEX_POINT('',#8003);
#8003 = CARTESIAN_POINT('',(38.71329,-120.789735,0.));
#8004 = LINE('',#8005,#8006);
#8005 = CARTESIAN_POINT('',(38.71329,-120.789735,0.));
#8006 = VECTOR('',#8007,1.);
#8007 = DIRECTION('',(-1.,0.,0.));
#8008 = ORIENTED_EDGE('',*,*,#8009,.F.);
#8009 = EDGE_CURVE('',#8010,#8002,#8012,.T.);
#8010 = VERTEX_POINT('',#8011);
#8011 = CARTESIAN_POINT('',(43.980871,-120.789735,0.));
#8012 = LINE('',#8013,#8014);
#8013 = CARTESIAN_POINT('',(43.980871,-120.789735,0.));
#8014 = VECTOR('',#8015,1.);
#8015 = DIRECTION('',(-1.,0.,0.));
#8016 = ORIENTED_EDGE('',*,*,#8017,.F.);
#8017 = EDGE_CURVE('',#8018,#8010,#8020,.T.);
#8018 = VERTEX_POINT('',#8019);
#8019 = CARTESIAN_POINT('',(49.248453,-120.789735,0.));
#8020 = LINE('',#8021,#8022);
#8021 = CARTESIAN_POINT('',(49.248453,-120.789735,0.));
#8022 = VECTOR('',#8023,1.);
#8023 = DIRECTION('',(-1.,0.,0.));
#8024 = ORIENTED_EDGE('',*,*,#8025,.F.);
#8025 = EDGE_CURVE('',#8026,#8018,#8028,.T.);
#8026 = VERTEX_POINT('',#8027);
#8027 = CARTESIAN_POINT('',(54.516034,-120.789735,0.));
#8028 = LINE('',#8029,#8030);
#8029 = CARTESIAN_POINT('',(54.516034,-120.789735,0.));
#8030 = VECTOR('',#8031,1.);
#8031 = DIRECTION('',(-1.,0.,0.));
#8032 = ORIENTED_EDGE('',*,*,#8033,.F.);
#8033 = EDGE_CURVE('',#8034,#8026,#8036,.T.);
#8034 = VERTEX_POINT('',#8035);
#8035 = CARTESIAN_POINT('',(59.783615,-120.789735,0.));
#8036 = LINE('',#8037,#8038);
#8037 = CARTESIAN_POINT('',(59.783615,-120.789735,0.));
#8038 = VECTOR('',#8039,1.);
#8039 = DIRECTION('',(-1.,0.,0.));
#8040 = ORIENTED_EDGE('',*,*,#8041,.F.);
#8041 = EDGE_CURVE('',#8042,#8034,#8044,.T.);
#8042 = VERTEX_POINT('',#8043);
#8043 = CARTESIAN_POINT('',(65.051197,-120.789735,0.));
#8044 = LINE('',#8045,#8046);
#8045 = CARTESIAN_POINT('',(65.051197,-120.789735,0.));
#8046 = VECTOR('',#8047,1.);
#8047 = DIRECTION('',(-1.,0.,0.));
#8048 = ORIENTED_EDGE('',*,*,#8049,.F.);
#8049 = EDGE_CURVE('',#8050,#8042,#8052,.T.);
#8050 = VERTEX_POINT('',#8051);
#8051 = CARTESIAN_POINT('',(70.318778,-120.789735,0.));
#8052 = LINE('',#8053,#8054);
#8053 = CARTESIAN_POINT('',(70.318778,-120.789735,0.));
#8054 = VECTOR('',#8055,1.);
#8055 = DIRECTION('',(-1.,0.,0.));
#8056 = ORIENTED_EDGE('',*,*,#8057,.F.);
#8057 = EDGE_CURVE('',#8058,#8050,#8060,.T.);
#8058 = VERTEX_POINT('',#8059);
#8059 = CARTESIAN_POINT('',(71.024602,-120.860778,0.));
#8060 = LINE('',#8061,#8062);
#8061 = CARTESIAN_POINT('',(71.024602,-120.860778,0.));
#8062 = VECTOR('',#8063,1.);
#8063 = DIRECTION('',(-0.994972696411,0.100146559583,0.));
#8064 = ORIENTED_EDGE('',*,*,#8065,.F.);
#8065 = EDGE_CURVE('',#8066,#8058,#8068,.T.);
#8066 = VERTEX_POINT('',#8067);
#8067 = CARTESIAN_POINT('',(71.6818,-121.064561,0.));
#8068 = LINE('',#8069,#8070);
#8069 = CARTESIAN_POINT('',(71.6818,-121.064561,0.));
#8070 = VECTOR('',#8071,1.);
#8071 = DIRECTION('',(-0.95513610601,0.296167214585,0.));
#8072 = ORIENTED_EDGE('',*,*,#8073,.F.);
#8073 = EDGE_CURVE('',#8074,#8066,#8076,.T.);
#8074 = VERTEX_POINT('',#8075);
#8075 = CARTESIAN_POINT('',(72.276353,-121.387065,0.));
#8076 = LINE('',#8077,#8078);
#8077 = CARTESIAN_POINT('',(72.276353,-121.387065,0.));
#8078 = VECTOR('',#8079,1.);
#8079 = DIRECTION('',(-0.879010431389,0.476802539327,0.));
#8080 = ORIENTED_EDGE('',*,*,#8081,.F.);
#8081 = EDGE_CURVE('',#8082,#8074,#8084,.T.);
#8082 = VERTEX_POINT('',#8083);
#8083 = CARTESIAN_POINT('',(72.794242,-121.814271,0.));
#8084 = LINE('',#8085,#8086);
#8085 = CARTESIAN_POINT('',(72.794242,-121.814271,0.));
#8086 = VECTOR('',#8087,1.);
#8087 = DIRECTION('',(-0.771411609986,0.636336489587,0.));
#8088 = ORIENTED_EDGE('',*,*,#8089,.F.);
#8089 = EDGE_CURVE('',#8090,#8082,#8092,.T.);
#8090 = VERTEX_POINT('',#8091);
#8091 = CARTESIAN_POINT('',(73.221448,-122.33216,0.));
#8092 = LINE('',#8093,#8094);
#8093 = CARTESIAN_POINT('',(73.221448,-122.33216,0.));
#8094 = VECTOR('',#8095,1.);
#8095 = DIRECTION('',(-0.636336489587,0.771411609986,0.));
#8096 = ORIENTED_EDGE('',*,*,#8097,.F.);
#8097 = EDGE_CURVE('',#8098,#8090,#8100,.T.);
#8098 = VERTEX_POINT('',#8099);
#8099 = CARTESIAN_POINT('',(73.543952,-122.926713,0.));
#8100 = LINE('',#8101,#8102);
#8101 = CARTESIAN_POINT('',(73.543952,-122.926713,0.));
#8102 = VECTOR('',#8103,1.);
#8103 = DIRECTION('',(-0.476802539327,0.879010431389,0.));
#8104 = ORIENTED_EDGE('',*,*,#8105,.F.);
#8105 = EDGE_CURVE('',#8106,#8098,#8108,.T.);
#8106 = VERTEX_POINT('',#8107);
#8107 = CARTESIAN_POINT('',(73.747735,-123.583911,0.));
#8108 = LINE('',#8109,#8110);
#8109 = CARTESIAN_POINT('',(73.747735,-123.583911,0.));
#8110 = VECTOR('',#8111,1.);
#8111 = DIRECTION('',(-0.296167214585,0.95513610601,0.));
#8112 = ORIENTED_EDGE('',*,*,#8113,.F.);
#8113 = EDGE_CURVE('',#8114,#8106,#8116,.T.);
#8114 = VERTEX_POINT('',#8115);
#8115 = CARTESIAN_POINT('',(73.818778,-124.289735,0.));
#8116 = LINE('',#8117,#8118);
#8117 = CARTESIAN_POINT('',(73.818778,-124.289735,0.));
#8118 = VECTOR('',#8119,1.);
#8119 = DIRECTION('',(-0.100146559583,0.994972696411,0.));
#8120 = ORIENTED_EDGE('',*,*,#8121,.F.);
#8121 = EDGE_CURVE('',#8122,#8114,#8124,.T.);
#8122 = VERTEX_POINT('',#8123);
#8123 = CARTESIAN_POINT('',(73.818778,-125.507775,0.));
#8124 = LINE('',#8125,#8126);
#8125 = CARTESIAN_POINT('',(73.818778,-125.507775,0.));
#8126 = VECTOR('',#8127,1.);
#8127 = DIRECTION('',(0.,1.,0.));
#8128 = ORIENTED_EDGE('',*,*,#8129,.F.);
#8129 = EDGE_CURVE('',#8130,#8122,#8132,.T.);
#8130 = VERTEX_POINT('',#8131);
#8131 = CARTESIAN_POINT('',(73.818778,-126.725814,0.));
#8132 = LINE('',#8133,#8134);
#8133 = CARTESIAN_POINT('',(73.818778,-126.725814,0.));
#8134 = VECTOR('',#8135,1.);
#8135 = DIRECTION('',(0.,1.,0.));
#8136 = ORIENTED_EDGE('',*,*,#8137,.F.);
#8137 = EDGE_CURVE('',#8138,#8130,#8140,.T.);
#8138 = VERTEX_POINT('',#8139);
#8139 = CARTESIAN_POINT('',(73.818778,-127.943854,0.));
#8140 = LINE('',#8141,#8142);
#8141 = CARTESIAN_POINT('',(73.818778,-127.943854,0.));
#8142 = VECTOR('',#8143,1.);
#8143 = DIRECTION('',(0.,1.,0.));
#8144 = ORIENTED_EDGE('',*,*,#8145,.F.);
#8145 = EDGE_CURVE('',#8146,#8138,#8148,.T.);
#8146 = VERTEX_POINT('',#8147);
#8147 = CARTESIAN_POINT('',(73.818778,-129.161894,0.));
#8148 = LINE('',#8149,#8150);
#8149 = CARTESIAN_POINT('',(73.818778,-129.161894,0.));
#8150 = VECTOR('',#8151,1.);
#8151 = DIRECTION('',(0.,1.,0.));
#8152 = ORIENTED_EDGE('',*,*,#8153,.F.);
#8153 = EDGE_CURVE('',#8154,#8146,#8156,.T.);
#8154 = VERTEX_POINT('',#8155);
#8155 = CARTESIAN_POINT('',(73.818778,-130.379933,0.));
#8156 = LINE('',#8157,#8158);
#8157 = CARTESIAN_POINT('',(73.818778,-130.379933,0.));
#8158 = VECTOR('',#8159,1.);
#8159 = DIRECTION('',(0.,1.,0.));
#8160 = ORIENTED_EDGE('',*,*,#8161,.F.);
#8161 = EDGE_CURVE('',#8162,#8154,#8164,.T.);
#8162 = VERTEX_POINT('',#8163);
#8163 = CARTESIAN_POINT('',(73.818778,-131.597973,0.));
#8164 = LINE('',#8165,#8166);
#8165 = CARTESIAN_POINT('',(73.818778,-131.597973,0.));
#8166 = VECTOR('',#8167,1.);
#8167 = DIRECTION('',(0.,1.,0.));
#8168 = ORIENTED_EDGE('',*,*,#8169,.F.);
#8169 = EDGE_CURVE('',#8170,#8162,#8172,.T.);
#8170 = VERTEX_POINT('',#8171);
#8171 = CARTESIAN_POINT('',(73.818778,-132.816013,0.));
#8172 = LINE('',#8173,#8174);
#8173 = CARTESIAN_POINT('',(73.818778,-132.816013,0.));
#8174 = VECTOR('',#8175,1.);
#8175 = DIRECTION('',(0.,1.,0.));
#8176 = ORIENTED_EDGE('',*,*,#8177,.F.);
#8177 = EDGE_CURVE('',#8178,#8170,#8180,.T.);
#8178 = VERTEX_POINT('',#8179);
#8179 = CARTESIAN_POINT('',(73.818778,-134.011658,0.));
#8180 = LINE('',#8181,#8182);
#8181 = CARTESIAN_POINT('',(73.818778,-134.011658,0.));
#8182 = VECTOR('',#8183,1.);
#8183 = DIRECTION('',(0.,1.,0.));
#8184 = ORIENTED_EDGE('',*,*,#8185,.F.);
#8185 = EDGE_CURVE('',#8186,#8178,#8188,.T.);
#8186 = VERTEX_POINT('',#8187);
#8187 = CARTESIAN_POINT('',(73.849225,-134.314154,0.));
#8188 = LINE('',#8189,#8190);
#8189 = CARTESIAN_POINT('',(73.849225,-134.314154,0.));
#8190 = VECTOR('',#8191,1.);
#8191 = DIRECTION('',(-0.100146559583,0.994972696411,0.));
#8192 = ORIENTED_EDGE('',*,*,#8193,.F.);
#8193 = EDGE_CURVE('',#8194,#8186,#8196,.T.);
#8194 = VERTEX_POINT('',#8195);
#8195 = CARTESIAN_POINT('',(73.936561,-134.59581,0.));
#8196 = LINE('',#8197,#8198);
#8197 = CARTESIAN_POINT('',(73.936561,-134.59581,0.));
#8198 = VECTOR('',#8199,1.);
#8199 = DIRECTION('',(-0.296168814533,0.955135609899,0.));
#8200 = ORIENTED_EDGE('',*,*,#8201,.F.);
#8201 = EDGE_CURVE('',#8202,#8194,#8204,.T.);
#8202 = VERTEX_POINT('',#8203);
#8203 = CARTESIAN_POINT('',(74.074777,-134.850619,0.));
#8204 = LINE('',#8205,#8206);
#8205 = CARTESIAN_POINT('',(74.074777,-134.850619,0.));
#8206 = VECTOR('',#8207,1.);
#8207 = DIRECTION('',(-0.476801713148,0.879010879534,0.));
#8208 = ORIENTED_EDGE('',*,*,#8209,.F.);
#8209 = EDGE_CURVE('',#8210,#8202,#8212,.T.);
#8210 = VERTEX_POINT('',#8211);
#8211 = CARTESIAN_POINT('',(74.257865,-135.072571,0.));
#8212 = LINE('',#8213,#8214);
#8213 = CARTESIAN_POINT('',(74.257865,-135.072571,0.));
#8214 = VECTOR('',#8215,1.);
#8215 = DIRECTION('',(-0.636336629841,0.77141149429,0.));
#8216 = ORIENTED_EDGE('',*,*,#8217,.F.);
#8217 = EDGE_CURVE('',#8218,#8210,#8220,.T.);
#8218 = VERTEX_POINT('',#8219);
#8219 = CARTESIAN_POINT('',(74.479818,-135.25566,0.));
#8220 = LINE('',#8221,#8222);
#8221 = CARTESIAN_POINT('',(74.479818,-135.25566,0.));
#8222 = VECTOR('',#8223,1.);
#8223 = DIRECTION('',(-0.771411195554,0.636336991989,0.));
#8224 = ORIENTED_EDGE('',*,*,#8225,.F.);
#8225 = EDGE_CURVE('',#8226,#8218,#8228,.T.);
#8226 = VERTEX_POINT('',#8227);
#8227 = CARTESIAN_POINT('',(74.734626,-135.393876,0.));
#8228 = LINE('',#8229,#8230);
#8229 = CARTESIAN_POINT('',(74.734626,-135.393876,0.));
#8230 = VECTOR('',#8231,1.);
#8231 = DIRECTION('',(-0.879010095279,0.476803158963,0.));
#8232 = ORIENTED_EDGE('',*,*,#8233,.F.);
#8233 = EDGE_CURVE('',#8234,#8226,#8236,.T.);
#8234 = VERTEX_POINT('',#8235);
#8235 = CARTESIAN_POINT('',(75.016282,-135.481211,0.));
#8236 = LINE('',#8237,#8238);
#8237 = CARTESIAN_POINT('',(75.016282,-135.481211,0.));
#8238 = VECTOR('',#8239,1.);
#8239 = DIRECTION('',(-0.955136569186,0.296165720843,0.));
#8240 = ORIENTED_EDGE('',*,*,#8241,.F.);
#8241 = EDGE_CURVE('',#8242,#8234,#8244,.T.);
#8242 = VERTEX_POINT('',#8243);
#8243 = CARTESIAN_POINT('',(75.318778,-135.511658,0.));
#8244 = LINE('',#8245,#8246);
#8245 = CARTESIAN_POINT('',(75.318778,-135.511658,0.));
#8246 = VECTOR('',#8247,1.);
#8247 = DIRECTION('',(-0.994972696411,0.100146559583,0.));
#8248 = ORIENTED_EDGE('',*,*,#8249,.F.);
#8249 = EDGE_CURVE('',#8250,#8242,#8252,.T.);
#8250 = VERTEX_POINT('',#8251);
#8251 = CARTESIAN_POINT('',(82.6883,-135.511658,0.));
#8252 = LINE('',#8253,#8254);
#8253 = CARTESIAN_POINT('',(82.6883,-135.511658,0.));
#8254 = VECTOR('',#8255,1.);
#8255 = DIRECTION('',(-1.,0.,0.));
#8256 = ORIENTED_EDGE('',*,*,#8257,.F.);
#8257 = EDGE_CURVE('',#8258,#8250,#8260,.T.);
#8258 = VERTEX_POINT('',#8259);
#8259 = CARTESIAN_POINT('',(90.057822,-135.511658,0.));
#8260 = LINE('',#8261,#8262);
#8261 = CARTESIAN_POINT('',(90.057822,-135.511658,0.));
#8262 = VECTOR('',#8263,1.);
#8263 = DIRECTION('',(-1.,0.,0.));
#8264 = ORIENTED_EDGE('',*,*,#8265,.F.);
#8265 = EDGE_CURVE('',#8266,#8258,#8268,.T.);
#8266 = VERTEX_POINT('',#8267);
#8267 = CARTESIAN_POINT('',(97.427344,-135.511658,0.));
#8268 = LINE('',#8269,#8270);
#8269 = CARTESIAN_POINT('',(97.427344,-135.511658,0.));
#8270 = VECTOR('',#8271,1.);
#8271 = DIRECTION('',(-1.,0.,0.));
#8272 = ORIENTED_EDGE('',*,*,#8273,.F.);
#8273 = EDGE_CURVE('',#8274,#8266,#8276,.T.);
#8274 = VERTEX_POINT('',#8275);
#8275 = CARTESIAN_POINT('',(104.796866,-135.511658,0.));
#8276 = LINE('',#8277,#8278);
#8277 = CARTESIAN_POINT('',(104.796866,-135.511658,0.));
#8278 = VECTOR('',#8279,1.);
#8279 = DIRECTION('',(-1.,0.,0.));
#8280 = ORIENTED_EDGE('',*,*,#8281,.F.);
#8281 = EDGE_CURVE('',#8282,#8274,#8284,.T.);
#8282 = VERTEX_POINT('',#8283);
#8283 = CARTESIAN_POINT('',(112.166388,-135.511658,0.));
#8284 = LINE('',#8285,#8286);
#8285 = CARTESIAN_POINT('',(112.166388,-135.511658,0.));
#8286 = VECTOR('',#8287,1.);
#8287 = DIRECTION('',(-1.,0.,0.));
#8288 = ORIENTED_EDGE('',*,*,#8289,.F.);
#8289 = EDGE_CURVE('',#8290,#8282,#8292,.T.);
#8290 = VERTEX_POINT('',#8291);
#8291 = CARTESIAN_POINT('',(119.535909,-135.511658,0.));
#8292 = LINE('',#8293,#8294);
#8293 = CARTESIAN_POINT('',(119.535909,-135.511658,0.));
#8294 = VECTOR('',#8295,1.);
#8295 = DIRECTION('',(-1.,0.,0.));
#8296 = ORIENTED_EDGE('',*,*,#8297,.F.);
#8297 = EDGE_CURVE('',#8298,#8290,#8300,.T.);
#8298 = VERTEX_POINT('',#8299);
#8299 = CARTESIAN_POINT('',(126.905431,-135.511658,0.));
#8300 = LINE('',#8301,#8302);
#8301 = CARTESIAN_POINT('',(126.905431,-135.511658,0.));
#8302 = VECTOR('',#8303,1.);
#8303 = DIRECTION('',(-1.,0.,0.));
#8304 = ORIENTED_EDGE('',*,*,#8305,.F.);
#8305 = EDGE_CURVE('',#8306,#8298,#8308,.T.);
#8306 = VERTEX_POINT('',#8307);
#8307 = CARTESIAN_POINT('',(134.275813,-135.510645,0.));
#8308 = LINE('',#8309,#8310);
#8309 = CARTESIAN_POINT('',(134.275813,-135.510645,0.));
#8310 = VECTOR('',#8311,1.);
#8311 = DIRECTION('',(-0.999999990555,-1.374419928889E-04,0.));
#8312 = ORIENTED_EDGE('',*,*,#8313,.F.);
#8313 = EDGE_CURVE('',#8314,#8306,#8316,.T.);
#8314 = VERTEX_POINT('',#8315);
#8315 = CARTESIAN_POINT('',(135.951507,-136.480784,0.));
#8316 = LINE('',#8317,#8318);
#8317 = CARTESIAN_POINT('',(135.951507,-136.480784,0.));
#8318 = VECTOR('',#8319,1.);
#8319 = DIRECTION('',(-0.865426202976,0.50103641305,0.));
#8320 = ORIENTED_EDGE('',*,*,#8321,.F.);
#8321 = EDGE_CURVE('',#8322,#8314,#8324,.T.);
#8322 = VERTEX_POINT('',#8323);
#8323 = CARTESIAN_POINT('',(137.627201,-137.450923,0.));
#8324 = LINE('',#8325,#8326);
#8325 = CARTESIAN_POINT('',(137.627201,-137.450923,0.));
#8326 = VECTOR('',#8327,1.);
#8327 = DIRECTION('',(-0.865426202976,0.50103641305,0.));
#8328 = ORIENTED_EDGE('',*,*,#8329,.F.);
#8329 = EDGE_CURVE('',#8330,#8322,#8332,.T.);
#8330 = VERTEX_POINT('',#8331);
#8331 = CARTESIAN_POINT('',(139.302896,-138.421062,0.));
#8332 = LINE('',#8333,#8334);
#8333 = CARTESIAN_POINT('',(139.302896,-138.421062,0.));
#8334 = VECTOR('',#8335,1.);
#8335 = DIRECTION('',(-0.865426332627,0.501036189108,0.));
#8336 = ORIENTED_EDGE('',*,*,#8337,.F.);
#8337 = EDGE_CURVE('',#8338,#8330,#8340,.T.);
#8338 = VERTEX_POINT('',#8339);
#8339 = CARTESIAN_POINT('',(140.97859,-139.391201,0.));
#8340 = LINE('',#8341,#8342);
#8341 = CARTESIAN_POINT('',(140.97859,-139.391201,0.));
#8342 = VECTOR('',#8343,1.);
#8343 = DIRECTION('',(-0.865426202976,0.50103641305,0.));
#8344 = ORIENTED_EDGE('',*,*,#8345,.F.);
#8345 = EDGE_CURVE('',#8346,#8338,#8348,.T.);
#8346 = VERTEX_POINT('',#8347);
#8347 = CARTESIAN_POINT('',(142.654285,-140.36134,0.));
#8348 = LINE('',#8349,#8350);
#8349 = CARTESIAN_POINT('',(142.654285,-140.36134,0.));
#8350 = VECTOR('',#8351,1.);
#8351 = DIRECTION('',(-0.865426332627,0.501036189108,0.));
#8352 = ORIENTED_EDGE('',*,*,#8353,.F.);
#8353 = EDGE_CURVE('',#8354,#8346,#8356,.T.);
#8354 = VERTEX_POINT('',#8355);
#8355 = CARTESIAN_POINT('',(144.329979,-141.331479,0.));
#8356 = LINE('',#8357,#8358);
#8357 = CARTESIAN_POINT('',(144.329979,-141.331479,0.));
#8358 = VECTOR('',#8359,1.);
#8359 = DIRECTION('',(-0.865426202976,0.50103641305,0.));
#8360 = ORIENTED_EDGE('',*,*,#8361,.F.);
#8361 = EDGE_CURVE('',#8362,#8354,#8364,.T.);
#8362 = VERTEX_POINT('',#8363);
#8363 = CARTESIAN_POINT('',(146.005674,-142.301617,0.));
#8364 = LINE('',#8365,#8366);
#8365 = CARTESIAN_POINT('',(146.005674,-142.301617,0.));
#8366 = VECTOR('',#8367,1.);
#8367 = DIRECTION('',(-0.865426556568,0.5010358023,0.));
#8368 = ORIENTED_EDGE('',*,*,#8369,.F.);
#8369 = EDGE_CURVE('',#8370,#8362,#8372,.T.);
#8370 = VERTEX_POINT('',#8371);
#8371 = CARTESIAN_POINT('',(147.681368,-143.271756,0.));
#8372 = LINE('',#8373,#8374);
#8373 = CARTESIAN_POINT('',(147.681368,-143.271756,0.));
#8374 = VECTOR('',#8375,1.);
#8375 = DIRECTION('',(-0.865426202976,0.50103641305,0.));
#8376 = ORIENTED_EDGE('',*,*,#8377,.F.);
#8377 = EDGE_CURVE('',#8378,#8370,#8380,.T.);
#8378 = VERTEX_POINT('',#8379);
#8379 = CARTESIAN_POINT('',(147.849262,-143.357278,0.));
#8380 = LINE('',#8381,#8382);
#8381 = CARTESIAN_POINT('',(147.849262,-143.357278,0.));
#8382 = VECTOR('',#8383,1.);
#8383 = DIRECTION('',(-0.891058613038,0.453888255115,0.));
#8384 = ORIENTED_EDGE('',*,*,#8385,.F.);
#8385 = EDGE_CURVE('',#8386,#8378,#8388,.T.);
#8386 = VERTEX_POINT('',#8387);
#8387 = CARTESIAN_POINT('',(148.00792,-143.404468,0.));
#8388 = LINE('',#8389,#8390);
#8389 = CARTESIAN_POINT('',(148.00792,-143.404468,0.));
#8390 = VECTOR('',#8391,1.);
#8391 = DIRECTION('',(-0.958501025539,0.285089080886,0.));
#8392 = ORIENTED_EDGE('',*,*,#8393,.F.);
#8393 = EDGE_CURVE('',#8394,#8386,#8396,.T.);
#8394 = VERTEX_POINT('',#8395);
#8395 = CARTESIAN_POINT('',(148.156874,-143.413974,0.));
#8396 = LINE('',#8397,#8398);
#8397 = CARTESIAN_POINT('',(148.156874,-143.413974,0.));
#8398 = VECTOR('',#8399,1.);
#8399 = DIRECTION('',(-0.99796980776,6.368879649127E-02,0.));
#8400 = ORIENTED_EDGE('',*,*,#8401,.F.);
#8401 = EDGE_CURVE('',#8402,#8394,#8404,.T.);
#8402 = VERTEX_POINT('',#8403);
#8403 = CARTESIAN_POINT('',(148.295656,-143.386445,0.));
#8404 = LINE('',#8405,#8406);
#8405 = CARTESIAN_POINT('',(148.295656,-143.386445,0.));
#8406 = VECTOR('',#8407,1.);
#8407 = DIRECTION('',(-0.98088853984,-0.194570481858,0.));
#8408 = ORIENTED_EDGE('',*,*,#8409,.F.);
#8409 = EDGE_CURVE('',#8410,#8402,#8412,.T.);
#8410 = VERTEX_POINT('',#8411);
#8411 = CARTESIAN_POINT('',(148.423798,-143.322532,0.));
#8412 = LINE('',#8413,#8414);
#8413 = CARTESIAN_POINT('',(148.423798,-143.322532,0.));
#8414 = VECTOR('',#8415,1.);
#8415 = DIRECTION('',(-0.894868106937,-0.44633067471,0.));
#8416 = ORIENTED_EDGE('',*,*,#8417,.F.);
#8417 = EDGE_CURVE('',#8418,#8410,#8420,.T.);
#8418 = VERTEX_POINT('',#8419);
#8419 = CARTESIAN_POINT('',(148.540831,-143.222884,0.));
#8420 = LINE('',#8421,#8422);
#8421 = CARTESIAN_POINT('',(148.540831,-143.222884,0.));
#8422 = VECTOR('',#8423,1.);
#8423 = DIRECTION('',(-0.761393438215,-0.648290083406,0.));
#8424 = ORIENTED_EDGE('',*,*,#8425,.F.);
#8425 = EDGE_CURVE('',#8426,#8418,#8428,.T.);
#8426 = VERTEX_POINT('',#8427);
#8427 = CARTESIAN_POINT('',(148.646289,-143.08815,0.));
#8428 = LINE('',#8429,#8430);
#8429 = CARTESIAN_POINT('',(148.646289,-143.08815,0.));
#8430 = VECTOR('',#8431,1.);
#8431 = DIRECTION('',(-0.616359004869,-0.787465286294,0.));
#8432 = ORIENTED_EDGE('',*,*,#8433,.F.);
#8433 = EDGE_CURVE('',#8434,#8426,#8436,.T.);
#8434 = VERTEX_POINT('',#8435);
#8435 = CARTESIAN_POINT('',(148.739701,-142.918979,0.));
#8436 = LINE('',#8437,#8438);
#8437 = CARTESIAN_POINT('',(148.739701,-142.918979,0.));
#8438 = VECTOR('',#8439,1.);
#8439 = DIRECTION('',(-0.48337990953,-0.875410682516,0.));
#8440 = ORIENTED_EDGE('',*,*,#8441,.F.);
#8441 = EDGE_CURVE('',#8442,#8434,#8444,.T.);
#8442 = VERTEX_POINT('',#8443);
#8443 = CARTESIAN_POINT('',(150.415396,-140.052659,0.));
#8444 = LINE('',#8445,#8446);
#8445 = CARTESIAN_POINT('',(150.415396,-140.052659,0.));
#8446 = VECTOR('',#8447,1.);
#8447 = DIRECTION('',(-0.504696639132,-0.863296763836,0.));
#8448 = ORIENTED_EDGE('',*,*,#8449,.F.);
#8449 = EDGE_CURVE('',#8450,#8442,#8452,.T.);
#8450 = VERTEX_POINT('',#8451);
#8451 = CARTESIAN_POINT('',(152.09109,-137.18634,0.));
#8452 = LINE('',#8453,#8454);
#8453 = CARTESIAN_POINT('',(152.09109,-137.18634,0.));
#8454 = VECTOR('',#8455,1.);
#8455 = DIRECTION('',(-0.504696545891,-0.863296818346,0.));
#8456 = ORIENTED_EDGE('',*,*,#8457,.F.);
#8457 = EDGE_CURVE('',#8458,#8450,#8460,.T.);
#8458 = VERTEX_POINT('',#8459);
#8459 = CARTESIAN_POINT('',(153.766785,-134.32002,0.));
#8460 = LINE('',#8461,#8462);
#8461 = CARTESIAN_POINT('',(153.766785,-134.32002,0.));
#8462 = VECTOR('',#8463,1.);
#8463 = DIRECTION('',(-0.504696639132,-0.863296763836,0.));
#8464 = ORIENTED_EDGE('',*,*,#8465,.F.);
#8465 = EDGE_CURVE('',#8466,#8458,#8468,.T.);
#8466 = VERTEX_POINT('',#8467);
#8467 = CARTESIAN_POINT('',(155.442479,-131.453701,0.));
#8468 = LINE('',#8469,#8470);
#8469 = CARTESIAN_POINT('',(155.442479,-131.453701,0.));
#8470 = VECTOR('',#8471,1.);
#8471 = DIRECTION('',(-0.504696545891,-0.863296818346,0.));
#8472 = ORIENTED_EDGE('',*,*,#8473,.F.);
#8473 = EDGE_CURVE('',#8474,#8466,#8476,.T.);
#8474 = VERTEX_POINT('',#8475);
#8475 = CARTESIAN_POINT('',(157.118174,-128.587381,0.));
#8476 = LINE('',#8477,#8478);
#8477 = CARTESIAN_POINT('',(157.118174,-128.587381,0.));
#8478 = VECTOR('',#8479,1.);
#8479 = DIRECTION('',(-0.504696639132,-0.863296763836,0.));
#8480 = ORIENTED_EDGE('',*,*,#8481,.F.);
#8481 = EDGE_CURVE('',#8482,#8474,#8484,.T.);
#8482 = VERTEX_POINT('',#8483);
#8483 = CARTESIAN_POINT('',(158.793868,-125.721062,0.));
#8484 = LINE('',#8485,#8486);
#8485 = CARTESIAN_POINT('',(158.793868,-125.721062,0.));
#8486 = VECTOR('',#8487,1.);
#8487 = DIRECTION('',(-0.504696545891,-0.863296818346,0.));
#8488 = ORIENTED_EDGE('',*,*,#8489,.F.);
#8489 = EDGE_CURVE('',#8490,#8482,#8492,.T.);
#8490 = VERTEX_POINT('',#8491);
#8491 = CARTESIAN_POINT('',(160.469563,-122.854742,0.));
#8492 = LINE('',#8493,#8494);
#8493 = CARTESIAN_POINT('',(160.469563,-122.854742,0.));
#8494 = VECTOR('',#8495,1.);
#8495 = DIRECTION('',(-0.504696639132,-0.863296763836,0.));
#8496 = ORIENTED_EDGE('',*,*,#8497,.F.);
#8497 = EDGE_CURVE('',#8498,#8490,#8500,.T.);
#8498 = VERTEX_POINT('',#8499);
#8499 = CARTESIAN_POINT('',(162.144793,-119.98954,0.));
#8500 = LINE('',#8501,#8502);
#8501 = CARTESIAN_POINT('',(162.144793,-119.98954,0.));
#8502 = VECTOR('',#8503,1.);
#8503 = DIRECTION('',(-0.504738988633,-0.863272004268,0.));
#8504 = ORIENTED_EDGE('',*,*,#8505,.F.);
#8505 = EDGE_CURVE('',#8506,#8498,#8508,.T.);
#8506 = VERTEX_POINT('',#8507);
#8507 = CARTESIAN_POINT('',(163.846368,-116.318073,0.));
#8508 = LINE('',#8509,#8510);
#8509 = CARTESIAN_POINT('',(163.846368,-116.318073,0.));
#8510 = VECTOR('',#8511,1.);
#8511 = DIRECTION('',(-0.42049426632,-0.907295195618,0.));
#8512 = ORIENTED_EDGE('',*,*,#8513,.F.);
#8513 = EDGE_CURVE('',#8514,#8506,#8516,.T.);
#8514 = VERTEX_POINT('',#8515);
#8515 = CARTESIAN_POINT('',(165.275021,-112.53067,0.));
#8516 = LINE('',#8517,#8518);
#8517 = CARTESIAN_POINT('',(165.275021,-112.53067,0.));
#8518 = VECTOR('',#8519,1.);
#8519 = DIRECTION('',(-0.35293708487,-0.935647056386,0.));
#8520 = ORIENTED_EDGE('',*,*,#8521,.F.);
#8521 = EDGE_CURVE('',#8522,#8514,#8524,.T.);
#8522 = VERTEX_POINT('',#8523);
#8523 = CARTESIAN_POINT('',(166.450122,-108.649127,0.));
#8524 = LINE('',#8525,#8526);
#8525 = CARTESIAN_POINT('',(166.450122,-108.649127,0.));
#8526 = VECTOR('',#8527,1.);
#8527 = DIRECTION('',(-0.28975350748,-0.957101303365,0.));
#8528 = ORIENTED_EDGE('',*,*,#8529,.F.);
#8529 = EDGE_CURVE('',#8530,#8522,#8532,.T.);
#8530 = VERTEX_POINT('',#8531);
#8531 = CARTESIAN_POINT('',(167.391043,-104.695246,0.));
#8532 = LINE('',#8533,#8534);
#8533 = CARTESIAN_POINT('',(167.391043,-104.695246,0.));
#8534 = VECTOR('',#8535,1.);
#8535 = DIRECTION('',(-0.231508937496,-0.972832776925,0.));
#8536 = ORIENTED_EDGE('',*,*,#8537,.F.);
#8537 = EDGE_CURVE('',#8538,#8530,#8540,.T.);
#8538 = VERTEX_POINT('',#8539);
#8539 = CARTESIAN_POINT('',(168.117154,-100.690825,0.));
#8540 = LINE('',#8541,#8542);
#8541 = CARTESIAN_POINT('',(168.117154,-100.690825,0.));
#8542 = VECTOR('',#8543,1.);
#8543 = DIRECTION('',(-0.178417904815,-0.983954801422,0.));
#8544 = ORIENTED_EDGE('',*,*,#8545,.F.);
#8545 = EDGE_CURVE('',#8546,#8538,#8548,.T.);
#8546 = VERTEX_POINT('',#8547);
#8547 = CARTESIAN_POINT('',(168.647829,-96.657663,0.));
#8548 = LINE('',#8549,#8550);
#8549 = CARTESIAN_POINT('',(168.647829,-96.657663,0.));
#8550 = VECTOR('',#8551,1.);
#8551 = DIRECTION('',(-0.130453495131,-0.991454429416,0.));
#8552 = ORIENTED_EDGE('',*,*,#8553,.F.);
#8553 = EDGE_CURVE('',#8554,#8546,#8556,.T.);
#8554 = VERTEX_POINT('',#8555);
#8555 = CARTESIAN_POINT('',(169.002436,-92.617561,0.));
#8556 = LINE('',#8557,#8558);
#8557 = CARTESIAN_POINT('',(169.002436,-92.617561,0.));
#8558 = VECTOR('',#8559,1.);
#8559 = DIRECTION('',(-8.743564286453E-02,-0.996170170381,0.));
#8560 = ORIENTED_EDGE('',*,*,#8561,.F.);
#8561 = EDGE_CURVE('',#8562,#8554,#8564,.T.);
#8562 = VERTEX_POINT('',#8563);
#8563 = CARTESIAN_POINT('',(169.200598,-88.592229,0.));
#8564 = LINE('',#8565,#8566);
#8565 = CARTESIAN_POINT('',(169.200598,-88.592229,0.));
#8566 = VECTOR('',#8567,1.);
#8567 = DIRECTION('',(-4.916919049169E-02,-0.998790463864,0.));
#8568 = ORIENTED_EDGE('',*,*,#8569,.F.);
#8569 = EDGE_CURVE('',#8570,#8562,#8572,.T.);
#8570 = VERTEX_POINT('',#8571);
#8571 = CARTESIAN_POINT('',(169.200598,-82.285296,0.));
#8572 = LINE('',#8573,#8574);
#8573 = CARTESIAN_POINT('',(169.200598,-82.285296,0.));
#8574 = VECTOR('',#8575,1.);
#8575 = DIRECTION('',(0.,-1.,0.));
#8576 = ORIENTED_EDGE('',*,*,#8577,.F.);
#8577 = EDGE_CURVE('',#8578,#8570,#8580,.T.);
#8578 = VERTEX_POINT('',#8579);
#8579 = CARTESIAN_POINT('',(169.200598,-75.978362,0.));
#8580 = LINE('',#8581,#8582);
#8581 = CARTESIAN_POINT('',(169.200598,-75.978362,0.));
#8582 = VECTOR('',#8583,1.);
#8583 = DIRECTION('',(0.,-1.,0.));
#8584 = ORIENTED_EDGE('',*,*,#8585,.F.);
#8585 = EDGE_CURVE('',#8586,#8578,#8588,.T.);
#8586 = VERTEX_POINT('',#8587);
#8587 = CARTESIAN_POINT('',(169.200598,-69.671429,0.));
#8588 = LINE('',#8589,#8590);
#8589 = CARTESIAN_POINT('',(169.200598,-69.671429,0.));
#8590 = VECTOR('',#8591,1.);
#8591 = DIRECTION('',(0.,-1.,0.));
#8592 = ORIENTED_EDGE('',*,*,#8593,.F.);
#8593 = EDGE_CURVE('',#8594,#8586,#8596,.T.);
#8594 = VERTEX_POINT('',#8595);
#8595 = CARTESIAN_POINT('',(169.200598,-63.364495,0.));
#8596 = LINE('',#8597,#8598);
#8597 = CARTESIAN_POINT('',(169.200598,-63.364495,0.));
#8598 = VECTOR('',#8599,1.);
#8599 = DIRECTION('',(0.,-1.,0.));
#8600 = ORIENTED_EDGE('',*,*,#8601,.F.);
#8601 = EDGE_CURVE('',#8602,#8594,#8604,.T.);
#8602 = VERTEX_POINT('',#8603);
#8603 = CARTESIAN_POINT('',(169.200598,-57.057562,0.));
#8604 = LINE('',#8605,#8606);
#8605 = CARTESIAN_POINT('',(169.200598,-57.057562,0.));
#8606 = VECTOR('',#8607,1.);
#8607 = DIRECTION('',(0.,-1.,0.));
#8608 = ORIENTED_EDGE('',*,*,#8609,.F.);
#8609 = EDGE_CURVE('',#8610,#8602,#8612,.T.);
#8610 = VERTEX_POINT('',#8611);
#8611 = CARTESIAN_POINT('',(169.200598,-50.750629,0.));
#8612 = LINE('',#8613,#8614);
#8613 = CARTESIAN_POINT('',(169.200598,-50.750629,0.));
#8614 = VECTOR('',#8615,1.);
#8615 = DIRECTION('',(0.,-1.,0.));
#8616 = ORIENTED_EDGE('',*,*,#8617,.F.);
#8617 = EDGE_CURVE('',#8618,#8610,#8620,.T.);
#8618 = VERTEX_POINT('',#8619);
#8619 = CARTESIAN_POINT('',(169.200598,-44.443695,0.));
#8620 = LINE('',#8621,#8622);
#8621 = CARTESIAN_POINT('',(169.200598,-44.443695,0.));
#8622 = VECTOR('',#8623,1.);
#8623 = DIRECTION('',(0.,-1.,0.));
#8624 = ORIENTED_EDGE('',*,*,#8625,.F.);
#8625 = EDGE_CURVE('',#8626,#8618,#8628,.T.);
#8626 = VERTEX_POINT('',#8627);
#8627 = CARTESIAN_POINT('',(169.199916,-38.136762,0.));
#8628 = LINE('',#8629,#8630);
#8629 = CARTESIAN_POINT('',(169.199916,-38.136762,0.));
#8630 = VECTOR('',#8631,1.);
#8631 = DIRECTION('',(1.081349676657E-04,-0.999999994153,0.));
#8632 = ORIENTED_EDGE('',*,*,#8633,.F.);
#8633 = EDGE_CURVE('',#8634,#8626,#8636,.T.);
#8634 = VERTEX_POINT('',#8635);
#8635 = CARTESIAN_POINT('',(169.178603,-37.925015,0.));
#8636 = LINE('',#8637,#8638);
#8637 = CARTESIAN_POINT('',(169.178603,-37.925015,0.));
#8638 = VECTOR('',#8639,1.);
#8639 = DIRECTION('',(0.1001471184,-0.994972640165,0.));
#8640 = ORIENTED_EDGE('',*,*,#8641,.F.);
#8641 = EDGE_CURVE('',#8642,#8634,#8644,.T.);
#8642 = VERTEX_POINT('',#8643);
#8643 = CARTESIAN_POINT('',(169.117469,-37.727855,0.));
#8644 = LINE('',#8645,#8646);
#8645 = CARTESIAN_POINT('',(169.117469,-37.727855,0.));
#8646 = VECTOR('',#8647,1.);
#8647 = DIRECTION('',(0.296162414747,-0.955137594324,0.));
#8648 = ORIENTED_EDGE('',*,*,#8649,.F.);
#8649 = EDGE_CURVE('',#8650,#8642,#8652,.T.);
#8650 = VERTEX_POINT('',#8651);
#8651 = CARTESIAN_POINT('',(169.020717,-37.549489,0.));
#8652 = LINE('',#8653,#8654);
#8653 = CARTESIAN_POINT('',(169.020717,-37.549489,0.));
#8654 = VECTOR('',#8655,1.);
#8655 = DIRECTION('',(0.476805378986,-0.879008891064,0.));
#8656 = ORIENTED_EDGE('',*,*,#8657,.F.);
#8657 = EDGE_CURVE('',#8658,#8650,#8660,.T.);
#8658 = VERTEX_POINT('',#8659);
#8659 = CARTESIAN_POINT('',(168.892556,-37.394123,0.));
#8660 = LINE('',#8661,#8662);
#8661 = CARTESIAN_POINT('',(168.892556,-37.394123,0.));
#8662 = VECTOR('',#8663,1.);
#8663 = DIRECTION('',(0.636335831972,-0.77141215245,0.));
#8664 = ORIENTED_EDGE('',*,*,#8665,.F.);
#8665 = EDGE_CURVE('',#7714,#8658,#8666,.T.);
#8666 = LINE('',#8667,#8668);
#8667 = CARTESIAN_POINT('',(168.737189,-37.265961,0.));
#8668 = VECTOR('',#8669,1.);
#8669 = DIRECTION('',(0.771411725681,-0.636336349332,0.));
#8670 = ORIENTED_EDGE('',*,*,#7721,.F.);
#8671 = FACE_BOUND('',#8672,.F.);
#8672 = EDGE_LOOP('',(#8673));
#8673 = ORIENTED_EDGE('',*,*,#8674,.T.);
#8674 = EDGE_CURVE('',#8675,#8675,#8677,.T.);
#8675 = VERTEX_POINT('',#8676);
#8676 = CARTESIAN_POINT('',(38.9881,-118.25,0.));
#8677 = CIRCLE('',#8678,1.5);
#8678 = AXIS2_PLACEMENT_3D('',#8679,#8680,#8681);
#8679 = CARTESIAN_POINT('',(38.9881,-116.75,0.));
#8680 = DIRECTION('',(-0.,0.,-1.));
#8681 = DIRECTION('',(-0.,-1.,0.));
#8682 = FACE_BOUND('',#8683,.F.);
#8683 = EDGE_LOOP('',(#8684));
#8684 = ORIENTED_EDGE('',*,*,#8685,.T.);
#8685 = EDGE_CURVE('',#8686,#8686,#8688,.T.);
#8686 = VERTEX_POINT('',#8687);
#8687 = CARTESIAN_POINT('',(31.9881,-117.2,0.));
#8688 = CIRCLE('',#8689,1.5);
#8689 = AXIS2_PLACEMENT_3D('',#8690,#8691,#8692);
#8690 = CARTESIAN_POINT('',(31.9881,-115.7,0.));
#8691 = DIRECTION('',(-0.,0.,-1.));
#8692 = DIRECTION('',(-2.368475785867E-15,-1.,0.));
#8693 = FACE_BOUND('',#8694,.F.);
#8694 = EDGE_LOOP('',(#8695));
#8695 = ORIENTED_EDGE('',*,*,#8696,.T.);
#8696 = EDGE_CURVE('',#8697,#8697,#8699,.T.);
#8697 = VERTEX_POINT('',#8698);
#8698 = CARTESIAN_POINT('',(36.3881,-113.625,0.));
#8699 = CIRCLE('',#8700,2.625);
#8700 = AXIS2_PLACEMENT_3D('',#8701,#8702,#8703);
#8701 = CARTESIAN_POINT('',(36.3881,-111.,0.));
#8702 = DIRECTION('',(-0.,0.,-1.));
#8703 = DIRECTION('',(-0.,-1.,0.));
#8704 = FACE_BOUND('',#8705,.F.);
#8705 = EDGE_LOOP('',(#8706));
#8706 = ORIENTED_EDGE('',*,*,#8707,.T.);
#8707 = EDGE_CURVE('',#8708,#8708,#8710,.T.);
#8708 = VERTEX_POINT('',#8709);
#8709 = CARTESIAN_POINT('',(51.0381,-115.7,0.));
#8710 = CIRCLE('',#8711,1.5);
#8711 = AXIS2_PLACEMENT_3D('',#8712,#8713,#8714);
#8712 = CARTESIAN_POINT('',(51.0381,-114.2,0.));
#8713 = DIRECTION('',(-0.,0.,-1.));
#8714 = DIRECTION('',(-0.,-1.,0.));
#8715 = FACE_BOUND('',#8716,.F.);
#8716 = EDGE_LOOP('',(#8717));
#8717 = ORIENTED_EDGE('',*,*,#8718,.T.);
#8718 = EDGE_CURVE('',#8719,#8719,#8721,.T.);
#8719 = VERTEX_POINT('',#8720);
#8720 = CARTESIAN_POINT('',(58.0381,-116.75,0.));
#8721 = CIRCLE('',#8722,1.5);
#8722 = AXIS2_PLACEMENT_3D('',#8723,#8724,#8725);
#8723 = CARTESIAN_POINT('',(58.0381,-115.25,0.));
#8724 = DIRECTION('',(-0.,0.,-1.));
#8725 = DIRECTION('',(-0.,-1.,0.));
#8726 = FACE_BOUND('',#8727,.F.);
#8727 = EDGE_LOOP('',(#8728));
#8728 = ORIENTED_EDGE('',*,*,#8729,.T.);
#8729 = EDGE_CURVE('',#8730,#8730,#8732,.T.);
#8730 = VERTEX_POINT('',#8731);
#8731 = CARTESIAN_POINT('',(79.6381,-129.95,0.));
#8732 = CIRCLE('',#8733,1.5);
#8733 = AXIS2_PLACEMENT_3D('',#8734,#8735,#8736);
#8734 = CARTESIAN_POINT('',(79.6381,-128.45,0.));
#8735 = DIRECTION('',(-0.,0.,-1.));
#8736 = DIRECTION('',(-0.,-1.,0.));
#8737 = FACE_BOUND('',#8738,.F.);
#8738 = EDGE_LOOP('',(#8739));
#8739 = ORIENTED_EDGE('',*,*,#8740,.T.);
#8740 = EDGE_CURVE('',#8741,#8741,#8743,.T.);
#8741 = VERTEX_POINT('',#8742);
#8742 = CARTESIAN_POINT('',(86.6381,-131.,0.));
#8743 = CIRCLE('',#8744,1.5);
#8744 = AXIS2_PLACEMENT_3D('',#8745,#8746,#8747);
#8745 = CARTESIAN_POINT('',(86.6381,-129.5,0.));
#8746 = DIRECTION('',(-0.,0.,-1.));
#8747 = DIRECTION('',(-0.,-1.,0.));
#8748 = FACE_BOUND('',#8749,.F.);
#8749 = EDGE_LOOP('',(#8750));
#8750 = ORIENTED_EDGE('',*,*,#8751,.T.);
#8751 = EDGE_CURVE('',#8752,#8752,#8754,.T.);
#8752 = VERTEX_POINT('',#8753);
#8753 = CARTESIAN_POINT('',(84.0381,-126.375,0.));
#8754 = CIRCLE('',#8755,2.625);
#8755 = AXIS2_PLACEMENT_3D('',#8756,#8757,#8758);
#8756 = CARTESIAN_POINT('',(84.0381,-123.75,0.));
#8757 = DIRECTION('',(-0.,0.,-1.));
#8758 = DIRECTION('',(-0.,-1.,0.));
#8759 = FACE_BOUND('',#8760,.F.);
#8760 = EDGE_LOOP('',(#8761));
#8761 = ORIENTED_EDGE('',*,*,#8762,.T.);
#8762 = EDGE_CURVE('',#8763,#8763,#8765,.T.);
#8763 = VERTEX_POINT('',#8764);
#8764 = CARTESIAN_POINT('',(98.7381,-129.95,0.));
#8765 = CIRCLE('',#8766,1.5);
#8766 = AXIS2_PLACEMENT_3D('',#8767,#8768,#8769);
#8767 = CARTESIAN_POINT('',(98.7381,-128.45,0.));
#8768 = DIRECTION('',(-0.,0.,-1.));
#8769 = DIRECTION('',(-0.,-1.,0.));
#8770 = FACE_BOUND('',#8771,.F.);
#8771 = EDGE_LOOP('',(#8772));
#8772 = ORIENTED_EDGE('',*,*,#8773,.T.);
#8773 = EDGE_CURVE('',#8774,#8774,#8776,.T.);
#8774 = VERTEX_POINT('',#8775);
#8775 = CARTESIAN_POINT('',(46.3381,-102.35,0.));
#8776 = CIRCLE('',#8777,2.35);
#8777 = AXIS2_PLACEMENT_3D('',#8778,#8779,#8780);
#8778 = CARTESIAN_POINT('',(46.3381,-100.,0.));
#8779 = DIRECTION('',(-0.,0.,-1.));
#8780 = DIRECTION('',(-0.,-1.,0.));
#8781 = FACE_BOUND('',#8782,.F.);
#8782 = EDGE_LOOP('',(#8783));
#8783 = ORIENTED_EDGE('',*,*,#8784,.T.);
#8784 = EDGE_CURVE('',#8785,#8785,#8787,.T.);
#8785 = VERTEX_POINT('',#8786);
#8786 = CARTESIAN_POINT('',(55.4381,-112.125,0.));
#8787 = CIRCLE('',#8788,2.625);
#8788 = AXIS2_PLACEMENT_3D('',#8789,#8790,#8791);
#8789 = CARTESIAN_POINT('',(55.4381,-109.5,0.));
#8790 = DIRECTION('',(-0.,0.,-1.));
#8791 = DIRECTION('',(-0.,-1.,0.));
#8792 = FACE_BOUND('',#8793,.F.);
#8793 = EDGE_LOOP('',(#8794));
#8794 = ORIENTED_EDGE('',*,*,#8795,.T.);
#8795 = EDGE_CURVE('',#8796,#8796,#8798,.T.);
#8796 = VERTEX_POINT('',#8797);
#8797 = CARTESIAN_POINT('',(32.0381,-98.2,0.));
#8798 = CIRCLE('',#8799,1.5);
#8799 = AXIS2_PLACEMENT_3D('',#8800,#8801,#8802);
#8800 = CARTESIAN_POINT('',(32.0381,-96.7,0.));
#8801 = DIRECTION('',(-0.,0.,-1.));
#8802 = DIRECTION('',(-0.,-1.,0.));
#8803 = FACE_BOUND('',#8804,.F.);
#8804 = EDGE_LOOP('',(#8805));
#8805 = ORIENTED_EDGE('',*,*,#8806,.T.);
#8806 = EDGE_CURVE('',#8807,#8807,#8809,.T.);
#8807 = VERTEX_POINT('',#8808);
#8808 = CARTESIAN_POINT('',(39.0381,-99.25,0.));
#8809 = CIRCLE('',#8810,1.5);
#8810 = AXIS2_PLACEMENT_3D('',#8811,#8812,#8813);
#8811 = CARTESIAN_POINT('',(39.0381,-97.75,0.));
#8812 = DIRECTION('',(-0.,0.,-1.));
#8813 = DIRECTION('',(-0.,-1.,0.));
#8814 = FACE_BOUND('',#8815,.F.);
#8815 = EDGE_LOOP('',(#8816));
#8816 = ORIENTED_EDGE('',*,*,#8817,.T.);
#8817 = EDGE_CURVE('',#8818,#8818,#8820,.T.);
#8818 = VERTEX_POINT('',#8819);
#8819 = CARTESIAN_POINT('',(36.4381,-94.625,0.));
#8820 = CIRCLE('',#8821,2.625);
#8821 = AXIS2_PLACEMENT_3D('',#8822,#8823,#8824);
#8822 = CARTESIAN_POINT('',(36.4381,-92.,0.));
#8823 = DIRECTION('',(-0.,0.,-1.));
#8824 = DIRECTION('',(-0.,-1.,0.));
#8825 = FACE_BOUND('',#8826,.F.);
#8826 = EDGE_LOOP('',(#8827));
#8827 = ORIENTED_EDGE('',*,*,#8828,.T.);
#8828 = EDGE_CURVE('',#8829,#8829,#8831,.T.);
#8829 = VERTEX_POINT('',#8830);
#8830 = CARTESIAN_POINT('',(51.0381,-96.7,0.));
#8831 = CIRCLE('',#8832,1.5);
#8832 = AXIS2_PLACEMENT_3D('',#8833,#8834,#8835);
#8833 = CARTESIAN_POINT('',(51.0381,-95.2,0.));
#8834 = DIRECTION('',(-0.,0.,-1.));
#8835 = DIRECTION('',(-0.,-1.,0.));
#8836 = FACE_BOUND('',#8837,.F.);
#8837 = EDGE_LOOP('',(#8838));
#8838 = ORIENTED_EDGE('',*,*,#8839,.T.);
#8839 = EDGE_CURVE('',#8840,#8840,#8842,.T.);
#8840 = VERTEX_POINT('',#8841);
#8841 = CARTESIAN_POINT('',(58.0381,-97.75,0.));
#8842 = CIRCLE('',#8843,1.5);
#8843 = AXIS2_PLACEMENT_3D('',#8844,#8845,#8846);
#8844 = CARTESIAN_POINT('',(58.0381,-96.25,0.));
#8845 = DIRECTION('',(-0.,0.,-1.));
#8846 = DIRECTION('',(-0.,-1.,0.));
#8847 = FACE_BOUND('',#8848,.F.);
#8848 = EDGE_LOOP('',(#8849));
#8849 = ORIENTED_EDGE('',*,*,#8850,.T.);
#8850 = EDGE_CURVE('',#8851,#8851,#8853,.T.);
#8851 = VERTEX_POINT('',#8852);
#8852 = CARTESIAN_POINT('',(55.4381,-93.125,0.));
#8853 = CIRCLE('',#8854,2.625);
#8854 = AXIS2_PLACEMENT_3D('',#8855,#8856,#8857);
#8855 = CARTESIAN_POINT('',(55.4381,-90.5,0.));
#8856 = DIRECTION('',(-0.,0.,-1.));
#8857 = DIRECTION('',(-0.,-1.,0.));
#8858 = FACE_BOUND('',#8859,.F.);
#8859 = EDGE_LOOP('',(#8860));
#8860 = ORIENTED_EDGE('',*,*,#8861,.T.);
#8861 = EDGE_CURVE('',#8862,#8862,#8864,.T.);
#8862 = VERTEX_POINT('',#8863);
#8863 = CARTESIAN_POINT('',(70.1381,-111.,0.));
#8864 = CIRCLE('',#8865,1.5);
#8865 = AXIS2_PLACEMENT_3D('',#8866,#8867,#8868);
#8866 = CARTESIAN_POINT('',(70.1381,-109.5,0.));
#8867 = DIRECTION('',(-0.,0.,-1.));
#8868 = DIRECTION('',(-0.,-1.,0.));
#8869 = FACE_BOUND('',#8870,.F.);
#8870 = EDGE_LOOP('',(#8871));
#8871 = ORIENTED_EDGE('',*,*,#8872,.T.);
#8872 = EDGE_CURVE('',#8873,#8873,#8875,.T.);
#8873 = VERTEX_POINT('',#8874);
#8874 = CARTESIAN_POINT('',(77.1381,-112.05,0.));
#8875 = CIRCLE('',#8876,1.5);
#8876 = AXIS2_PLACEMENT_3D('',#8877,#8878,#8879);
#8877 = CARTESIAN_POINT('',(77.1381,-110.55,0.));
#8878 = DIRECTION('',(-0.,0.,-1.));
#8879 = DIRECTION('',(-0.,-1.,0.));
#8880 = FACE_BOUND('',#8881,.F.);
#8881 = EDGE_LOOP('',(#8882));
#8882 = ORIENTED_EDGE('',*,*,#8883,.T.);
#8883 = EDGE_CURVE('',#8884,#8884,#8886,.T.);
#8884 = VERTEX_POINT('',#8885);
#8885 = CARTESIAN_POINT('',(74.5381,-107.425,0.));
#8886 = CIRCLE('',#8887,2.625);
#8887 = AXIS2_PLACEMENT_3D('',#8888,#8889,#8890);
#8888 = CARTESIAN_POINT('',(74.5381,-104.8,0.));
#8889 = DIRECTION('',(-0.,0.,-1.));
#8890 = DIRECTION('',(-0.,-1.,0.));
#8891 = FACE_BOUND('',#8892,.F.);
#8892 = EDGE_LOOP('',(#8893));
#8893 = ORIENTED_EDGE('',*,*,#8894,.T.);
#8894 = EDGE_CURVE('',#8895,#8895,#8897,.T.);
#8895 = VERTEX_POINT('',#8896);
#8896 = CARTESIAN_POINT('',(89.1381,-109.6,0.));
#8897 = CIRCLE('',#8898,1.5);
#8898 = AXIS2_PLACEMENT_3D('',#8899,#8900,#8901);
#8899 = CARTESIAN_POINT('',(89.1381,-108.1,0.));
#8900 = DIRECTION('',(-0.,0.,-1.));
#8901 = DIRECTION('',(-0.,-1.,0.));
#8902 = FACE_BOUND('',#8903,.F.);
#8903 = EDGE_LOOP('',(#8904));
#8904 = ORIENTED_EDGE('',*,*,#8905,.T.);
#8905 = EDGE_CURVE('',#8906,#8906,#8908,.T.);
#8906 = VERTEX_POINT('',#8907);
#8907 = CARTESIAN_POINT('',(96.1381,-110.65,0.));
#8908 = CIRCLE('',#8909,1.5);
#8909 = AXIS2_PLACEMENT_3D('',#8910,#8911,#8912);
#8910 = CARTESIAN_POINT('',(96.1381,-109.15,0.));
#8911 = DIRECTION('',(-0.,0.,-1.));
#8912 = DIRECTION('',(-0.,-1.,0.));
#8913 = FACE_BOUND('',#8914,.F.);
#8914 = EDGE_LOOP('',(#8915));
#8915 = ORIENTED_EDGE('',*,*,#8916,.T.);
#8916 = EDGE_CURVE('',#8917,#8917,#8919,.T.);
#8917 = VERTEX_POINT('',#8918);
#8918 = CARTESIAN_POINT('',(93.5381,-106.025,0.));
#8919 = CIRCLE('',#8920,2.625);
#8920 = AXIS2_PLACEMENT_3D('',#8921,#8922,#8923);
#8921 = CARTESIAN_POINT('',(93.5381,-103.4,0.));
#8922 = DIRECTION('',(-0.,0.,-1.));
#8923 = DIRECTION('',(-0.,-1.,0.));
#8924 = FACE_BOUND('',#8925,.F.);
#8925 = EDGE_LOOP('',(#8926));
#8926 = ORIENTED_EDGE('',*,*,#8927,.T.);
#8927 = EDGE_CURVE('',#8928,#8928,#8930,.T.);
#8928 = VERTEX_POINT('',#8929);
#8929 = CARTESIAN_POINT('',(70.1381,-91.9,0.));
#8930 = CIRCLE('',#8931,1.5);
#8931 = AXIS2_PLACEMENT_3D('',#8932,#8933,#8934);
#8932 = CARTESIAN_POINT('',(70.1381,-90.4,0.));
#8933 = DIRECTION('',(-0.,0.,-1.));
#8934 = DIRECTION('',(-0.,-1.,0.));
#8935 = FACE_BOUND('',#8936,.F.);
#8936 = EDGE_LOOP('',(#8937));
#8937 = ORIENTED_EDGE('',*,*,#8938,.T.);
#8938 = EDGE_CURVE('',#8939,#8939,#8941,.T.);
#8939 = VERTEX_POINT('',#8940);
#8940 = CARTESIAN_POINT('',(77.1381,-92.95,0.));
#8941 = CIRCLE('',#8942,1.5);
#8942 = AXIS2_PLACEMENT_3D('',#8943,#8944,#8945);
#8943 = CARTESIAN_POINT('',(77.1381,-91.45,0.));
#8944 = DIRECTION('',(-0.,0.,-1.));
#8945 = DIRECTION('',(-0.,-1.,0.));
#8946 = FACE_BOUND('',#8947,.F.);
#8947 = EDGE_LOOP('',(#8948));
#8948 = ORIENTED_EDGE('',*,*,#8949,.T.);
#8949 = EDGE_CURVE('',#8950,#8950,#8952,.T.);
#8950 = VERTEX_POINT('',#8951);
#8951 = CARTESIAN_POINT('',(89.1381,-90.6,0.));
#8952 = CIRCLE('',#8953,1.5);
#8953 = AXIS2_PLACEMENT_3D('',#8954,#8955,#8956);
#8954 = CARTESIAN_POINT('',(89.1381,-89.1,0.));
#8955 = DIRECTION('',(-0.,0.,-1.));
#8956 = DIRECTION('',(-0.,-1.,0.));
#8957 = FACE_BOUND('',#8958,.F.);
#8958 = EDGE_LOOP('',(#8959));
#8959 = ORIENTED_EDGE('',*,*,#8960,.T.);
#8960 = EDGE_CURVE('',#8961,#8961,#8963,.T.);
#8961 = VERTEX_POINT('',#8962);
#8962 = CARTESIAN_POINT('',(96.1381,-91.65,0.));
#8963 = CIRCLE('',#8964,1.5);
#8964 = AXIS2_PLACEMENT_3D('',#8965,#8966,#8967);
#8965 = CARTESIAN_POINT('',(96.1381,-90.15,0.));
#8966 = DIRECTION('',(-0.,0.,-1.));
#8967 = DIRECTION('',(-0.,-1.,0.));
#8968 = FACE_BOUND('',#8969,.F.);
#8969 = EDGE_LOOP('',(#8970));
#8970 = ORIENTED_EDGE('',*,*,#8971,.T.);
#8971 = EDGE_CURVE('',#8972,#8972,#8974,.T.);
#8972 = VERTEX_POINT('',#8973);
#8973 = CARTESIAN_POINT('',(105.7381,-131.,0.));
#8974 = CIRCLE('',#8975,1.5);
#8975 = AXIS2_PLACEMENT_3D('',#8976,#8977,#8978);
#8976 = CARTESIAN_POINT('',(105.7381,-129.5,0.));
#8977 = DIRECTION('',(-0.,0.,-1.));
#8978 = DIRECTION('',(-0.,-1.,0.));
#8979 = FACE_BOUND('',#8980,.F.);
#8980 = EDGE_LOOP('',(#8981));
#8981 = ORIENTED_EDGE('',*,*,#8982,.T.);
#8982 = EDGE_CURVE('',#8983,#8983,#8985,.T.);
#8983 = VERTEX_POINT('',#8984);
#8984 = CARTESIAN_POINT('',(103.1381,-126.375,0.));
#8985 = CIRCLE('',#8986,2.625);
#8986 = AXIS2_PLACEMENT_3D('',#8987,#8988,#8989);
#8987 = CARTESIAN_POINT('',(103.1381,-123.75,0.));
#8988 = DIRECTION('',(-0.,0.,-1.));
#8989 = DIRECTION('',(-0.,-1.,0.));
#8990 = FACE_BOUND('',#8991,.F.);
#8991 = EDGE_LOOP('',(#8992));
#8992 = ORIENTED_EDGE('',*,*,#8993,.T.);
#8993 = EDGE_CURVE('',#8994,#8994,#8996,.T.);
#8994 = VERTEX_POINT('',#8995);
#8995 = CARTESIAN_POINT('',(124.7381,-133.25,0.));
#8996 = CIRCLE('',#8997,1.5);
#8997 = AXIS2_PLACEMENT_3D('',#8998,#8999,#9000);
#8998 = CARTESIAN_POINT('',(124.7381,-131.75,0.));
#8999 = DIRECTION('',(-0.,0.,-1.));
#9000 = DIRECTION('',(-0.,-1.,0.));
#9001 = FACE_BOUND('',#9002,.F.);
#9002 = EDGE_LOOP('',(#9003));
#9003 = ORIENTED_EDGE('',*,*,#9004,.T.);
#9004 = EDGE_CURVE('',#9005,#9005,#9007,.T.);
#9005 = VERTEX_POINT('',#9006);
#9006 = CARTESIAN_POINT('',(117.7381,-132.2,0.));
#9007 = CIRCLE('',#9008,1.5);
#9008 = AXIS2_PLACEMENT_3D('',#9009,#9010,#9011);
#9009 = CARTESIAN_POINT('',(117.7381,-130.7,0.));
#9010 = DIRECTION('',(-0.,0.,-1.));
#9011 = DIRECTION('',(-0.,-1.,0.));
#9012 = FACE_BOUND('',#9013,.F.);
#9013 = EDGE_LOOP('',(#9014));
#9014 = ORIENTED_EDGE('',*,*,#9015,.T.);
#9015 = EDGE_CURVE('',#9016,#9016,#9018,.T.);
#9016 = VERTEX_POINT('',#9017);
#9017 = CARTESIAN_POINT('',(122.1381,-128.625,0.));
#9018 = CIRCLE('',#9019,2.625);
#9019 = AXIS2_PLACEMENT_3D('',#9020,#9021,#9022);
#9020 = CARTESIAN_POINT('',(122.1381,-126.,0.));
#9021 = DIRECTION('',(-0.,0.,-1.));
#9022 = DIRECTION('',(-0.,-1.,0.));
#9023 = FACE_BOUND('',#9024,.F.);
#9024 = EDGE_LOOP('',(#9025));
#9025 = ORIENTED_EDGE('',*,*,#9026,.T.);
#9026 = EDGE_CURVE('',#9027,#9027,#9029,.T.);
#9027 = VERTEX_POINT('',#9028);
#9028 = CARTESIAN_POINT('',(127.2381,-113.3,0.));
#9029 = CIRCLE('',#9030,1.5);
#9030 = AXIS2_PLACEMENT_3D('',#9031,#9032,#9033);
#9031 = CARTESIAN_POINT('',(127.2381,-111.8,0.));
#9032 = DIRECTION('',(-0.,0.,-1.));
#9033 = DIRECTION('',(-0.,-1.,0.));
#9034 = FACE_BOUND('',#9035,.F.);
#9035 = EDGE_LOOP('',(#9036));
#9036 = ORIENTED_EDGE('',*,*,#9037,.T.);
#9037 = EDGE_CURVE('',#9038,#9038,#9040,.T.);
#9038 = VERTEX_POINT('',#9039);
#9039 = CARTESIAN_POINT('',(149.008419,-134.660512,0.));
#9040 = CIRCLE('',#9041,1.5);
#9041 = AXIS2_PLACEMENT_3D('',#9042,#9043,#9044);
#9042 = CARTESIAN_POINT('',(149.008419,-133.160512,0.));
#9043 = DIRECTION('',(-0.,0.,-1.));
#9044 = DIRECTION('',(-0.,-1.,0.));
#9045 = FACE_BOUND('',#9046,.F.);
#9046 = EDGE_LOOP('',(#9047));
#9047 = ORIENTED_EDGE('',*,*,#9048,.T.);
#9048 = EDGE_CURVE('',#9049,#9049,#9051,.T.);
#9049 = VERTEX_POINT('',#9050);
#9050 = CARTESIAN_POINT('',(147.1381,-129.625,0.));
#9051 = CIRCLE('',#9052,2.625);
#9052 = AXIS2_PLACEMENT_3D('',#9053,#9054,#9055);
#9053 = CARTESIAN_POINT('',(147.1381,-127.,0.));
#9054 = DIRECTION('',(-0.,0.,-1.));
#9055 = DIRECTION('',(-0.,-1.,0.));
#9056 = FACE_BOUND('',#9057,.F.);
#9057 = EDGE_LOOP('',(#9058));
#9058 = ORIENTED_EDGE('',*,*,#9059,.T.);
#9059 = EDGE_CURVE('',#9060,#9060,#9062,.T.);
#9060 = VERTEX_POINT('',#9061);
#9061 = CARTESIAN_POINT('',(153.417746,-129.123334,0.));
#9062 = CIRCLE('',#9063,1.5);
#9063 = AXIS2_PLACEMENT_3D('',#9064,#9065,#9066);
#9064 = CARTESIAN_POINT('',(153.417746,-127.623334,0.));
#9065 = DIRECTION('',(-0.,0.,-1.));
#9066 = DIRECTION('',(-0.,-1.,0.));
#9067 = FACE_BOUND('',#9068,.F.);
#9068 = EDGE_LOOP('',(#9069));
#9069 = ORIENTED_EDGE('',*,*,#9070,.T.);
#9070 = EDGE_CURVE('',#9071,#9071,#9073,.T.);
#9071 = VERTEX_POINT('',#9072);
#9072 = CARTESIAN_POINT('',(134.2381,-114.35,0.));
#9073 = CIRCLE('',#9074,1.5);
#9074 = AXIS2_PLACEMENT_3D('',#9075,#9076,#9077);
#9075 = CARTESIAN_POINT('',(134.2381,-112.85,0.));
#9076 = DIRECTION('',(-0.,0.,-1.));
#9077 = DIRECTION('',(-0.,-1.,0.));
#9078 = FACE_BOUND('',#9079,.F.);
#9079 = EDGE_LOOP('',(#9080));
#9080 = ORIENTED_EDGE('',*,*,#9081,.T.);
#9081 = EDGE_CURVE('',#9082,#9082,#9084,.T.);
#9082 = VERTEX_POINT('',#9083);
#9083 = CARTESIAN_POINT('',(147.1381,-117.15,0.));
#9084 = CIRCLE('',#9085,2.35);
#9085 = AXIS2_PLACEMENT_3D('',#9086,#9087,#9088);
#9086 = CARTESIAN_POINT('',(147.1381,-114.8,0.));
#9087 = DIRECTION('',(-0.,0.,-1.));
#9088 = DIRECTION('',(-0.,-1.,0.));
#9089 = FACE_BOUND('',#9090,.F.);
#9090 = EDGE_LOOP('',(#9091));
#9091 = ORIENTED_EDGE('',*,*,#9092,.T.);
#9092 = EDGE_CURVE('',#9093,#9093,#9095,.T.);
#9093 = VERTEX_POINT('',#9094);
#9094 = CARTESIAN_POINT('',(108.2381,-111.,0.));
#9095 = CIRCLE('',#9096,1.5);
#9096 = AXIS2_PLACEMENT_3D('',#9097,#9098,#9099);
#9097 = CARTESIAN_POINT('',(108.2381,-109.5,0.));
#9098 = DIRECTION('',(-0.,0.,-1.));
#9099 = DIRECTION('',(-0.,-1.,0.));
#9100 = FACE_BOUND('',#9101,.F.);
#9101 = EDGE_LOOP('',(#9102));
#9102 = ORIENTED_EDGE('',*,*,#9103,.T.);
#9103 = EDGE_CURVE('',#9104,#9104,#9106,.T.);
#9104 = VERTEX_POINT('',#9105);
#9105 = CARTESIAN_POINT('',(115.2381,-112.05,0.));
#9106 = CIRCLE('',#9107,1.5);
#9107 = AXIS2_PLACEMENT_3D('',#9108,#9109,#9110);
#9108 = CARTESIAN_POINT('',(115.2381,-110.55,0.));
#9109 = DIRECTION('',(-0.,0.,-1.));
#9110 = DIRECTION('',(-0.,-1.,0.));
#9111 = FACE_BOUND('',#9112,.F.);
#9112 = EDGE_LOOP('',(#9113));
#9113 = ORIENTED_EDGE('',*,*,#9114,.T.);
#9114 = EDGE_CURVE('',#9115,#9115,#9117,.T.);
#9115 = VERTEX_POINT('',#9116);
#9116 = CARTESIAN_POINT('',(112.6381,-107.425,0.));
#9117 = CIRCLE('',#9118,2.625);
#9118 = AXIS2_PLACEMENT_3D('',#9119,#9120,#9121);
#9119 = CARTESIAN_POINT('',(112.6381,-104.8,0.));
#9120 = DIRECTION('',(-0.,0.,-1.));
#9121 = DIRECTION('',(-0.,-1.,0.));
#9122 = FACE_BOUND('',#9123,.F.);
#9123 = EDGE_LOOP('',(#9124));
#9124 = ORIENTED_EDGE('',*,*,#9125,.T.);
#9125 = EDGE_CURVE('',#9126,#9126,#9128,.T.);
#9126 = VERTEX_POINT('',#9127);
#9127 = CARTESIAN_POINT('',(131.6381,-109.725,0.));
#9128 = CIRCLE('',#9129,2.625);
#9129 = AXIS2_PLACEMENT_3D('',#9130,#9131,#9132);
#9130 = CARTESIAN_POINT('',(131.6381,-107.1,0.));
#9131 = DIRECTION('',(-0.,0.,-1.));
#9132 = DIRECTION('',(-0.,-1.,0.));
#9133 = FACE_BOUND('',#9134,.F.);
#9134 = EDGE_LOOP('',(#9135));
#9135 = ORIENTED_EDGE('',*,*,#9136,.T.);
#9136 = EDGE_CURVE('',#9137,#9137,#9139,.T.);
#9137 = VERTEX_POINT('',#9138);
#9138 = CARTESIAN_POINT('',(108.2381,-91.9,0.));
#9139 = CIRCLE('',#9140,1.5);
#9140 = AXIS2_PLACEMENT_3D('',#9141,#9142,#9143);
#9141 = CARTESIAN_POINT('',(108.2381,-90.4,0.));
#9142 = DIRECTION('',(-0.,0.,-1.));
#9143 = DIRECTION('',(-0.,-1.,0.));
#9144 = FACE_BOUND('',#9145,.F.);
#9145 = EDGE_LOOP('',(#9146));
#9146 = ORIENTED_EDGE('',*,*,#9147,.T.);
#9147 = EDGE_CURVE('',#9148,#9148,#9150,.T.);
#9148 = VERTEX_POINT('',#9149);
#9149 = CARTESIAN_POINT('',(115.2381,-92.95,0.));
#9150 = CIRCLE('',#9151,1.5);
#9151 = AXIS2_PLACEMENT_3D('',#9152,#9153,#9154);
#9152 = CARTESIAN_POINT('',(115.2381,-91.45,0.));
#9153 = DIRECTION('',(-0.,0.,-1.));
#9154 = DIRECTION('',(-0.,-1.,0.));
#9155 = FACE_BOUND('',#9156,.F.);
#9156 = EDGE_LOOP('',(#9157));
#9157 = ORIENTED_EDGE('',*,*,#9158,.T.);
#9158 = EDGE_CURVE('',#9159,#9159,#9161,.T.);
#9159 = VERTEX_POINT('',#9160);
#9160 = CARTESIAN_POINT('',(122.5381,-99.95,0.));
#9161 = CIRCLE('',#9162,2.35);
#9162 = AXIS2_PLACEMENT_3D('',#9163,#9164,#9165);
#9163 = CARTESIAN_POINT('',(122.5381,-97.6,0.));
#9164 = DIRECTION('',(-0.,0.,-1.));
#9165 = DIRECTION('',(-0.,-1.,0.));
#9166 = FACE_BOUND('',#9167,.F.);
#9167 = EDGE_LOOP('',(#9168));
#9168 = ORIENTED_EDGE('',*,*,#9169,.T.);
#9169 = EDGE_CURVE('',#9170,#9170,#9172,.T.);
#9170 = VERTEX_POINT('',#9171);
#9171 = CARTESIAN_POINT('',(127.2381,-94.3,0.));
#9172 = CIRCLE('',#9173,1.5);
#9173 = AXIS2_PLACEMENT_3D('',#9174,#9175,#9176);
#9174 = CARTESIAN_POINT('',(127.2381,-92.8,0.));
#9175 = DIRECTION('',(-0.,0.,-1.));
#9176 = DIRECTION('',(-0.,-1.,0.));
#9177 = FACE_BOUND('',#9178,.F.);
#9178 = EDGE_LOOP('',(#9179));
#9179 = ORIENTED_EDGE('',*,*,#9180,.T.);
#9180 = EDGE_CURVE('',#9181,#9181,#9183,.T.);
#9181 = VERTEX_POINT('',#9182);
#9182 = CARTESIAN_POINT('',(131.6381,-90.725,0.));
#9183 = CIRCLE('',#9184,2.625);
#9184 = AXIS2_PLACEMENT_3D('',#9185,#9186,#9187);
#9185 = CARTESIAN_POINT('',(131.6381,-88.1,0.));
#9186 = DIRECTION('',(-0.,0.,-1.));
#9187 = DIRECTION('',(-0.,-1.,0.));
#9188 = FACE_BOUND('',#9189,.F.);
#9189 = EDGE_LOOP('',(#9190));
#9190 = ORIENTED_EDGE('',*,*,#9191,.T.);
#9191 = EDGE_CURVE('',#9192,#9192,#9194,.T.);
#9192 = VERTEX_POINT('',#9193);
#9193 = CARTESIAN_POINT('',(146.3381,-103.7,0.));
#9194 = CIRCLE('',#9195,1.5);
#9195 = AXIS2_PLACEMENT_3D('',#9196,#9197,#9198);
#9196 = CARTESIAN_POINT('',(146.3381,-102.2,0.));
#9197 = DIRECTION('',(-0.,0.,-1.));
#9198 = DIRECTION('',(-0.,-1.,0.));
#9199 = FACE_BOUND('',#9200,.F.);
#9200 = EDGE_LOOP('',(#9201));
#9201 = ORIENTED_EDGE('',*,*,#9202,.T.);
#9202 = EDGE_CURVE('',#9203,#9203,#9205,.T.);
#9203 = VERTEX_POINT('',#9204);
#9204 = CARTESIAN_POINT('',(153.3381,-104.75,0.));
#9205 = CIRCLE('',#9206,1.5);
#9206 = AXIS2_PLACEMENT_3D('',#9207,#9208,#9209);
#9207 = CARTESIAN_POINT('',(153.3381,-103.25,0.));
#9208 = DIRECTION('',(-0.,0.,-1.));
#9209 = DIRECTION('',(-0.,-1.,0.));
#9210 = FACE_BOUND('',#9211,.F.);
#9211 = EDGE_LOOP('',(#9212));
#9212 = ORIENTED_EDGE('',*,*,#9213,.T.);
#9213 = EDGE_CURVE('',#9214,#9214,#9216,.T.);
#9214 = VERTEX_POINT('',#9215);
#9215 = CARTESIAN_POINT('',(134.2381,-95.35,0.));
#9216 = CIRCLE('',#9217,1.5);
#9217 = AXIS2_PLACEMENT_3D('',#9218,#9219,#9220);
#9218 = CARTESIAN_POINT('',(134.2381,-93.85,0.));
#9219 = DIRECTION('',(-0.,0.,-1.));
#9220 = DIRECTION('',(-0.,-1.,0.));
#9221 = FACE_BOUND('',#9222,.F.);
#9222 = EDGE_LOOP('',(#9223));
#9223 = ORIENTED_EDGE('',*,*,#9224,.T.);
#9224 = EDGE_CURVE('',#9225,#9225,#9227,.T.);
#9225 = VERTEX_POINT('',#9226);
#9226 = CARTESIAN_POINT('',(150.7381,-100.125,0.));
#9227 = CIRCLE('',#9228,2.625);
#9228 = AXIS2_PLACEMENT_3D('',#9229,#9230,#9231);
#9229 = CARTESIAN_POINT('',(150.7381,-97.5,0.));
#9230 = DIRECTION('',(-0.,0.,-1.));
#9231 = DIRECTION('',(-0.,-1.,0.));
#9232 = FACE_BOUND('',#9233,.F.);
#9233 = EDGE_LOOP('',(#9234));
#9234 = ORIENTED_EDGE('',*,*,#9235,.T.);
#9235 = EDGE_CURVE('',#9236,#9236,#9238,.T.);
#9236 = VERTEX_POINT('',#9237);
#9237 = CARTESIAN_POINT('',(32.0381,-79.,0.));
#9238 = CIRCLE('',#9239,1.5);
#9239 = AXIS2_PLACEMENT_3D('',#9240,#9241,#9242);
#9240 = CARTESIAN_POINT('',(32.0381,-77.5,0.));
#9241 = DIRECTION('',(-0.,0.,-1.));
#9242 = DIRECTION('',(-0.,-1.,0.));
#9243 = FACE_BOUND('',#9244,.F.);
#9244 = EDGE_LOOP('',(#9245));
#9245 = ORIENTED_EDGE('',*,*,#9246,.T.);
#9246 = EDGE_CURVE('',#9247,#9247,#9249,.T.);
#9247 = VERTEX_POINT('',#9248);
#9248 = CARTESIAN_POINT('',(39.0381,-80.05,0.));
#9249 = CIRCLE('',#9250,1.5);
#9250 = AXIS2_PLACEMENT_3D('',#9251,#9252,#9253);
#9251 = CARTESIAN_POINT('',(39.0381,-78.55,0.));
#9252 = DIRECTION('',(-0.,0.,-1.));
#9253 = DIRECTION('',(-0.,-1.,0.));
#9254 = FACE_BOUND('',#9255,.F.);
#9255 = EDGE_LOOP('',(#9256));
#9256 = ORIENTED_EDGE('',*,*,#9257,.T.);
#9257 = EDGE_CURVE('',#9258,#9258,#9260,.T.);
#9258 = VERTEX_POINT('',#9259);
#9259 = CARTESIAN_POINT('',(51.0381,-77.5,0.));
#9260 = CIRCLE('',#9261,1.5);
#9261 = AXIS2_PLACEMENT_3D('',#9262,#9263,#9264);
#9262 = CARTESIAN_POINT('',(51.0381,-76.,0.));
#9263 = DIRECTION('',(-0.,0.,-1.));
#9264 = DIRECTION('',(-0.,-1.,0.));
#9265 = FACE_BOUND('',#9266,.F.);
#9266 = EDGE_LOOP('',(#9267));
#9267 = ORIENTED_EDGE('',*,*,#9268,.T.);
#9268 = EDGE_CURVE('',#9269,#9269,#9271,.T.);
#9269 = VERTEX_POINT('',#9270);
#9270 = CARTESIAN_POINT('',(58.0381,-78.55,0.));
#9271 = CIRCLE('',#9272,1.5);
#9272 = AXIS2_PLACEMENT_3D('',#9273,#9274,#9275);
#9273 = CARTESIAN_POINT('',(58.0381,-77.05,0.));
#9274 = DIRECTION('',(-0.,0.,-1.));
#9275 = DIRECTION('',(-0.,-1.,0.));
#9276 = FACE_BOUND('',#9277,.F.);
#9277 = EDGE_LOOP('',(#9278));
#9278 = ORIENTED_EDGE('',*,*,#9279,.T.);
#9279 = EDGE_CURVE('',#9280,#9280,#9282,.T.);
#9280 = VERTEX_POINT('',#9281);
#9281 = CARTESIAN_POINT('',(36.4381,-75.425,0.));
#9282 = CIRCLE('',#9283,2.625);
#9283 = AXIS2_PLACEMENT_3D('',#9284,#9285,#9286);
#9284 = CARTESIAN_POINT('',(36.4381,-72.8,0.));
#9285 = DIRECTION('',(-0.,0.,-1.));
#9286 = DIRECTION('',(-0.,-1.,0.));
#9287 = FACE_BOUND('',#9288,.F.);
#9288 = EDGE_LOOP('',(#9289));
#9289 = ORIENTED_EDGE('',*,*,#9290,.T.);
#9290 = EDGE_CURVE('',#9291,#9291,#9293,.T.);
#9291 = VERTEX_POINT('',#9292);
#9292 = CARTESIAN_POINT('',(55.4381,-73.925,0.));
#9293 = CIRCLE('',#9294,2.625);
#9294 = AXIS2_PLACEMENT_3D('',#9295,#9296,#9297);
#9295 = CARTESIAN_POINT('',(55.4381,-71.3,0.));
#9296 = DIRECTION('',(-0.,0.,-1.));
#9297 = DIRECTION('',(-0.,-1.,0.));
#9298 = FACE_BOUND('',#9299,.F.);
#9299 = EDGE_LOOP('',(#9300));
#9300 = ORIENTED_EDGE('',*,*,#9301,.T.);
#9301 = EDGE_CURVE('',#9302,#9302,#9304,.T.);
#9302 = VERTEX_POINT('',#9303);
#9303 = CARTESIAN_POINT('',(74.5381,-88.325,0.));
#9304 = CIRCLE('',#9305,2.625);
#9305 = AXIS2_PLACEMENT_3D('',#9306,#9307,#9308);
#9306 = CARTESIAN_POINT('',(74.5381,-85.7,0.));
#9307 = DIRECTION('',(-0.,0.,-1.));
#9308 = DIRECTION('',(-0.,-1.,0.));
#9309 = FACE_BOUND('',#9310,.F.);
#9310 = EDGE_LOOP('',(#9311));
#9311 = ORIENTED_EDGE('',*,*,#9312,.T.);
#9312 = EDGE_CURVE('',#9313,#9313,#9315,.T.);
#9313 = VERTEX_POINT('',#9314);
#9314 = CARTESIAN_POINT('',(93.5381,-87.025,0.));
#9315 = CIRCLE('',#9316,2.625);
#9316 = AXIS2_PLACEMENT_3D('',#9317,#9318,#9319);
#9317 = CARTESIAN_POINT('',(93.5381,-84.4,0.));
#9318 = DIRECTION('',(-0.,0.,-1.));
#9319 = DIRECTION('',(-0.,-1.,0.));
#9320 = FACE_BOUND('',#9321,.F.);
#9321 = EDGE_LOOP('',(#9322));
#9322 = ORIENTED_EDGE('',*,*,#9323,.T.);
#9323 = EDGE_CURVE('',#9324,#9324,#9326,.T.);
#9324 = VERTEX_POINT('',#9325);
#9325 = CARTESIAN_POINT('',(70.1381,-72.8,0.));
#9326 = CIRCLE('',#9327,1.5);
#9327 = AXIS2_PLACEMENT_3D('',#9328,#9329,#9330);
#9328 = CARTESIAN_POINT('',(70.1381,-71.3,0.));
#9329 = DIRECTION('',(-0.,0.,-1.));
#9330 = DIRECTION('',(-0.,-1.,0.));
#9331 = FACE_BOUND('',#9332,.F.);
#9332 = EDGE_LOOP('',(#9333));
#9333 = ORIENTED_EDGE('',*,*,#9334,.T.);
#9334 = EDGE_CURVE('',#9335,#9335,#9337,.T.);
#9335 = VERTEX_POINT('',#9336);
#9336 = CARTESIAN_POINT('',(77.1381,-73.85,0.));
#9337 = CIRCLE('',#9338,1.5);
#9338 = AXIS2_PLACEMENT_3D('',#9339,#9340,#9341);
#9339 = CARTESIAN_POINT('',(77.1381,-72.35,0.));
#9340 = DIRECTION('',(-0.,0.,-1.));
#9341 = DIRECTION('',(-0.,-1.,0.));
#9342 = FACE_BOUND('',#9343,.F.);
#9343 = EDGE_LOOP('',(#9344));
#9344 = ORIENTED_EDGE('',*,*,#9345,.T.);
#9345 = EDGE_CURVE('',#9346,#9346,#9348,.T.);
#9346 = VERTEX_POINT('',#9347);
#9347 = CARTESIAN_POINT('',(74.5381,-69.225,0.));
#9348 = CIRCLE('',#9349,2.625);
#9349 = AXIS2_PLACEMENT_3D('',#9350,#9351,#9352);
#9350 = CARTESIAN_POINT('',(74.5381,-66.6,0.));
#9351 = DIRECTION('',(-0.,0.,-1.));
#9352 = DIRECTION('',(-0.,-1.,0.));
#9353 = FACE_BOUND('',#9354,.F.);
#9354 = EDGE_LOOP('',(#9355));
#9355 = ORIENTED_EDGE('',*,*,#9356,.T.);
#9356 = EDGE_CURVE('',#9357,#9357,#9359,.T.);
#9357 = VERTEX_POINT('',#9358);
#9358 = CARTESIAN_POINT('',(89.1381,-71.5,0.));
#9359 = CIRCLE('',#9360,1.5);
#9360 = AXIS2_PLACEMENT_3D('',#9361,#9362,#9363);
#9361 = CARTESIAN_POINT('',(89.1381,-70.,0.));
#9362 = DIRECTION('',(-0.,0.,-1.));
#9363 = DIRECTION('',(-0.,-1.,0.));
#9364 = FACE_BOUND('',#9365,.F.);
#9365 = EDGE_LOOP('',(#9366));
#9366 = ORIENTED_EDGE('',*,*,#9367,.T.);
#9367 = EDGE_CURVE('',#9368,#9368,#9370,.T.);
#9368 = VERTEX_POINT('',#9369);
#9369 = CARTESIAN_POINT('',(96.1381,-72.55,0.));
#9370 = CIRCLE('',#9371,1.5);
#9371 = AXIS2_PLACEMENT_3D('',#9372,#9373,#9374);
#9372 = CARTESIAN_POINT('',(96.1381,-71.05,0.));
#9373 = DIRECTION('',(-0.,0.,-1.));
#9374 = DIRECTION('',(-0.,-1.,0.));
#9375 = FACE_BOUND('',#9376,.F.);
#9376 = EDGE_LOOP('',(#9377));
#9377 = ORIENTED_EDGE('',*,*,#9378,.T.);
#9378 = EDGE_CURVE('',#9379,#9379,#9381,.T.);
#9379 = VERTEX_POINT('',#9380);
#9380 = CARTESIAN_POINT('',(93.5381,-67.925,0.));
#9381 = CIRCLE('',#9382,2.625);
#9382 = AXIS2_PLACEMENT_3D('',#9383,#9384,#9385);
#9383 = CARTESIAN_POINT('',(93.5381,-65.3,0.));
#9384 = DIRECTION('',(-0.,0.,-1.));
#9385 = DIRECTION('',(-0.,-1.,0.));
#9386 = FACE_BOUND('',#9387,.F.);
#9387 = EDGE_LOOP('',(#9388));
#9388 = ORIENTED_EDGE('',*,*,#9389,.T.);
#9389 = EDGE_CURVE('',#9390,#9390,#9392,.T.);
#9390 = VERTEX_POINT('',#9391);
#9391 = CARTESIAN_POINT('',(39.0381,-61.15,0.));
#9392 = CIRCLE('',#9393,1.5);
#9393 = AXIS2_PLACEMENT_3D('',#9394,#9395,#9396);
#9394 = CARTESIAN_POINT('',(39.0381,-59.65,0.));
#9395 = DIRECTION('',(-0.,0.,-1.));
#9396 = DIRECTION('',(-0.,-1.,0.));
#9397 = FACE_BOUND('',#9398,.F.);
#9398 = EDGE_LOOP('',(#9399));
#9399 = ORIENTED_EDGE('',*,*,#9400,.T.);
#9400 = EDGE_CURVE('',#9401,#9401,#9403,.T.);
#9401 = VERTEX_POINT('',#9402);
#9402 = CARTESIAN_POINT('',(32.0381,-60.1,0.));
#9403 = CIRCLE('',#9404,1.5);
#9404 = AXIS2_PLACEMENT_3D('',#9405,#9406,#9407);
#9405 = CARTESIAN_POINT('',(32.0381,-58.6,0.));
#9406 = DIRECTION('',(-0.,0.,-1.));
#9407 = DIRECTION('',(-0.,-1.,0.));
#9408 = FACE_BOUND('',#9409,.F.);
#9409 = EDGE_LOOP('',(#9410));
#9410 = ORIENTED_EDGE('',*,*,#9411,.T.);
#9411 = EDGE_CURVE('',#9412,#9412,#9414,.T.);
#9412 = VERTEX_POINT('',#9413);
#9413 = CARTESIAN_POINT('',(46.3381,-64.15,0.));
#9414 = CIRCLE('',#9415,2.35);
#9415 = AXIS2_PLACEMENT_3D('',#9416,#9417,#9418);
#9416 = CARTESIAN_POINT('',(46.3381,-61.8,0.));
#9417 = DIRECTION('',(-0.,0.,-1.));
#9418 = DIRECTION('',(-0.,-1.,0.));
#9419 = FACE_BOUND('',#9420,.F.);
#9420 = EDGE_LOOP('',(#9421));
#9421 = ORIENTED_EDGE('',*,*,#9422,.T.);
#9422 = EDGE_CURVE('',#9423,#9423,#9425,.T.);
#9423 = VERTEX_POINT('',#9424);
#9424 = CARTESIAN_POINT('',(36.4381,-56.525,0.));
#9425 = CIRCLE('',#9426,2.625);
#9426 = AXIS2_PLACEMENT_3D('',#9427,#9428,#9429);
#9427 = CARTESIAN_POINT('',(36.4381,-53.9,0.));
#9428 = DIRECTION('',(-0.,0.,-1.));
#9429 = DIRECTION('',(-0.,-1.,0.));
#9430 = FACE_BOUND('',#9431,.F.);
#9431 = EDGE_LOOP('',(#9432));
#9432 = ORIENTED_EDGE('',*,*,#9433,.T.);
#9433 = EDGE_CURVE('',#9434,#9434,#9436,.T.);
#9434 = VERTEX_POINT('',#9435);
#9435 = CARTESIAN_POINT('',(51.0381,-58.6,0.));
#9436 = CIRCLE('',#9437,1.5);
#9437 = AXIS2_PLACEMENT_3D('',#9438,#9439,#9440);
#9438 = CARTESIAN_POINT('',(51.0381,-57.1,0.));
#9439 = DIRECTION('',(-0.,0.,-1.));
#9440 = DIRECTION('',(-0.,-1.,0.));
#9441 = FACE_BOUND('',#9442,.F.);
#9442 = EDGE_LOOP('',(#9443));
#9443 = ORIENTED_EDGE('',*,*,#9444,.T.);
#9444 = EDGE_CURVE('',#9445,#9445,#9447,.T.);
#9445 = VERTEX_POINT('',#9446);
#9446 = CARTESIAN_POINT('',(58.0381,-59.65,0.));
#9447 = CIRCLE('',#9448,1.5);
#9448 = AXIS2_PLACEMENT_3D('',#9449,#9450,#9451);
#9449 = CARTESIAN_POINT('',(58.0381,-58.15,0.));
#9450 = DIRECTION('',(-0.,0.,-1.));
#9451 = DIRECTION('',(-0.,-1.,0.));
#9452 = FACE_BOUND('',#9453,.F.);
#9453 = EDGE_LOOP('',(#9454));
#9454 = ORIENTED_EDGE('',*,*,#9455,.T.);
#9455 = EDGE_CURVE('',#9456,#9456,#9458,.T.);
#9456 = VERTEX_POINT('',#9457);
#9457 = CARTESIAN_POINT('',(55.4381,-55.025,0.));
#9458 = CIRCLE('',#9459,2.625);
#9459 = AXIS2_PLACEMENT_3D('',#9460,#9461,#9462);
#9460 = CARTESIAN_POINT('',(55.4381,-52.4,0.));
#9461 = DIRECTION('',(-0.,0.,-1.));
#9462 = DIRECTION('',(-0.,-1.,0.));
#9463 = FACE_BOUND('',#9464,.F.);
#9464 = EDGE_LOOP('',(#9465));
#9465 = ORIENTED_EDGE('',*,*,#9466,.T.);
#9466 = EDGE_CURVE('',#9467,#9467,#9469,.T.);
#9467 = VERTEX_POINT('',#9468);
#9468 = CARTESIAN_POINT('',(70.1381,-53.8,0.));
#9469 = CIRCLE('',#9470,1.5);
#9470 = AXIS2_PLACEMENT_3D('',#9471,#9472,#9473);
#9471 = CARTESIAN_POINT('',(70.1381,-52.3,0.));
#9472 = DIRECTION('',(-0.,0.,-1.));
#9473 = DIRECTION('',(-0.,-1.,0.));
#9474 = FACE_BOUND('',#9475,.F.);
#9475 = EDGE_LOOP('',(#9476));
#9476 = ORIENTED_EDGE('',*,*,#9477,.T.);
#9477 = EDGE_CURVE('',#9478,#9478,#9480,.T.);
#9478 = VERTEX_POINT('',#9479);
#9479 = CARTESIAN_POINT('',(77.1381,-54.85,0.));
#9480 = CIRCLE('',#9481,1.5);
#9481 = AXIS2_PLACEMENT_3D('',#9482,#9483,#9484);
#9482 = CARTESIAN_POINT('',(77.1381,-53.35,0.));
#9483 = DIRECTION('',(-0.,0.,-1.));
#9484 = DIRECTION('',(-0.,-1.,0.));
#9485 = FACE_BOUND('',#9486,.F.);
#9486 = EDGE_LOOP('',(#9487));
#9487 = ORIENTED_EDGE('',*,*,#9488,.T.);
#9488 = EDGE_CURVE('',#9489,#9489,#9491,.T.);
#9489 = VERTEX_POINT('',#9490);
#9490 = CARTESIAN_POINT('',(89.1381,-52.41,0.));
#9491 = CIRCLE('',#9492,1.5);
#9492 = AXIS2_PLACEMENT_3D('',#9493,#9494,#9495);
#9493 = CARTESIAN_POINT('',(89.1381,-50.91,0.));
#9494 = DIRECTION('',(-0.,0.,-1.));
#9495 = DIRECTION('',(-0.,-1.,0.));
#9496 = FACE_BOUND('',#9497,.F.);
#9497 = EDGE_LOOP('',(#9498));
#9498 = ORIENTED_EDGE('',*,*,#9499,.T.);
#9499 = EDGE_CURVE('',#9500,#9500,#9502,.T.);
#9500 = VERTEX_POINT('',#9501);
#9501 = CARTESIAN_POINT('',(96.1381,-53.46,0.));
#9502 = CIRCLE('',#9503,1.5);
#9503 = AXIS2_PLACEMENT_3D('',#9504,#9505,#9506);
#9504 = CARTESIAN_POINT('',(96.1381,-51.96,0.));
#9505 = DIRECTION('',(-0.,0.,-1.));
#9506 = DIRECTION('',(-0.,-1.,0.));
#9507 = FACE_BOUND('',#9508,.F.);
#9508 = EDGE_LOOP('',(#9509));
#9509 = ORIENTED_EDGE('',*,*,#9510,.T.);
#9510 = EDGE_CURVE('',#9511,#9511,#9513,.T.);
#9511 = VERTEX_POINT('',#9512);
#9512 = CARTESIAN_POINT('',(74.5381,-50.225,0.));
#9513 = CIRCLE('',#9514,2.625);
#9514 = AXIS2_PLACEMENT_3D('',#9515,#9516,#9517);
#9515 = CARTESIAN_POINT('',(74.5381,-47.6,0.));
#9516 = DIRECTION('',(-0.,0.,-1.));
#9517 = DIRECTION('',(-0.,-1.,0.));
#9518 = FACE_BOUND('',#9519,.F.);
#9519 = EDGE_LOOP('',(#9520));
#9520 = ORIENTED_EDGE('',*,*,#9521,.T.);
#9521 = EDGE_CURVE('',#9522,#9522,#9524,.T.);
#9522 = VERTEX_POINT('',#9523);
#9523 = CARTESIAN_POINT('',(93.5381,-48.835,0.));
#9524 = CIRCLE('',#9525,2.625);
#9525 = AXIS2_PLACEMENT_3D('',#9526,#9527,#9528);
#9526 = CARTESIAN_POINT('',(93.5381,-46.21,0.));
#9527 = DIRECTION('',(-0.,0.,-1.));
#9528 = DIRECTION('',(-0.,-1.,0.));
#9529 = FACE_BOUND('',#9530,.F.);
#9530 = EDGE_LOOP('',(#9531));
#9531 = ORIENTED_EDGE('',*,*,#9532,.T.);
#9532 = EDGE_CURVE('',#9533,#9533,#9535,.T.);
#9533 = VERTEX_POINT('',#9534);
#9534 = CARTESIAN_POINT('',(112.6381,-88.325,0.));
#9535 = CIRCLE('',#9536,2.625);
#9536 = AXIS2_PLACEMENT_3D('',#9537,#9538,#9539);
#9537 = CARTESIAN_POINT('',(112.6381,-85.7,0.));
#9538 = DIRECTION('',(-0.,0.,-1.));
#9539 = DIRECTION('',(-0.,-1.,0.));
#9540 = FACE_BOUND('',#9541,.F.);
#9541 = EDGE_LOOP('',(#9542));
#9542 = ORIENTED_EDGE('',*,*,#9543,.T.);
#9543 = EDGE_CURVE('',#9544,#9544,#9546,.T.);
#9544 = VERTEX_POINT('',#9545);
#9545 = CARTESIAN_POINT('',(115.2381,-73.95,0.));
#9546 = CIRCLE('',#9547,1.5);
#9547 = AXIS2_PLACEMENT_3D('',#9548,#9549,#9550);
#9548 = CARTESIAN_POINT('',(115.2381,-72.45,0.));
#9549 = DIRECTION('',(-0.,0.,-1.));
#9550 = DIRECTION('',(-0.,-1.,0.));
#9551 = FACE_BOUND('',#9552,.F.);
#9552 = EDGE_LOOP('',(#9553));
#9553 = ORIENTED_EDGE('',*,*,#9554,.T.);
#9554 = EDGE_CURVE('',#9555,#9555,#9557,.T.);
#9555 = VERTEX_POINT('',#9556);
#9556 = CARTESIAN_POINT('',(108.2381,-72.9,0.));
#9557 = CIRCLE('',#9558,1.5);
#9558 = AXIS2_PLACEMENT_3D('',#9559,#9560,#9561);
#9559 = CARTESIAN_POINT('',(108.2381,-71.4,0.));
#9560 = DIRECTION('',(-0.,0.,-1.));
#9561 = DIRECTION('',(-0.,-1.,0.));
#9562 = FACE_BOUND('',#9563,.F.);
#9563 = EDGE_LOOP('',(#9564));
#9564 = ORIENTED_EDGE('',*,*,#9565,.T.);
#9565 = EDGE_CURVE('',#9566,#9566,#9568,.T.);
#9566 = VERTEX_POINT('',#9567);
#9567 = CARTESIAN_POINT('',(112.6381,-69.325,0.));
#9568 = CIRCLE('',#9569,2.625);
#9569 = AXIS2_PLACEMENT_3D('',#9570,#9571,#9572);
#9570 = CARTESIAN_POINT('',(112.6381,-66.7,0.));
#9571 = DIRECTION('',(-0.,0.,-1.));
#9572 = DIRECTION('',(-0.,-1.,0.));
#9573 = FACE_BOUND('',#9574,.F.);
#9574 = EDGE_LOOP('',(#9575));
#9575 = ORIENTED_EDGE('',*,*,#9576,.T.);
#9576 = EDGE_CURVE('',#9577,#9577,#9579,.T.);
#9577 = VERTEX_POINT('',#9578);
#9578 = CARTESIAN_POINT('',(127.2381,-75.3,0.));
#9579 = CIRCLE('',#9580,1.5);
#9580 = AXIS2_PLACEMENT_3D('',#9581,#9582,#9583);
#9581 = CARTESIAN_POINT('',(127.2381,-73.8,0.));
#9582 = DIRECTION('',(-0.,0.,-1.));
#9583 = DIRECTION('',(-0.,-1.,0.));
#9584 = FACE_BOUND('',#9585,.F.);
#9585 = EDGE_LOOP('',(#9586));
#9586 = ORIENTED_EDGE('',*,*,#9587,.T.);
#9587 = EDGE_CURVE('',#9588,#9588,#9590,.T.);
#9588 = VERTEX_POINT('',#9589);
#9589 = CARTESIAN_POINT('',(131.6381,-71.725,0.));
#9590 = CIRCLE('',#9591,2.625);
#9591 = AXIS2_PLACEMENT_3D('',#9592,#9593,#9594);
#9592 = CARTESIAN_POINT('',(131.6381,-69.1,0.));
#9593 = DIRECTION('',(-0.,0.,-1.));
#9594 = DIRECTION('',(-0.,-1.,0.));
#9595 = FACE_BOUND('',#9596,.F.);
#9596 = EDGE_LOOP('',(#9597));
#9597 = ORIENTED_EDGE('',*,*,#9598,.T.);
#9598 = EDGE_CURVE('',#9599,#9599,#9601,.T.);
#9599 = VERTEX_POINT('',#9600);
#9600 = CARTESIAN_POINT('',(144.1381,-86.2,0.));
#9601 = CIRCLE('',#9602,1.2);
#9602 = AXIS2_PLACEMENT_3D('',#9603,#9604,#9605);
#9603 = CARTESIAN_POINT('',(144.1381,-85.,0.));
#9604 = DIRECTION('',(-0.,0.,-1.));
#9605 = DIRECTION('',(-0.,-1.,0.));
#9606 = FACE_BOUND('',#9607,.F.);
#9607 = EDGE_LOOP('',(#9608));
#9608 = ORIENTED_EDGE('',*,*,#9609,.T.);
#9609 = EDGE_CURVE('',#9610,#9610,#9612,.T.);
#9610 = VERTEX_POINT('',#9611);
#9611 = CARTESIAN_POINT('',(134.2381,-76.35,0.));
#9612 = CIRCLE('',#9613,1.5);
#9613 = AXIS2_PLACEMENT_3D('',#9614,#9615,#9616);
#9614 = CARTESIAN_POINT('',(134.2381,-74.85,0.));
#9615 = DIRECTION('',(-0.,0.,-1.));
#9616 = DIRECTION('',(-0.,-1.,0.));
#9617 = FACE_BOUND('',#9618,.F.);
#9618 = EDGE_LOOP('',(#9619));
#9619 = ORIENTED_EDGE('',*,*,#9620,.T.);
#9620 = EDGE_CURVE('',#9621,#9621,#9623,.T.);
#9621 = VERTEX_POINT('',#9622);
#9622 = CARTESIAN_POINT('',(146.0581,-75.0064,0.));
#9623 = CIRCLE('',#9624,0.4064);
#9624 = AXIS2_PLACEMENT_3D('',#9625,#9626,#9627);
#9625 = CARTESIAN_POINT('',(146.0581,-74.6,0.));
#9626 = DIRECTION('',(-0.,0.,-1.));
#9627 = DIRECTION('',(-0.,-1.,0.));
#9628 = FACE_BOUND('',#9629,.F.);
#9629 = EDGE_LOOP('',(#9630));
#9630 = ORIENTED_EDGE('',*,*,#9631,.T.);
#9631 = EDGE_CURVE('',#9632,#9632,#9634,.T.);
#9632 = VERTEX_POINT('',#9633);
#9633 = CARTESIAN_POINT('',(148.5981,-75.0064,0.));
#9634 = CIRCLE('',#9635,0.4064);
#9635 = AXIS2_PLACEMENT_3D('',#9636,#9637,#9638);
#9636 = CARTESIAN_POINT('',(148.5981,-74.6,0.));
#9637 = DIRECTION('',(-0.,0.,-1.));
#9638 = DIRECTION('',(-0.,-1.,0.));
#9639 = FACE_BOUND('',#9640,.F.);
#9640 = EDGE_LOOP('',(#9641));
#9641 = ORIENTED_EDGE('',*,*,#9642,.T.);
#9642 = EDGE_CURVE('',#9643,#9643,#9645,.T.);
#9643 = VERTEX_POINT('',#9644);
#9644 = CARTESIAN_POINT('',(166.1381,-86.2,0.));
#9645 = CIRCLE('',#9646,1.2);
#9646 = AXIS2_PLACEMENT_3D('',#9647,#9648,#9649);
#9647 = CARTESIAN_POINT('',(166.1381,-85.,0.));
#9648 = DIRECTION('',(-0.,0.,-1.));
#9649 = DIRECTION('',(-0.,-1.,0.));
#9650 = FACE_BOUND('',#9651,.F.);
#9651 = EDGE_LOOP('',(#9652));
#9652 = ORIENTED_EDGE('',*,*,#9653,.T.);
#9653 = EDGE_CURVE('',#9654,#9654,#9656,.T.);
#9654 = VERTEX_POINT('',#9655);
#9655 = CARTESIAN_POINT('',(150.9522,-80.639,0.));
#9656 = CIRCLE('',#9657,0.375);
#9657 = AXIS2_PLACEMENT_3D('',#9658,#9659,#9660);
#9658 = CARTESIAN_POINT('',(150.9522,-80.264,0.));
#9659 = DIRECTION('',(-0.,0.,-1.));
#9660 = DIRECTION('',(-0.,-1.,0.));
#9661 = FACE_BOUND('',#9662,.F.);
#9662 = EDGE_LOOP('',(#9663));
#9663 = ORIENTED_EDGE('',*,*,#9664,.T.);
#9664 = EDGE_CURVE('',#9665,#9665,#9667,.T.);
#9665 = VERTEX_POINT('',#9666);
#9666 = CARTESIAN_POINT('',(150.9522,-78.639,0.));
#9667 = CIRCLE('',#9668,0.375);
#9668 = AXIS2_PLACEMENT_3D('',#9669,#9670,#9671);
#9669 = CARTESIAN_POINT('',(150.9522,-78.264,0.));
#9670 = DIRECTION('',(-0.,0.,-1.));
#9671 = DIRECTION('',(-0.,-1.,0.));
#9672 = FACE_BOUND('',#9673,.F.);
#9673 = EDGE_LOOP('',(#9674));
#9674 = ORIENTED_EDGE('',*,*,#9675,.T.);
#9675 = EDGE_CURVE('',#9676,#9676,#9678,.T.);
#9676 = VERTEX_POINT('',#9677);
#9677 = CARTESIAN_POINT('',(151.1381,-75.0064,0.));
#9678 = CIRCLE('',#9679,0.4064);
#9679 = AXIS2_PLACEMENT_3D('',#9680,#9681,#9682);
#9680 = CARTESIAN_POINT('',(151.1381,-74.6,0.));
#9681 = DIRECTION('',(-0.,0.,-1.));
#9682 = DIRECTION('',(-0.,-1.,0.));
#9683 = FACE_BOUND('',#9684,.F.);
#9684 = EDGE_LOOP('',(#9685));
#9685 = ORIENTED_EDGE('',*,*,#9686,.T.);
#9686 = EDGE_CURVE('',#9687,#9687,#9689,.T.);
#9687 = VERTEX_POINT('',#9688);
#9688 = CARTESIAN_POINT('',(153.6781,-75.0064,0.));
#9689 = CIRCLE('',#9690,0.4064);
#9690 = AXIS2_PLACEMENT_3D('',#9691,#9692,#9693);
#9691 = CARTESIAN_POINT('',(153.6781,-74.6,0.));
#9692 = DIRECTION('',(-0.,0.,-1.));
#9693 = DIRECTION('',(-0.,-1.,0.));
#9694 = FACE_BOUND('',#9695,.F.);
#9695 = EDGE_LOOP('',(#9696));
#9696 = ORIENTED_EDGE('',*,*,#9697,.T.);
#9697 = EDGE_CURVE('',#9698,#9698,#9700,.T.);
#9698 = VERTEX_POINT('',#9699);
#9699 = CARTESIAN_POINT('',(156.2181,-75.0064,0.));
#9700 = CIRCLE('',#9701,0.4064);
#9701 = AXIS2_PLACEMENT_3D('',#9702,#9703,#9704);
#9702 = CARTESIAN_POINT('',(156.2181,-74.6,0.));
#9703 = DIRECTION('',(-0.,0.,-1.));
#9704 = DIRECTION('',(-0.,-1.,0.));
#9705 = FACE_BOUND('',#9706,.F.);
#9706 = EDGE_LOOP('',(#9707));
#9707 = ORIENTED_EDGE('',*,*,#9708,.T.);
#9708 = EDGE_CURVE('',#9709,#9709,#9711,.T.);
#9709 = VERTEX_POINT('',#9710);
#9710 = CARTESIAN_POINT('',(143.5295,-69.8684,0.));
#9711 = CIRCLE('',#9712,0.4064);
#9712 = AXIS2_PLACEMENT_3D('',#9713,#9714,#9715);
#9713 = CARTESIAN_POINT('',(143.5295,-69.462,0.));
#9714 = DIRECTION('',(-0.,0.,-1.));
#9715 = DIRECTION('',(6.99353086378E-14,-1.,-0.));
#9716 = FACE_BOUND('',#9717,.F.);
#9717 = EDGE_LOOP('',(#9718));
#9718 = ORIENTED_EDGE('',*,*,#9719,.T.);
#9719 = EDGE_CURVE('',#9720,#9720,#9722,.T.);
#9720 = VERTEX_POINT('',#9721);
#9721 = CARTESIAN_POINT('',(143.5295,-67.3284,0.));
#9722 = CIRCLE('',#9723,0.4064);
#9723 = AXIS2_PLACEMENT_3D('',#9724,#9725,#9726);
#9724 = CARTESIAN_POINT('',(143.5295,-66.922,0.));
#9725 = DIRECTION('',(-0.,0.,-1.));
#9726 = DIRECTION('',(6.99353086378E-14,-1.,-0.));
#9727 = FACE_BOUND('',#9728,.F.);
#9728 = EDGE_LOOP('',(#9729));
#9729 = ORIENTED_EDGE('',*,*,#9730,.T.);
#9730 = EDGE_CURVE('',#9731,#9731,#9733,.T.);
#9731 = VERTEX_POINT('',#9732);
#9732 = CARTESIAN_POINT('',(143.5295,-64.7884,0.));
#9733 = CIRCLE('',#9734,0.4064);
#9734 = AXIS2_PLACEMENT_3D('',#9735,#9736,#9737);
#9735 = CARTESIAN_POINT('',(143.5295,-64.382,0.));
#9736 = DIRECTION('',(-0.,0.,-1.));
#9737 = DIRECTION('',(6.99353086378E-14,-1.,-0.));
#9738 = FACE_BOUND('',#9739,.F.);
#9739 = EDGE_LOOP('',(#9740));
#9740 = ORIENTED_EDGE('',*,*,#9741,.T.);
#9741 = EDGE_CURVE('',#9742,#9742,#9744,.T.);
#9742 = VERTEX_POINT('',#9743);
#9743 = CARTESIAN_POINT('',(158.7495,-69.8684,0.));
#9744 = CIRCLE('',#9745,0.4064);
#9745 = AXIS2_PLACEMENT_3D('',#9746,#9747,#9748);
#9746 = CARTESIAN_POINT('',(158.7495,-69.462,0.));
#9747 = DIRECTION('',(-0.,0.,-1.));
#9748 = DIRECTION('',(-0.,-1.,0.));
#9749 = FACE_BOUND('',#9750,.F.);
#9750 = EDGE_LOOP('',(#9751));
#9751 = ORIENTED_EDGE('',*,*,#9752,.T.);
#9752 = EDGE_CURVE('',#9753,#9753,#9755,.T.);
#9753 = VERTEX_POINT('',#9754);
#9754 = CARTESIAN_POINT('',(167.1381,-71.6,0.));
#9755 = CIRCLE('',#9756,0.65);
#9756 = AXIS2_PLACEMENT_3D('',#9757,#9758,#9759);
#9757 = CARTESIAN_POINT('',(167.1381,-70.95,0.));
#9758 = DIRECTION('',(-0.,0.,-1.));
#9759 = DIRECTION('',(-0.,-1.,0.));
#9760 = FACE_BOUND('',#9761,.F.);
#9761 = EDGE_LOOP('',(#9762));
#9762 = ORIENTED_EDGE('',*,*,#9763,.T.);
#9763 = EDGE_CURVE('',#9764,#9764,#9766,.T.);
#9764 = VERTEX_POINT('',#9765);
#9765 = CARTESIAN_POINT('',(158.7495,-67.3284,0.));
#9766 = CIRCLE('',#9767,0.4064);
#9767 = AXIS2_PLACEMENT_3D('',#9768,#9769,#9770);
#9768 = CARTESIAN_POINT('',(158.7495,-66.922,0.));
#9769 = DIRECTION('',(-0.,0.,-1.));
#9770 = DIRECTION('',(-0.,-1.,0.));
#9771 = FACE_BOUND('',#9772,.F.);
#9772 = EDGE_LOOP('',(#9773));
#9773 = ORIENTED_EDGE('',*,*,#9774,.T.);
#9774 = EDGE_CURVE('',#9775,#9775,#9777,.T.);
#9775 = VERTEX_POINT('',#9776);
#9776 = CARTESIAN_POINT('',(158.7495,-64.7884,0.));
#9777 = CIRCLE('',#9778,0.4064);
#9778 = AXIS2_PLACEMENT_3D('',#9779,#9780,#9781);
#9779 = CARTESIAN_POINT('',(158.7495,-64.382,0.));
#9780 = DIRECTION('',(-0.,0.,-1.));
#9781 = DIRECTION('',(-0.,-1.,0.));
#9782 = FACE_BOUND('',#9783,.F.);
#9783 = EDGE_LOOP('',(#9784));
#9784 = ORIENTED_EDGE('',*,*,#9785,.T.);
#9785 = EDGE_CURVE('',#9786,#9786,#9788,.T.);
#9786 = VERTEX_POINT('',#9787);
#9787 = CARTESIAN_POINT('',(167.1381,-65.1,0.));
#9788 = CIRCLE('',#9789,0.65);
#9789 = AXIS2_PLACEMENT_3D('',#9790,#9791,#9792);
#9790 = CARTESIAN_POINT('',(167.1381,-64.45,0.));
#9791 = DIRECTION('',(-0.,0.,-1.));
#9792 = DIRECTION('',(-0.,-1.,0.));
#9793 = FACE_BOUND('',#9794,.F.);
#9794 = EDGE_LOOP('',(#9795));
#9795 = ORIENTED_EDGE('',*,*,#9796,.T.);
#9796 = EDGE_CURVE('',#9797,#9797,#9799,.T.);
#9797 = VERTEX_POINT('',#9798);
#9798 = CARTESIAN_POINT('',(108.2381,-53.8,0.));
#9799 = CIRCLE('',#9800,1.5);
#9800 = AXIS2_PLACEMENT_3D('',#9801,#9802,#9803);
#9801 = CARTESIAN_POINT('',(108.2381,-52.3,0.));
#9802 = DIRECTION('',(-0.,0.,-1.));
#9803 = DIRECTION('',(-0.,-1.,0.));
#9804 = FACE_BOUND('',#9805,.F.);
#9805 = EDGE_LOOP('',(#9806));
#9806 = ORIENTED_EDGE('',*,*,#9807,.T.);
#9807 = EDGE_CURVE('',#9808,#9808,#9810,.T.);
#9808 = VERTEX_POINT('',#9809);
#9809 = CARTESIAN_POINT('',(115.2381,-54.85,0.));
#9810 = CIRCLE('',#9811,1.5);
#9811 = AXIS2_PLACEMENT_3D('',#9812,#9813,#9814);
#9812 = CARTESIAN_POINT('',(115.2381,-53.35,0.));
#9813 = DIRECTION('',(-0.,0.,-1.));
#9814 = DIRECTION('',(-0.,-1.,0.));
#9815 = FACE_BOUND('',#9816,.F.);
#9816 = EDGE_LOOP('',(#9817));
#9817 = ORIENTED_EDGE('',*,*,#9818,.T.);
#9818 = EDGE_CURVE('',#9819,#9819,#9821,.T.);
#9819 = VERTEX_POINT('',#9820);
#9820 = CARTESIAN_POINT('',(122.5381,-61.95,0.));
#9821 = CIRCLE('',#9822,2.35);
#9822 = AXIS2_PLACEMENT_3D('',#9823,#9824,#9825);
#9823 = CARTESIAN_POINT('',(122.5381,-59.6,0.));
#9824 = DIRECTION('',(-0.,0.,-1.));
#9825 = DIRECTION('',(-0.,-1.,0.));
#9826 = FACE_BOUND('',#9827,.F.);
#9827 = EDGE_LOOP('',(#9828));
#9828 = ORIENTED_EDGE('',*,*,#9829,.T.);
#9829 = EDGE_CURVE('',#9830,#9830,#9832,.T.);
#9830 = VERTEX_POINT('',#9831);
#9831 = CARTESIAN_POINT('',(127.2381,-56.2,0.));
#9832 = CIRCLE('',#9833,1.5);
#9833 = AXIS2_PLACEMENT_3D('',#9834,#9835,#9836);
#9834 = CARTESIAN_POINT('',(127.2381,-54.7,0.));
#9835 = DIRECTION('',(-0.,0.,-1.));
#9836 = DIRECTION('',(-0.,-1.,0.));
#9837 = FACE_BOUND('',#9838,.F.);
#9838 = EDGE_LOOP('',(#9839));
#9839 = ORIENTED_EDGE('',*,*,#9840,.T.);
#9840 = EDGE_CURVE('',#9841,#9841,#9843,.T.);
#9841 = VERTEX_POINT('',#9842);
#9842 = CARTESIAN_POINT('',(112.6381,-50.225,0.));
#9843 = CIRCLE('',#9844,2.625);
#9844 = AXIS2_PLACEMENT_3D('',#9845,#9846,#9847);
#9845 = CARTESIAN_POINT('',(112.6381,-47.6,0.));
#9846 = DIRECTION('',(-0.,0.,-1.));
#9847 = DIRECTION('',(-0.,-1.,0.));
#9848 = FACE_BOUND('',#9849,.F.);
#9849 = EDGE_LOOP('',(#9850));
#9850 = ORIENTED_EDGE('',*,*,#9851,.T.);
#9851 = EDGE_CURVE('',#9852,#9852,#9854,.T.);
#9852 = VERTEX_POINT('',#9853);
#9853 = CARTESIAN_POINT('',(131.6381,-52.625,0.));
#9854 = CIRCLE('',#9855,2.625);
#9855 = AXIS2_PLACEMENT_3D('',#9856,#9857,#9858);
#9856 = CARTESIAN_POINT('',(131.6381,-50.,0.));
#9857 = DIRECTION('',(-0.,0.,-1.));
#9858 = DIRECTION('',(-0.,-1.,0.));
#9859 = FACE_BOUND('',#9860,.F.);
#9860 = EDGE_LOOP('',(#9861));
#9861 = ORIENTED_EDGE('',*,*,#9862,.T.);
#9862 = EDGE_CURVE('',#9863,#9863,#9865,.T.);
#9863 = VERTEX_POINT('',#9864);
#9864 = CARTESIAN_POINT('',(143.5295,-62.2484,0.));
#9865 = CIRCLE('',#9866,0.4064);
#9866 = AXIS2_PLACEMENT_3D('',#9867,#9868,#9869);
#9867 = CARTESIAN_POINT('',(143.5295,-61.842,0.));
#9868 = DIRECTION('',(-0.,0.,-1.));
#9869 = DIRECTION('',(6.99353086378E-14,-1.,-0.));
#9870 = FACE_BOUND('',#9871,.F.);
#9871 = EDGE_LOOP('',(#9872));
#9872 = ORIENTED_EDGE('',*,*,#9873,.T.);
#9873 = EDGE_CURVE('',#9874,#9874,#9876,.T.);
#9874 = VERTEX_POINT('',#9875);
#9875 = CARTESIAN_POINT('',(143.5295,-59.7084,0.));
#9876 = CIRCLE('',#9877,0.4064);
#9877 = AXIS2_PLACEMENT_3D('',#9878,#9879,#9880);
#9878 = CARTESIAN_POINT('',(143.5295,-59.302,0.));
#9879 = DIRECTION('',(-0.,0.,-1.));
#9880 = DIRECTION('',(6.99353086378E-14,-1.,-0.));
#9881 = FACE_BOUND('',#9882,.F.);
#9882 = EDGE_LOOP('',(#9883));
#9883 = ORIENTED_EDGE('',*,*,#9884,.T.);
#9884 = EDGE_CURVE('',#9885,#9885,#9887,.T.);
#9885 = VERTEX_POINT('',#9886);
#9886 = CARTESIAN_POINT('',(143.5295,-57.1684,0.));
#9887 = CIRCLE('',#9888,0.4064);
#9888 = AXIS2_PLACEMENT_3D('',#9889,#9890,#9891);
#9889 = CARTESIAN_POINT('',(143.5295,-56.762,0.));
#9890 = DIRECTION('',(-0.,0.,-1.));
#9891 = DIRECTION('',(6.99353086378E-14,-1.,-0.));
#9892 = FACE_BOUND('',#9893,.F.);
#9893 = EDGE_LOOP('',(#9894));
#9894 = ORIENTED_EDGE('',*,*,#9895,.T.);
#9895 = EDGE_CURVE('',#9896,#9896,#9898,.T.);
#9896 = VERTEX_POINT('',#9897);
#9897 = CARTESIAN_POINT('',(134.2381,-57.25,0.));
#9898 = CIRCLE('',#9899,1.5);
#9899 = AXIS2_PLACEMENT_3D('',#9900,#9901,#9902);
#9900 = CARTESIAN_POINT('',(134.2381,-55.75,0.));
#9901 = DIRECTION('',(-0.,0.,-1.));
#9902 = DIRECTION('',(-0.,-1.,0.));
#9903 = FACE_BOUND('',#9904,.F.);
#9904 = EDGE_LOOP('',(#9905));
#9905 = ORIENTED_EDGE('',*,*,#9906,.T.);
#9906 = EDGE_CURVE('',#9907,#9907,#9909,.T.);
#9907 = VERTEX_POINT('',#9908);
#9908 = CARTESIAN_POINT('',(143.5295,-54.6284,0.));
#9909 = CIRCLE('',#9910,0.4064);
#9910 = AXIS2_PLACEMENT_3D('',#9911,#9912,#9913);
#9911 = CARTESIAN_POINT('',(143.5295,-54.222,0.));
#9912 = DIRECTION('',(-0.,0.,-1.));
#9913 = DIRECTION('',(6.99353086378E-14,-1.,-0.));
#9914 = FACE_BOUND('',#9915,.F.);
#9915 = EDGE_LOOP('',(#9916));
#9916 = ORIENTED_EDGE('',*,*,#9917,.T.);
#9917 = EDGE_CURVE('',#9918,#9918,#9920,.T.);
#9918 = VERTEX_POINT('',#9919);
#9919 = CARTESIAN_POINT('',(143.5295,-52.0884,0.));
#9920 = CIRCLE('',#9921,0.4064);
#9921 = AXIS2_PLACEMENT_3D('',#9922,#9923,#9924);
#9922 = CARTESIAN_POINT('',(143.5295,-51.682,0.));
#9923 = DIRECTION('',(-0.,0.,-1.));
#9924 = DIRECTION('',(6.99353086378E-14,-1.,-0.));
#9925 = FACE_BOUND('',#9926,.F.);
#9926 = EDGE_LOOP('',(#9927));
#9927 = ORIENTED_EDGE('',*,*,#9928,.T.);
#9928 = EDGE_CURVE('',#9929,#9929,#9931,.T.);
#9929 = VERTEX_POINT('',#9930);
#9930 = CARTESIAN_POINT('',(158.7495,-62.2484,0.));
#9931 = CIRCLE('',#9932,0.4064);
#9932 = AXIS2_PLACEMENT_3D('',#9933,#9934,#9935);
#9933 = CARTESIAN_POINT('',(158.7495,-61.842,0.));
#9934 = DIRECTION('',(-0.,0.,-1.));
#9935 = DIRECTION('',(-0.,-1.,0.));
#9936 = FACE_BOUND('',#9937,.F.);
#9937 = EDGE_LOOP('',(#9938));
#9938 = ORIENTED_EDGE('',*,*,#9939,.T.);
#9939 = EDGE_CURVE('',#9940,#9940,#9942,.T.);
#9940 = VERTEX_POINT('',#9941);
#9941 = CARTESIAN_POINT('',(158.7495,-59.7084,0.));
#9942 = CIRCLE('',#9943,0.4064);
#9943 = AXIS2_PLACEMENT_3D('',#9944,#9945,#9946);
#9944 = CARTESIAN_POINT('',(158.7495,-59.302,0.));
#9945 = DIRECTION('',(-0.,0.,-1.));
#9946 = DIRECTION('',(-0.,-1.,0.));
#9947 = FACE_BOUND('',#9948,.F.);
#9948 = EDGE_LOOP('',(#9949));
#9949 = ORIENTED_EDGE('',*,*,#9950,.T.);
#9950 = EDGE_CURVE('',#9951,#9951,#9953,.T.);
#9951 = VERTEX_POINT('',#9952);
#9952 = CARTESIAN_POINT('',(158.7495,-57.1684,0.));
#9953 = CIRCLE('',#9954,0.4064);
#9954 = AXIS2_PLACEMENT_3D('',#9955,#9956,#9957);
#9955 = CARTESIAN_POINT('',(158.7495,-56.762,0.));
#9956 = DIRECTION('',(-0.,0.,-1.));
#9957 = DIRECTION('',(-0.,-1.,0.));
#9958 = FACE_BOUND('',#9959,.F.);
#9959 = EDGE_LOOP('',(#9960));
#9960 = ORIENTED_EDGE('',*,*,#9961,.T.);
#9961 = EDGE_CURVE('',#9962,#9962,#9964,.T.);
#9962 = VERTEX_POINT('',#9963);
#9963 = CARTESIAN_POINT('',(158.7495,-54.6284,0.));
#9964 = CIRCLE('',#9965,0.4064);
#9965 = AXIS2_PLACEMENT_3D('',#9966,#9967,#9968);
#9966 = CARTESIAN_POINT('',(158.7495,-54.222,0.));
#9967 = DIRECTION('',(-0.,0.,-1.));
#9968 = DIRECTION('',(-0.,-1.,0.));
#9969 = FACE_BOUND('',#9970,.F.);
#9970 = EDGE_LOOP('',(#9971));
#9971 = ORIENTED_EDGE('',*,*,#9972,.T.);
#9972 = EDGE_CURVE('',#9973,#9973,#9975,.T.);
#9973 = VERTEX_POINT('',#9974);
#9974 = CARTESIAN_POINT('',(158.7495,-52.0884,0.));
#9975 = CIRCLE('',#9976,0.4064);
#9976 = AXIS2_PLACEMENT_3D('',#9977,#9978,#9979);
#9977 = CARTESIAN_POINT('',(158.7495,-51.682,0.));
#9978 = DIRECTION('',(-0.,0.,-1.));
#9979 = DIRECTION('',(-0.,-1.,0.));
#9980 = FACE_BOUND('',#9981,.F.);
#9981 = EDGE_LOOP('',(#9982,#9993,#10001,#10010));
#9982 = ORIENTED_EDGE('',*,*,#9983,.T.);
#9983 = EDGE_CURVE('',#9984,#9986,#9988,.T.);
#9984 = VERTEX_POINT('',#9985);
#9985 = CARTESIAN_POINT('',(162.3881,-51.65,0.));
#9986 = VERTEX_POINT('',#9987);
#9987 = CARTESIAN_POINT('',(161.8881,-51.65,0.));
#9988 = CIRCLE('',#9989,0.25);
#9989 = AXIS2_PLACEMENT_3D('',#9990,#9991,#9992);
#9990 = CARTESIAN_POINT('',(162.1381,-51.65,0.));
#9991 = DIRECTION('',(-0.,0.,-1.));
#9992 = DIRECTION('',(-1.,0.,0.));
#9993 = ORIENTED_EDGE('',*,*,#9994,.T.);
#9994 = EDGE_CURVE('',#9986,#9995,#9997,.T.);
#9995 = VERTEX_POINT('',#9996);
#9996 = CARTESIAN_POINT('',(161.8881,-50.55,0.));
#9997 = LINE('',#9998,#9999);
#9998 = CARTESIAN_POINT('',(161.8881,-25.275,0.));
#9999 = VECTOR('',#10000,1.);
#10000 = DIRECTION('',(-0.,1.,0.));
#10001 = ORIENTED_EDGE('',*,*,#10002,.T.);
#10002 = EDGE_CURVE('',#9995,#10003,#10005,.T.);
#10003 = VERTEX_POINT('',#10004);
#10004 = CARTESIAN_POINT('',(162.3881,-50.55,0.));
#10005 = CIRCLE('',#10006,0.25);
#10006 = AXIS2_PLACEMENT_3D('',#10007,#10008,#10009);
#10007 = CARTESIAN_POINT('',(162.1381,-50.55,0.));
#10008 = DIRECTION('',(0.,-0.,-1.));
#10009 = DIRECTION('',(1.,0.,-0.));
#10010 = ORIENTED_EDGE('',*,*,#10011,.T.);
#10011 = EDGE_CURVE('',#10003,#9984,#10012,.T.);
#10012 = LINE('',#10013,#10014);
#10013 = CARTESIAN_POINT('',(162.3881,-25.825,0.));
#10014 = VECTOR('',#10015,1.);
#10015 = DIRECTION('',(0.,-1.,0.));
#10016 = FACE_BOUND('',#10017,.F.);
#10017 = EDGE_LOOP('',(#10018));
#10018 = ORIENTED_EDGE('',*,*,#10019,.T.);
#10019 = EDGE_CURVE('',#10020,#10020,#10022,.T.);
#10020 = VERTEX_POINT('',#10021);
#10021 = CARTESIAN_POINT('',(143.5295,-49.5484,0.));
#10022 = CIRCLE('',#10023,0.4064);
#10023 = AXIS2_PLACEMENT_3D('',#10024,#10025,#10026);
#10024 = CARTESIAN_POINT('',(143.5295,-49.142,0.));
#10025 = DIRECTION('',(-0.,0.,-1.));
#10026 = DIRECTION('',(6.99353086378E-14,-1.,-0.));
#10027 = FACE_BOUND('',#10028,.F.);
#10028 = EDGE_LOOP('',(#10029));
#10029 = ORIENTED_EDGE('',*,*,#10030,.T.);
#10030 = EDGE_CURVE('',#10031,#10031,#10033,.T.);
#10031 = VERTEX_POINT('',#10032);
#10032 = CARTESIAN_POINT('',(143.5295,-47.0084,0.));
#10033 = CIRCLE('',#10034,0.4064);
#10034 = AXIS2_PLACEMENT_3D('',#10035,#10036,#10037);
#10035 = CARTESIAN_POINT('',(143.5295,-46.602,0.));
#10036 = DIRECTION('',(-0.,0.,-1.));
#10037 = DIRECTION('',(6.99353086378E-14,-1.,-0.));
#10038 = FACE_BOUND('',#10039,.F.);
#10039 = EDGE_LOOP('',(#10040));
#10040 = ORIENTED_EDGE('',*,*,#10041,.T.);
#10041 = EDGE_CURVE('',#10042,#10042,#10044,.T.);
#10042 = VERTEX_POINT('',#10043);
#10043 = CARTESIAN_POINT('',(143.5295,-44.4684,0.));
#10044 = CIRCLE('',#10045,0.4064);
#10045 = AXIS2_PLACEMENT_3D('',#10046,#10047,#10048);
#10046 = CARTESIAN_POINT('',(143.5295,-44.062,0.));
#10047 = DIRECTION('',(-0.,0.,-1.));
#10048 = DIRECTION('',(6.99353086378E-14,-1.,-0.));
#10049 = FACE_BOUND('',#10050,.F.);
#10050 = EDGE_LOOP('',(#10051));
#10051 = ORIENTED_EDGE('',*,*,#10052,.T.);
#10052 = EDGE_CURVE('',#10053,#10053,#10055,.T.);
#10053 = VERTEX_POINT('',#10054);
#10054 = CARTESIAN_POINT('',(143.5295,-41.9284,0.));
#10055 = CIRCLE('',#10056,0.4064);
#10056 = AXIS2_PLACEMENT_3D('',#10057,#10058,#10059);
#10057 = CARTESIAN_POINT('',(143.5295,-41.522,0.));
#10058 = DIRECTION('',(-0.,0.,-1.));
#10059 = DIRECTION('',(6.99353086378E-14,-1.,-0.));
#10060 = FACE_BOUND('',#10061,.F.);
#10061 = EDGE_LOOP('',(#10062));
#10062 = ORIENTED_EDGE('',*,*,#10063,.T.);
#10063 = EDGE_CURVE('',#10064,#10064,#10066,.T.);
#10064 = VERTEX_POINT('',#10065);
#10065 = CARTESIAN_POINT('',(149.6381,-39.203,0.));
#10066 = CIRCLE('',#10067,0.45);
#10067 = AXIS2_PLACEMENT_3D('',#10068,#10069,#10070);
#10068 = CARTESIAN_POINT('',(149.6381,-38.753,0.));
#10069 = DIRECTION('',(-0.,0.,-1.));
#10070 = DIRECTION('',(-0.,-1.,0.));
#10071 = FACE_BOUND('',#10072,.F.);
#10072 = EDGE_LOOP('',(#10073));
#10073 = ORIENTED_EDGE('',*,*,#10074,.T.);
#10074 = EDGE_CURVE('',#10075,#10075,#10077,.T.);
#10075 = VERTEX_POINT('',#10076);
#10076 = CARTESIAN_POINT('',(158.7495,-49.5484,0.));
#10077 = CIRCLE('',#10078,0.4064);
#10078 = AXIS2_PLACEMENT_3D('',#10079,#10080,#10081);
#10079 = CARTESIAN_POINT('',(158.7495,-49.142,0.));
#10080 = DIRECTION('',(-0.,0.,-1.));
#10081 = DIRECTION('',(-0.,-1.,0.));
#10082 = FACE_BOUND('',#10083,.F.);
#10083 = EDGE_LOOP('',(#10084));
#10084 = ORIENTED_EDGE('',*,*,#10085,.T.);
#10085 = EDGE_CURVE('',#10086,#10086,#10088,.T.);
#10086 = VERTEX_POINT('',#10087);
#10087 = CARTESIAN_POINT('',(158.7495,-47.0084,0.));
#10088 = CIRCLE('',#10089,0.4064);
#10089 = AXIS2_PLACEMENT_3D('',#10090,#10091,#10092);
#10090 = CARTESIAN_POINT('',(158.7495,-46.602,0.));
#10091 = DIRECTION('',(-0.,0.,-1.));
#10092 = DIRECTION('',(-0.,-1.,0.));
#10093 = FACE_BOUND('',#10094,.F.);
#10094 = EDGE_LOOP('',(#10095,#10106,#10114,#10123));
#10095 = ORIENTED_EDGE('',*,*,#10096,.T.);
#10096 = EDGE_CURVE('',#10097,#10099,#10101,.T.);
#10097 = VERTEX_POINT('',#10098);
#10098 = CARTESIAN_POINT('',(166.5881,-50.15,0.));
#10099 = VERTEX_POINT('',#10100);
#10100 = CARTESIAN_POINT('',(166.0881,-50.15,0.));
#10101 = CIRCLE('',#10102,0.25);
#10102 = AXIS2_PLACEMENT_3D('',#10103,#10104,#10105);
#10103 = CARTESIAN_POINT('',(166.3381,-50.15,0.));
#10104 = DIRECTION('',(-0.,0.,-1.));
#10105 = DIRECTION('',(-1.,0.,0.));
#10106 = ORIENTED_EDGE('',*,*,#10107,.T.);
#10107 = EDGE_CURVE('',#10099,#10108,#10110,.T.);
#10108 = VERTEX_POINT('',#10109);
#10109 = CARTESIAN_POINT('',(166.0881,-49.05,0.));
#10110 = LINE('',#10111,#10112);
#10111 = CARTESIAN_POINT('',(166.0881,-24.525,0.));
#10112 = VECTOR('',#10113,1.);
#10113 = DIRECTION('',(-0.,1.,0.));
#10114 = ORIENTED_EDGE('',*,*,#10115,.T.);
#10115 = EDGE_CURVE('',#10108,#10116,#10118,.T.);
#10116 = VERTEX_POINT('',#10117);
#10117 = CARTESIAN_POINT('',(166.5881,-49.05,0.));
#10118 = CIRCLE('',#10119,0.25);
#10119 = AXIS2_PLACEMENT_3D('',#10120,#10121,#10122);
#10120 = CARTESIAN_POINT('',(166.3381,-49.05,0.));
#10121 = DIRECTION('',(0.,-0.,-1.));
#10122 = DIRECTION('',(1.,0.,-0.));
#10123 = ORIENTED_EDGE('',*,*,#10124,.T.);
#10124 = EDGE_CURVE('',#10116,#10097,#10125,.T.);
#10125 = LINE('',#10126,#10127);
#10126 = CARTESIAN_POINT('',(166.5881,-25.075,0.));
#10127 = VECTOR('',#10128,1.);
#10128 = DIRECTION('',(0.,-1.,0.));
#10129 = FACE_BOUND('',#10130,.F.);
#10130 = EDGE_LOOP('',(#10131));
#10131 = ORIENTED_EDGE('',*,*,#10132,.T.);
#10132 = EDGE_CURVE('',#10133,#10133,#10135,.T.);
#10133 = VERTEX_POINT('',#10134);
#10134 = CARTESIAN_POINT('',(164.2381,-48.4,0.));
#10135 = CIRCLE('',#10136,0.6);
#10136 = AXIS2_PLACEMENT_3D('',#10137,#10138,#10139);
#10137 = CARTESIAN_POINT('',(164.2381,-47.8,0.));
#10138 = DIRECTION('',(-0.,0.,-1.));
#10139 = DIRECTION('',(-0.,-1.,0.));
#10140 = FACE_BOUND('',#10141,.F.);
#10141 = EDGE_LOOP('',(#10142,#10153,#10161,#10170));
#10142 = ORIENTED_EDGE('',*,*,#10143,.T.);
#10143 = EDGE_CURVE('',#10144,#10146,#10148,.T.);
#10144 = VERTEX_POINT('',#10145);
#10145 = CARTESIAN_POINT('',(166.5881,-46.15,0.));
#10146 = VERTEX_POINT('',#10147);
#10147 = CARTESIAN_POINT('',(166.0881,-46.15,0.));
#10148 = CIRCLE('',#10149,0.25);
#10149 = AXIS2_PLACEMENT_3D('',#10150,#10151,#10152);
#10150 = CARTESIAN_POINT('',(166.3381,-46.15,0.));
#10151 = DIRECTION('',(-0.,0.,-1.));
#10152 = DIRECTION('',(-1.,0.,0.));
#10153 = ORIENTED_EDGE('',*,*,#10154,.T.);
#10154 = EDGE_CURVE('',#10146,#10155,#10157,.T.);
#10155 = VERTEX_POINT('',#10156);
#10156 = CARTESIAN_POINT('',(166.0881,-45.05,0.));
#10157 = LINE('',#10158,#10159);
#10158 = CARTESIAN_POINT('',(166.0881,-22.525,0.));
#10159 = VECTOR('',#10160,1.);
#10160 = DIRECTION('',(-0.,1.,0.));
#10161 = ORIENTED_EDGE('',*,*,#10162,.T.);
#10162 = EDGE_CURVE('',#10155,#10163,#10165,.T.);
#10163 = VERTEX_POINT('',#10164);
#10164 = CARTESIAN_POINT('',(166.5881,-45.05,0.));
#10165 = CIRCLE('',#10166,0.25);
#10166 = AXIS2_PLACEMENT_3D('',#10167,#10168,#10169);
#10167 = CARTESIAN_POINT('',(166.3381,-45.05,0.));
#10168 = DIRECTION('',(0.,-0.,-1.));
#10169 = DIRECTION('',(1.,0.,-0.));
#10170 = ORIENTED_EDGE('',*,*,#10171,.T.);
#10171 = EDGE_CURVE('',#10163,#10144,#10172,.T.);
#10172 = LINE('',#10173,#10174);
#10173 = CARTESIAN_POINT('',(166.5881,-23.075,0.));
#10174 = VECTOR('',#10175,1.);
#10175 = DIRECTION('',(0.,-1.,0.));
#10176 = FACE_BOUND('',#10177,.F.);
#10177 = EDGE_LOOP('',(#10178));
#10178 = ORIENTED_EDGE('',*,*,#10179,.T.);
#10179 = EDGE_CURVE('',#10180,#10180,#10182,.T.);
#10180 = VERTEX_POINT('',#10181);
#10181 = CARTESIAN_POINT('',(158.7495,-44.4684,0.));
#10182 = CIRCLE('',#10183,0.4064);
#10183 = AXIS2_PLACEMENT_3D('',#10184,#10185,#10186);
#10184 = CARTESIAN_POINT('',(158.7495,-44.062,0.));
#10185 = DIRECTION('',(-0.,0.,-1.));
#10186 = DIRECTION('',(-0.,-1.,0.));
#10187 = FACE_BOUND('',#10188,.F.);
#10188 = EDGE_LOOP('',(#10189));
#10189 = ORIENTED_EDGE('',*,*,#10190,.T.);
#10190 = EDGE_CURVE('',#10191,#10191,#10193,.T.);
#10191 = VERTEX_POINT('',#10192);
#10192 = CARTESIAN_POINT('',(158.7495,-41.9284,0.));
#10193 = CIRCLE('',#10194,0.4064);
#10194 = AXIS2_PLACEMENT_3D('',#10195,#10196,#10197);
#10195 = CARTESIAN_POINT('',(158.7495,-41.522,0.));
#10196 = DIRECTION('',(-0.,0.,-1.));
#10197 = DIRECTION('',(-0.,-1.,0.));
#10198 = FACE_BOUND('',#10199,.F.);
#10199 = EDGE_LOOP('',(#10200));
#10200 = ORIENTED_EDGE('',*,*,#10201,.T.);
#10201 = EDGE_CURVE('',#10202,#10202,#10204,.T.);
#10202 = VERTEX_POINT('',#10203);
#10203 = CARTESIAN_POINT('',(152.6381,-39.203,0.));
#10204 = CIRCLE('',#10205,0.45);
#10205 = AXIS2_PLACEMENT_3D('',#10206,#10207,#10208);
#10206 = CARTESIAN_POINT('',(152.6381,-38.753,0.));
#10207 = DIRECTION('',(-0.,0.,-1.));
#10208 = DIRECTION('',(-0.,-1.,0.));
#10209 = FACE_BOUND('',#10210,.F.);
#10210 = EDGE_LOOP('',(#10211,#10222,#10230,#10239));
#10211 = ORIENTED_EDGE('',*,*,#10212,.T.);
#10212 = EDGE_CURVE('',#10213,#10215,#10217,.T.);
#10213 = VERTEX_POINT('',#10214);
#10214 = CARTESIAN_POINT('',(166.5881,-43.15,0.));
#10215 = VERTEX_POINT('',#10216);
#10216 = CARTESIAN_POINT('',(166.0881,-43.15,0.));
#10217 = CIRCLE('',#10218,0.25);
#10218 = AXIS2_PLACEMENT_3D('',#10219,#10220,#10221);
#10219 = CARTESIAN_POINT('',(166.3381,-43.15,0.));
#10220 = DIRECTION('',(-0.,0.,-1.));
#10221 = DIRECTION('',(-1.,0.,0.));
#10222 = ORIENTED_EDGE('',*,*,#10223,.T.);
#10223 = EDGE_CURVE('',#10215,#10224,#10226,.T.);
#10224 = VERTEX_POINT('',#10225);
#10225 = CARTESIAN_POINT('',(166.0881,-42.05,0.));
#10226 = LINE('',#10227,#10228);
#10227 = CARTESIAN_POINT('',(166.0881,-21.025,0.));
#10228 = VECTOR('',#10229,1.);
#10229 = DIRECTION('',(-0.,1.,0.));
#10230 = ORIENTED_EDGE('',*,*,#10231,.T.);
#10231 = EDGE_CURVE('',#10224,#10232,#10234,.T.);
#10232 = VERTEX_POINT('',#10233);
#10233 = CARTESIAN_POINT('',(166.5881,-42.05,0.));
#10234 = CIRCLE('',#10235,0.25);
#10235 = AXIS2_PLACEMENT_3D('',#10236,#10237,#10238);
#10236 = CARTESIAN_POINT('',(166.3381,-42.05,0.));
#10237 = DIRECTION('',(0.,-0.,-1.));
#10238 = DIRECTION('',(1.,0.,-0.));
#10239 = ORIENTED_EDGE('',*,*,#10240,.T.);
#10240 = EDGE_CURVE('',#10232,#10213,#10241,.T.);
#10241 = LINE('',#10242,#10243);
#10242 = CARTESIAN_POINT('',(166.5881,-21.575,0.));
#10243 = VECTOR('',#10244,1.);
#10244 = DIRECTION('',(0.,-1.,0.));
#10245 = FACE_BOUND('',#10246,.F.);
#10246 = EDGE_LOOP('',(#10247));
#10247 = ORIENTED_EDGE('',*,*,#10248,.T.);
#10248 = EDGE_CURVE('',#10249,#10249,#10251,.T.);
#10249 = VERTEX_POINT('',#10250);
#10250 = CARTESIAN_POINT('',(164.2381,-41.4,0.));
#10251 = CIRCLE('',#10252,0.6);
#10252 = AXIS2_PLACEMENT_3D('',#10253,#10254,#10255);
#10253 = CARTESIAN_POINT('',(164.2381,-40.8,0.));
#10254 = DIRECTION('',(-0.,0.,-1.));
#10255 = DIRECTION('',(-0.,-1.,0.));
#10256 = PLANE('',#10257);
#10257 = AXIS2_PLACEMENT_3D('',#10258,#10259,#10260);
#10258 = CARTESIAN_POINT('',(0.,0.,0.));
#10259 = DIRECTION('',(0.,0.,1.));
#10260 = DIRECTION('',(1.,0.,-0.));
#10261 = ADVANCED_FACE('',(#10262,#11201,#11212,#11223,#11234,#11245,
    #11256,#11267,#11278,#11289,#11300,#11311,#11322,#11333,#11344,
    #11355,#11366,#11377,#11388,#11399,#11410,#11421,#11432,#11443,
    #11454,#11465,#11476,#11487,#11498,#11509,#11520,#11531,#11542,
    #11553,#11564,#11575,#11586,#11597,#11608,#11619,#11630,#11641,
    #11652,#11663,#11674,#11685,#11696,#11707,#11718,#11729,#11740,
    #11751,#11762,#11773,#11784,#11795,#11806,#11817,#11828,#11839,
    #11850,#11861,#11872,#11883,#11894,#11905,#11916,#11927,#11938,
    #11949,#11960,#11971,#11982,#11993,#12004,#12015,#12026,#12037,
    #12048,#12059,#12070,#12081,#12092,#12103,#12114,#12125,#12136,
    #12147,#12158,#12169,#12180,#12191,#12202,#12213,#12224,#12235,
    #12246,#12257,#12268,#12279,#12290,#12301,#12312,#12323,#12334,
    #12345,#12356,#12367,#12378,#12389,#12400,#12411,#12422,#12433,
    #12444,#12455,#12466,#12477,#12488,#12499,#12510,#12546,#12557,
    #12568,#12579,#12590,#12601,#12612,#12623,#12659,#12670,#12706,
    #12717,#12728,#12739,#12775),#12786,.T.);
#10262 = FACE_BOUND('',#10263,.T.);
#10263 = EDGE_LOOP('',(#10264,#10265,#10266,#10274,#10282,#10290,#10298,
    #10306,#10314,#10322,#10330,#10338,#10346,#10354,#10362,#10370,
    #10378,#10386,#10394,#10402,#10410,#10418,#10426,#10434,#10442,
    #10450,#10458,#10466,#10474,#10482,#10490,#10498,#10506,#10514,
    #10522,#10530,#10538,#10546,#10554,#10562,#10570,#10578,#10586,
    #10594,#10602,#10610,#10618,#10626,#10634,#10642,#10650,#10658,
    #10666,#10674,#10682,#10690,#10698,#10706,#10714,#10722,#10730,
    #10738,#10746,#10754,#10762,#10770,#10778,#10786,#10794,#10802,
    #10810,#10818,#10826,#10834,#10842,#10850,#10858,#10866,#10874,
    #10882,#10890,#10898,#10906,#10914,#10922,#10930,#10938,#10946,
    #10954,#10962,#10970,#10978,#10986,#10994,#11002,#11010,#11018,
    #11026,#11034,#11042,#11050,#11058,#11066,#11074,#11082,#11090,
    #11098,#11106,#11114,#11122,#11130,#11138,#11146,#11154,#11162,
    #11170,#11178,#11186,#11194,#11200));
#10264 = ORIENTED_EDGE('',*,*,#7643,.F.);
#10265 = ORIENTED_EDGE('',*,*,#7683,.F.);
#10266 = ORIENTED_EDGE('',*,*,#10267,.F.);
#10267 = EDGE_CURVE('',#10268,#7676,#10270,.T.);
#10268 = VERTEX_POINT('',#10269);
#10269 = CARTESIAN_POINT('',(157.742082,-37.086762,1.51));
#10270 = LINE('',#10271,#10272);
#10271 = CARTESIAN_POINT('',(157.742082,-37.086762,1.51));
#10272 = VECTOR('',#10273,1.);
#10273 = DIRECTION('',(1.,0.,0.));
#10274 = ORIENTED_EDGE('',*,*,#10275,.F.);
#10275 = EDGE_CURVE('',#10276,#10268,#10278,.T.);
#10276 = VERTEX_POINT('',#10277);
#10277 = CARTESIAN_POINT('',(147.334249,-37.086762,1.51));
#10278 = LINE('',#10279,#10280);
#10279 = CARTESIAN_POINT('',(147.334249,-37.086762,1.51));
#10280 = VECTOR('',#10281,1.);
#10281 = DIRECTION('',(1.,0.,0.));
#10282 = ORIENTED_EDGE('',*,*,#10283,.F.);
#10283 = EDGE_CURVE('',#10284,#10276,#10286,.T.);
#10284 = VERTEX_POINT('',#10285);
#10285 = CARTESIAN_POINT('',(136.926415,-37.086762,1.51));
#10286 = LINE('',#10287,#10288);
#10287 = CARTESIAN_POINT('',(136.926415,-37.086762,1.51));
#10288 = VECTOR('',#10289,1.);
#10289 = DIRECTION('',(1.,0.,0.));
#10290 = ORIENTED_EDGE('',*,*,#10291,.F.);
#10291 = EDGE_CURVE('',#10292,#10284,#10294,.T.);
#10292 = VERTEX_POINT('',#10293);
#10293 = CARTESIAN_POINT('',(126.518581,-37.086762,1.51));
#10294 = LINE('',#10295,#10296);
#10295 = CARTESIAN_POINT('',(126.518581,-37.086762,1.51));
#10296 = VECTOR('',#10297,1.);
#10297 = DIRECTION('',(1.,0.,0.));
#10298 = ORIENTED_EDGE('',*,*,#10299,.F.);
#10299 = EDGE_CURVE('',#10300,#10292,#10302,.T.);
#10300 = VERTEX_POINT('',#10301);
#10301 = CARTESIAN_POINT('',(116.110747,-37.086762,1.51));
#10302 = LINE('',#10303,#10304);
#10303 = CARTESIAN_POINT('',(116.110747,-37.086762,1.51));
#10304 = VECTOR('',#10305,1.);
#10305 = DIRECTION('',(1.,0.,0.));
#10306 = ORIENTED_EDGE('',*,*,#10307,.F.);
#10307 = EDGE_CURVE('',#10308,#10300,#10310,.T.);
#10308 = VERTEX_POINT('',#10309);
#10309 = CARTESIAN_POINT('',(105.702913,-37.086762,1.51));
#10310 = LINE('',#10311,#10312);
#10311 = CARTESIAN_POINT('',(105.702913,-37.086762,1.51));
#10312 = VECTOR('',#10313,1.);
#10313 = DIRECTION('',(1.,0.,0.));
#10314 = ORIENTED_EDGE('',*,*,#10315,.F.);
#10315 = EDGE_CURVE('',#10316,#10308,#10318,.T.);
#10316 = VERTEX_POINT('',#10317);
#10317 = CARTESIAN_POINT('',(95.295079,-37.086762,1.51));
#10318 = LINE('',#10319,#10320);
#10319 = CARTESIAN_POINT('',(95.295079,-37.086762,1.51));
#10320 = VECTOR('',#10321,1.);
#10321 = DIRECTION('',(1.,0.,0.));
#10322 = ORIENTED_EDGE('',*,*,#10323,.F.);
#10323 = EDGE_CURVE('',#10324,#10316,#10326,.T.);
#10324 = VERTEX_POINT('',#10325);
#10325 = CARTESIAN_POINT('',(84.887245,-37.086762,1.51));
#10326 = LINE('',#10327,#10328);
#10327 = CARTESIAN_POINT('',(84.887245,-37.086762,1.51));
#10328 = VECTOR('',#10329,1.);
#10329 = DIRECTION('',(1.,0.,0.));
#10330 = ORIENTED_EDGE('',*,*,#10331,.F.);
#10331 = EDGE_CURVE('',#10332,#10324,#10334,.T.);
#10332 = VERTEX_POINT('',#10333);
#10333 = CARTESIAN_POINT('',(73.148563,-37.215654,1.51));
#10334 = LINE('',#10335,#10336);
#10335 = CARTESIAN_POINT('',(73.148563,-37.215654,1.51));
#10336 = VECTOR('',#10337,1.);
#10337 = DIRECTION('',(0.999939724061,1.097944649268E-02,0.));
#10338 = ORIENTED_EDGE('',*,*,#10339,.F.);
#10339 = EDGE_CURVE('',#10340,#10332,#10342,.T.);
#10340 = VERTEX_POINT('',#10341);
#10341 = CARTESIAN_POINT('',(62.218588,-37.585374,1.51));
#10342 = LINE('',#10343,#10344);
#10343 = CARTESIAN_POINT('',(62.218588,-37.585374,1.51));
#10344 = VECTOR('',#10345,1.);
#10345 = DIRECTION('',(0.999428383105,3.380690823186E-02,0.));
#10346 = ORIENTED_EDGE('',*,*,#10347,.F.);
#10347 = EDGE_CURVE('',#10348,#10340,#10350,.T.);
#10348 = VERTEX_POINT('',#10349);
#10349 = CARTESIAN_POINT('',(52.330472,-38.170488,1.51));
#10350 = LINE('',#10351,#10352);
#10351 = CARTESIAN_POINT('',(52.330472,-38.170488,1.51));
#10352 = VECTOR('',#10353,1.);
#10353 = DIRECTION('',(0.998253835343,5.907012970043E-02,0.));
#10354 = ORIENTED_EDGE('',*,*,#10355,.F.);
#10355 = EDGE_CURVE('',#10356,#10348,#10358,.T.);
#10356 = VERTEX_POINT('',#10357);
#10357 = CARTESIAN_POINT('',(43.717368,-38.945561,1.51));
#10358 = LINE('',#10359,#10360);
#10359 = CARTESIAN_POINT('',(43.717368,-38.945561,1.51));
#10360 = VECTOR('',#10361,1.);
#10361 = DIRECTION('',(0.995975536778,8.962549938064E-02,0.));
#10362 = ORIENTED_EDGE('',*,*,#10363,.F.);
#10363 = EDGE_CURVE('',#10364,#10356,#10366,.T.);
#10364 = VERTEX_POINT('',#10365);
#10365 = CARTESIAN_POINT('',(36.612429,-39.885159,1.51));
#10366 = LINE('',#10367,#10368);
#10367 = CARTESIAN_POINT('',(36.612429,-39.885159,1.51));
#10368 = VECTOR('',#10369,1.);
#10369 = DIRECTION('',(0.991368582729,0.131104283597,0.));
#10370 = ORIENTED_EDGE('',*,*,#10371,.F.);
#10371 = EDGE_CURVE('',#10372,#10364,#10374,.T.);
#10372 = VERTEX_POINT('',#10373);
#10373 = CARTESIAN_POINT('',(31.248807,-40.963847,1.51));
#10374 = LINE('',#10375,#10376);
#10375 = CARTESIAN_POINT('',(31.248807,-40.963847,1.51));
#10376 = VECTOR('',#10377,1.);
#10377 = DIRECTION('',(0.980370493366,0.197164134003,0.));
#10378 = ORIENTED_EDGE('',*,*,#10379,.F.);
#10379 = EDGE_CURVE('',#10380,#10372,#10382,.T.);
#10380 = VERTEX_POINT('',#10381);
#10381 = CARTESIAN_POINT('',(27.859655,-42.15619,1.51));
#10382 = LINE('',#10383,#10384);
#10383 = CARTESIAN_POINT('',(27.859655,-42.15619,1.51));
#10384 = VECTOR('',#10385,1.);
#10385 = DIRECTION('',(0.943324277412,0.331872426761,0.));
#10386 = ORIENTED_EDGE('',*,*,#10387,.F.);
#10387 = EDGE_CURVE('',#10388,#10380,#10390,.T.);
#10388 = VERTEX_POINT('',#10389);
#10389 = CARTESIAN_POINT('',(26.678126,-43.436755,1.51));
#10390 = LINE('',#10391,#10392);
#10391 = CARTESIAN_POINT('',(26.678126,-43.436755,1.51));
#10392 = VECTOR('',#10393,1.);
#10393 = DIRECTION('',(0.678115536366,0.73495531792,0.));
#10394 = ORIENTED_EDGE('',*,*,#10395,.F.);
#10395 = EDGE_CURVE('',#10396,#10388,#10398,.T.);
#10396 = VERTEX_POINT('',#10397);
#10397 = CARTESIAN_POINT('',(26.678126,-52.918378,1.51));
#10398 = LINE('',#10399,#10400);
#10399 = CARTESIAN_POINT('',(26.678126,-52.918378,1.51));
#10400 = VECTOR('',#10401,1.);
#10401 = DIRECTION('',(0.,1.,0.));
#10402 = ORIENTED_EDGE('',*,*,#10403,.F.);
#10403 = EDGE_CURVE('',#10404,#10396,#10406,.T.);
#10404 = VERTEX_POINT('',#10405);
#10405 = CARTESIAN_POINT('',(26.678126,-62.4,1.51));
#10406 = LINE('',#10407,#10408);
#10407 = CARTESIAN_POINT('',(26.678126,-62.4,1.51));
#10408 = VECTOR('',#10409,1.);
#10409 = DIRECTION('',(0.,1.,0.));
#10410 = ORIENTED_EDGE('',*,*,#10411,.F.);
#10411 = EDGE_CURVE('',#10412,#10404,#10414,.T.);
#10412 = VERTEX_POINT('',#10413);
#10413 = CARTESIAN_POINT('',(26.678126,-71.881623,1.51));
#10414 = LINE('',#10415,#10416);
#10415 = CARTESIAN_POINT('',(26.678126,-71.881623,1.51));
#10416 = VECTOR('',#10417,1.);
#10417 = DIRECTION('',(0.,1.,0.));
#10418 = ORIENTED_EDGE('',*,*,#10419,.F.);
#10419 = EDGE_CURVE('',#10420,#10412,#10422,.T.);
#10420 = VERTEX_POINT('',#10421);
#10421 = CARTESIAN_POINT('',(26.678126,-81.363245,1.51));
#10422 = LINE('',#10423,#10424);
#10423 = CARTESIAN_POINT('',(26.678126,-81.363245,1.51));
#10424 = VECTOR('',#10425,1.);
#10425 = DIRECTION('',(0.,1.,0.));
#10426 = ORIENTED_EDGE('',*,*,#10427,.F.);
#10427 = EDGE_CURVE('',#10428,#10420,#10430,.T.);
#10428 = VERTEX_POINT('',#10429);
#10429 = CARTESIAN_POINT('',(26.678126,-90.844867,1.51));
#10430 = LINE('',#10431,#10432);
#10431 = CARTESIAN_POINT('',(26.678126,-90.844867,1.51));
#10432 = VECTOR('',#10433,1.);
#10433 = DIRECTION('',(0.,1.,0.));
#10434 = ORIENTED_EDGE('',*,*,#10435,.F.);
#10435 = EDGE_CURVE('',#10436,#10428,#10438,.T.);
#10436 = VERTEX_POINT('',#10437);
#10437 = CARTESIAN_POINT('',(26.678126,-100.32649,1.51));
#10438 = LINE('',#10439,#10440);
#10439 = CARTESIAN_POINT('',(26.678126,-100.32649,1.51));
#10440 = VECTOR('',#10441,1.);
#10441 = DIRECTION('',(0.,1.,0.));
#10442 = ORIENTED_EDGE('',*,*,#10443,.F.);
#10443 = EDGE_CURVE('',#10444,#10436,#10446,.T.);
#10444 = VERTEX_POINT('',#10445);
#10445 = CARTESIAN_POINT('',(26.678126,-109.808112,1.51));
#10446 = LINE('',#10447,#10448);
#10447 = CARTESIAN_POINT('',(26.678126,-109.808112,1.51));
#10448 = VECTOR('',#10449,1.);
#10449 = DIRECTION('',(0.,1.,0.));
#10450 = ORIENTED_EDGE('',*,*,#10451,.F.);
#10451 = EDGE_CURVE('',#10452,#10444,#10454,.T.);
#10452 = VERTEX_POINT('',#10453);
#10453 = CARTESIAN_POINT('',(26.678127,-119.289735,1.51));
#10454 = LINE('',#10455,#10456);
#10455 = CARTESIAN_POINT('',(26.678127,-119.289735,1.51));
#10456 = VECTOR('',#10457,1.);
#10457 = DIRECTION('',(-1.054671759284E-07,1.,0.));
#10458 = ORIENTED_EDGE('',*,*,#10459,.F.);
#10459 = EDGE_CURVE('',#10460,#10452,#10462,.T.);
#10460 = VERTEX_POINT('',#10461);
#10461 = CARTESIAN_POINT('',(26.708574,-119.592231,1.51));
#10462 = LINE('',#10463,#10464);
#10463 = CARTESIAN_POINT('',(26.708574,-119.592231,1.51));
#10464 = VECTOR('',#10465,1.);
#10465 = DIRECTION('',(-0.100146559583,0.994972696411,0.));
#10466 = ORIENTED_EDGE('',*,*,#10467,.F.);
#10467 = EDGE_CURVE('',#10468,#10460,#10470,.T.);
#10468 = VERTEX_POINT('',#10469);
#10469 = CARTESIAN_POINT('',(26.795909,-119.873887,1.51));
#10470 = LINE('',#10471,#10472);
#10471 = CARTESIAN_POINT('',(26.795909,-119.873887,1.51));
#10472 = VECTOR('',#10473,1.);
#10473 = DIRECTION('',(-0.296165720844,0.955136569186,0.));
#10474 = ORIENTED_EDGE('',*,*,#10475,.F.);
#10475 = EDGE_CURVE('',#10476,#10468,#10478,.T.);
#10476 = VERTEX_POINT('',#10477);
#10477 = CARTESIAN_POINT('',(26.934125,-120.128696,1.51));
#10478 = LINE('',#10479,#10480);
#10479 = CARTESIAN_POINT('',(26.934125,-120.128696,1.51));
#10480 = VECTOR('',#10481,1.);
#10481 = DIRECTION('',(-0.476801713148,0.879010879534,0.));
#10482 = ORIENTED_EDGE('',*,*,#10483,.F.);
#10483 = EDGE_CURVE('',#10484,#10476,#10486,.T.);
#10484 = VERTEX_POINT('',#10485);
#10485 = CARTESIAN_POINT('',(27.117214,-120.350648,1.51));
#10486 = LINE('',#10487,#10488);
#10487 = CARTESIAN_POINT('',(27.117214,-120.350648,1.51));
#10488 = VECTOR('',#10489,1.);
#10489 = DIRECTION('',(-0.636338698066,0.771409788208,0.));
#10490 = ORIENTED_EDGE('',*,*,#10491,.F.);
#10491 = EDGE_CURVE('',#10492,#10484,#10494,.T.);
#10492 = VERTEX_POINT('',#10493);
#10493 = CARTESIAN_POINT('',(27.339166,-120.533736,1.51));
#10494 = LINE('',#10495,#10496);
#10495 = CARTESIAN_POINT('',(27.339166,-120.533736,1.51));
#10496 = VECTOR('',#10497,1.);
#10497 = DIRECTION('',(-0.77141149429,0.636336629841,0.));
#10498 = ORIENTED_EDGE('',*,*,#10499,.F.);
#10499 = EDGE_CURVE('',#10500,#10492,#10502,.T.);
#10500 = VERTEX_POINT('',#10501);
#10501 = CARTESIAN_POINT('',(27.593974,-120.671952,1.51));
#10502 = LINE('',#10503,#10504);
#10503 = CARTESIAN_POINT('',(27.593974,-120.671952,1.51));
#10504 = VECTOR('',#10505,1.);
#10505 = DIRECTION('',(-0.879010095279,0.476803158963,0.));
#10506 = ORIENTED_EDGE('',*,*,#10507,.F.);
#10507 = EDGE_CURVE('',#10508,#10500,#10510,.T.);
#10508 = VERTEX_POINT('',#10509);
#10509 = CARTESIAN_POINT('',(27.875631,-120.759288,1.51));
#10510 = LINE('',#10511,#10512);
#10511 = CARTESIAN_POINT('',(27.875631,-120.759288,1.51));
#10512 = VECTOR('',#10513,1.);
#10513 = DIRECTION('',(-0.955135907355,0.296167855245,0.));
#10514 = ORIENTED_EDGE('',*,*,#10515,.F.);
#10515 = EDGE_CURVE('',#10516,#10508,#10518,.T.);
#10516 = VERTEX_POINT('',#10517);
#10517 = CARTESIAN_POINT('',(28.178127,-120.789735,1.51));
#10518 = LINE('',#10519,#10520);
#10519 = CARTESIAN_POINT('',(28.178127,-120.789735,1.51));
#10520 = VECTOR('',#10521,1.);
#10521 = DIRECTION('',(-0.994972696411,0.100146559583,0.));
#10522 = ORIENTED_EDGE('',*,*,#10523,.F.);
#10523 = EDGE_CURVE('',#10524,#10516,#10526,.T.);
#10524 = VERTEX_POINT('',#10525);
#10525 = CARTESIAN_POINT('',(33.445708,-120.789735,1.51));
#10526 = LINE('',#10527,#10528);
#10527 = CARTESIAN_POINT('',(33.445708,-120.789735,1.51));
#10528 = VECTOR('',#10529,1.);
#10529 = DIRECTION('',(-1.,0.,0.));
#10530 = ORIENTED_EDGE('',*,*,#10531,.F.);
#10531 = EDGE_CURVE('',#10532,#10524,#10534,.T.);
#10532 = VERTEX_POINT('',#10533);
#10533 = CARTESIAN_POINT('',(38.71329,-120.789735,1.51));
#10534 = LINE('',#10535,#10536);
#10535 = CARTESIAN_POINT('',(38.71329,-120.789735,1.51));
#10536 = VECTOR('',#10537,1.);
#10537 = DIRECTION('',(-1.,0.,0.));
#10538 = ORIENTED_EDGE('',*,*,#10539,.F.);
#10539 = EDGE_CURVE('',#10540,#10532,#10542,.T.);
#10540 = VERTEX_POINT('',#10541);
#10541 = CARTESIAN_POINT('',(43.980871,-120.789735,1.51));
#10542 = LINE('',#10543,#10544);
#10543 = CARTESIAN_POINT('',(43.980871,-120.789735,1.51));
#10544 = VECTOR('',#10545,1.);
#10545 = DIRECTION('',(-1.,0.,0.));
#10546 = ORIENTED_EDGE('',*,*,#10547,.F.);
#10547 = EDGE_CURVE('',#10548,#10540,#10550,.T.);
#10548 = VERTEX_POINT('',#10549);
#10549 = CARTESIAN_POINT('',(49.248453,-120.789735,1.51));
#10550 = LINE('',#10551,#10552);
#10551 = CARTESIAN_POINT('',(49.248453,-120.789735,1.51));
#10552 = VECTOR('',#10553,1.);
#10553 = DIRECTION('',(-1.,0.,0.));
#10554 = ORIENTED_EDGE('',*,*,#10555,.F.);
#10555 = EDGE_CURVE('',#10556,#10548,#10558,.T.);
#10556 = VERTEX_POINT('',#10557);
#10557 = CARTESIAN_POINT('',(54.516034,-120.789735,1.51));
#10558 = LINE('',#10559,#10560);
#10559 = CARTESIAN_POINT('',(54.516034,-120.789735,1.51));
#10560 = VECTOR('',#10561,1.);
#10561 = DIRECTION('',(-1.,0.,0.));
#10562 = ORIENTED_EDGE('',*,*,#10563,.F.);
#10563 = EDGE_CURVE('',#10564,#10556,#10566,.T.);
#10564 = VERTEX_POINT('',#10565);
#10565 = CARTESIAN_POINT('',(59.783615,-120.789735,1.51));
#10566 = LINE('',#10567,#10568);
#10567 = CARTESIAN_POINT('',(59.783615,-120.789735,1.51));
#10568 = VECTOR('',#10569,1.);
#10569 = DIRECTION('',(-1.,0.,0.));
#10570 = ORIENTED_EDGE('',*,*,#10571,.F.);
#10571 = EDGE_CURVE('',#10572,#10564,#10574,.T.);
#10572 = VERTEX_POINT('',#10573);
#10573 = CARTESIAN_POINT('',(65.051197,-120.789735,1.51));
#10574 = LINE('',#10575,#10576);
#10575 = CARTESIAN_POINT('',(65.051197,-120.789735,1.51));
#10576 = VECTOR('',#10577,1.);
#10577 = DIRECTION('',(-1.,0.,0.));
#10578 = ORIENTED_EDGE('',*,*,#10579,.F.);
#10579 = EDGE_CURVE('',#10580,#10572,#10582,.T.);
#10580 = VERTEX_POINT('',#10581);
#10581 = CARTESIAN_POINT('',(70.318778,-120.789735,1.51));
#10582 = LINE('',#10583,#10584);
#10583 = CARTESIAN_POINT('',(70.318778,-120.789735,1.51));
#10584 = VECTOR('',#10585,1.);
#10585 = DIRECTION('',(-1.,0.,0.));
#10586 = ORIENTED_EDGE('',*,*,#10587,.F.);
#10587 = EDGE_CURVE('',#10588,#10580,#10590,.T.);
#10588 = VERTEX_POINT('',#10589);
#10589 = CARTESIAN_POINT('',(71.024602,-120.860778,1.51));
#10590 = LINE('',#10591,#10592);
#10591 = CARTESIAN_POINT('',(71.024602,-120.860778,1.51));
#10592 = VECTOR('',#10593,1.);
#10593 = DIRECTION('',(-0.994972696411,0.100146559583,0.));
#10594 = ORIENTED_EDGE('',*,*,#10595,.F.);
#10595 = EDGE_CURVE('',#10596,#10588,#10598,.T.);
#10596 = VERTEX_POINT('',#10597);
#10597 = CARTESIAN_POINT('',(71.6818,-121.064561,1.51));
#10598 = LINE('',#10599,#10600);
#10599 = CARTESIAN_POINT('',(71.6818,-121.064561,1.51));
#10600 = VECTOR('',#10601,1.);
#10601 = DIRECTION('',(-0.95513610601,0.296167214585,0.));
#10602 = ORIENTED_EDGE('',*,*,#10603,.F.);
#10603 = EDGE_CURVE('',#10604,#10596,#10606,.T.);
#10604 = VERTEX_POINT('',#10605);
#10605 = CARTESIAN_POINT('',(72.276353,-121.387065,1.51));
#10606 = LINE('',#10607,#10608);
#10607 = CARTESIAN_POINT('',(72.276353,-121.387065,1.51));
#10608 = VECTOR('',#10609,1.);
#10609 = DIRECTION('',(-0.879010431389,0.476802539327,0.));
#10610 = ORIENTED_EDGE('',*,*,#10611,.F.);
#10611 = EDGE_CURVE('',#10612,#10604,#10614,.T.);
#10612 = VERTEX_POINT('',#10613);
#10613 = CARTESIAN_POINT('',(72.794242,-121.814271,1.51));
#10614 = LINE('',#10615,#10616);
#10615 = CARTESIAN_POINT('',(72.794242,-121.814271,1.51));
#10616 = VECTOR('',#10617,1.);
#10617 = DIRECTION('',(-0.771411609986,0.636336489587,0.));
#10618 = ORIENTED_EDGE('',*,*,#10619,.F.);
#10619 = EDGE_CURVE('',#10620,#10612,#10622,.T.);
#10620 = VERTEX_POINT('',#10621);
#10621 = CARTESIAN_POINT('',(73.221448,-122.33216,1.51));
#10622 = LINE('',#10623,#10624);
#10623 = CARTESIAN_POINT('',(73.221448,-122.33216,1.51));
#10624 = VECTOR('',#10625,1.);
#10625 = DIRECTION('',(-0.636336489587,0.771411609986,0.));
#10626 = ORIENTED_EDGE('',*,*,#10627,.F.);
#10627 = EDGE_CURVE('',#10628,#10620,#10630,.T.);
#10628 = VERTEX_POINT('',#10629);
#10629 = CARTESIAN_POINT('',(73.543952,-122.926713,1.51));
#10630 = LINE('',#10631,#10632);
#10631 = CARTESIAN_POINT('',(73.543952,-122.926713,1.51));
#10632 = VECTOR('',#10633,1.);
#10633 = DIRECTION('',(-0.476802539327,0.879010431389,0.));
#10634 = ORIENTED_EDGE('',*,*,#10635,.F.);
#10635 = EDGE_CURVE('',#10636,#10628,#10638,.T.);
#10636 = VERTEX_POINT('',#10637);
#10637 = CARTESIAN_POINT('',(73.747735,-123.583911,1.51));
#10638 = LINE('',#10639,#10640);
#10639 = CARTESIAN_POINT('',(73.747735,-123.583911,1.51));
#10640 = VECTOR('',#10641,1.);
#10641 = DIRECTION('',(-0.296167214585,0.95513610601,0.));
#10642 = ORIENTED_EDGE('',*,*,#10643,.F.);
#10643 = EDGE_CURVE('',#10644,#10636,#10646,.T.);
#10644 = VERTEX_POINT('',#10645);
#10645 = CARTESIAN_POINT('',(73.818778,-124.289735,1.51));
#10646 = LINE('',#10647,#10648);
#10647 = CARTESIAN_POINT('',(73.818778,-124.289735,1.51));
#10648 = VECTOR('',#10649,1.);
#10649 = DIRECTION('',(-0.100146559583,0.994972696411,0.));
#10650 = ORIENTED_EDGE('',*,*,#10651,.F.);
#10651 = EDGE_CURVE('',#10652,#10644,#10654,.T.);
#10652 = VERTEX_POINT('',#10653);
#10653 = CARTESIAN_POINT('',(73.818778,-125.507775,1.51));
#10654 = LINE('',#10655,#10656);
#10655 = CARTESIAN_POINT('',(73.818778,-125.507775,1.51));
#10656 = VECTOR('',#10657,1.);
#10657 = DIRECTION('',(0.,1.,0.));
#10658 = ORIENTED_EDGE('',*,*,#10659,.F.);
#10659 = EDGE_CURVE('',#10660,#10652,#10662,.T.);
#10660 = VERTEX_POINT('',#10661);
#10661 = CARTESIAN_POINT('',(73.818778,-126.725814,1.51));
#10662 = LINE('',#10663,#10664);
#10663 = CARTESIAN_POINT('',(73.818778,-126.725814,1.51));
#10664 = VECTOR('',#10665,1.);
#10665 = DIRECTION('',(0.,1.,0.));
#10666 = ORIENTED_EDGE('',*,*,#10667,.F.);
#10667 = EDGE_CURVE('',#10668,#10660,#10670,.T.);
#10668 = VERTEX_POINT('',#10669);
#10669 = CARTESIAN_POINT('',(73.818778,-127.943854,1.51));
#10670 = LINE('',#10671,#10672);
#10671 = CARTESIAN_POINT('',(73.818778,-127.943854,1.51));
#10672 = VECTOR('',#10673,1.);
#10673 = DIRECTION('',(0.,1.,0.));
#10674 = ORIENTED_EDGE('',*,*,#10675,.F.);
#10675 = EDGE_CURVE('',#10676,#10668,#10678,.T.);
#10676 = VERTEX_POINT('',#10677);
#10677 = CARTESIAN_POINT('',(73.818778,-129.161894,1.51));
#10678 = LINE('',#10679,#10680);
#10679 = CARTESIAN_POINT('',(73.818778,-129.161894,1.51));
#10680 = VECTOR('',#10681,1.);
#10681 = DIRECTION('',(0.,1.,0.));
#10682 = ORIENTED_EDGE('',*,*,#10683,.F.);
#10683 = EDGE_CURVE('',#10684,#10676,#10686,.T.);
#10684 = VERTEX_POINT('',#10685);
#10685 = CARTESIAN_POINT('',(73.818778,-130.379933,1.51));
#10686 = LINE('',#10687,#10688);
#10687 = CARTESIAN_POINT('',(73.818778,-130.379933,1.51));
#10688 = VECTOR('',#10689,1.);
#10689 = DIRECTION('',(0.,1.,0.));
#10690 = ORIENTED_EDGE('',*,*,#10691,.F.);
#10691 = EDGE_CURVE('',#10692,#10684,#10694,.T.);
#10692 = VERTEX_POINT('',#10693);
#10693 = CARTESIAN_POINT('',(73.818778,-131.597973,1.51));
#10694 = LINE('',#10695,#10696);
#10695 = CARTESIAN_POINT('',(73.818778,-131.597973,1.51));
#10696 = VECTOR('',#10697,1.);
#10697 = DIRECTION('',(0.,1.,0.));
#10698 = ORIENTED_EDGE('',*,*,#10699,.F.);
#10699 = EDGE_CURVE('',#10700,#10692,#10702,.T.);
#10700 = VERTEX_POINT('',#10701);
#10701 = CARTESIAN_POINT('',(73.818778,-132.816013,1.51));
#10702 = LINE('',#10703,#10704);
#10703 = CARTESIAN_POINT('',(73.818778,-132.816013,1.51));
#10704 = VECTOR('',#10705,1.);
#10705 = DIRECTION('',(0.,1.,0.));
#10706 = ORIENTED_EDGE('',*,*,#10707,.F.);
#10707 = EDGE_CURVE('',#10708,#10700,#10710,.T.);
#10708 = VERTEX_POINT('',#10709);
#10709 = CARTESIAN_POINT('',(73.818778,-134.011658,1.51));
#10710 = LINE('',#10711,#10712);
#10711 = CARTESIAN_POINT('',(73.818778,-134.011658,1.51));
#10712 = VECTOR('',#10713,1.);
#10713 = DIRECTION('',(0.,1.,0.));
#10714 = ORIENTED_EDGE('',*,*,#10715,.F.);
#10715 = EDGE_CURVE('',#10716,#10708,#10718,.T.);
#10716 = VERTEX_POINT('',#10717);
#10717 = CARTESIAN_POINT('',(73.849225,-134.314154,1.51));
#10718 = LINE('',#10719,#10720);
#10719 = CARTESIAN_POINT('',(73.849225,-134.314154,1.51));
#10720 = VECTOR('',#10721,1.);
#10721 = DIRECTION('',(-0.100146559583,0.994972696411,0.));
#10722 = ORIENTED_EDGE('',*,*,#10723,.F.);
#10723 = EDGE_CURVE('',#10724,#10716,#10726,.T.);
#10724 = VERTEX_POINT('',#10725);
#10725 = CARTESIAN_POINT('',(73.936561,-134.59581,1.51));
#10726 = LINE('',#10727,#10728);
#10727 = CARTESIAN_POINT('',(73.936561,-134.59581,1.51));
#10728 = VECTOR('',#10729,1.);
#10729 = DIRECTION('',(-0.296168814533,0.955135609899,0.));
#10730 = ORIENTED_EDGE('',*,*,#10731,.F.);
#10731 = EDGE_CURVE('',#10732,#10724,#10734,.T.);
#10732 = VERTEX_POINT('',#10733);
#10733 = CARTESIAN_POINT('',(74.074777,-134.850619,1.51));
#10734 = LINE('',#10735,#10736);
#10735 = CARTESIAN_POINT('',(74.074777,-134.850619,1.51));
#10736 = VECTOR('',#10737,1.);
#10737 = DIRECTION('',(-0.476801713148,0.879010879534,0.));
#10738 = ORIENTED_EDGE('',*,*,#10739,.F.);
#10739 = EDGE_CURVE('',#10740,#10732,#10742,.T.);
#10740 = VERTEX_POINT('',#10741);
#10741 = CARTESIAN_POINT('',(74.257865,-135.072571,1.51));
#10742 = LINE('',#10743,#10744);
#10743 = CARTESIAN_POINT('',(74.257865,-135.072571,1.51));
#10744 = VECTOR('',#10745,1.);
#10745 = DIRECTION('',(-0.636336629841,0.77141149429,0.));
#10746 = ORIENTED_EDGE('',*,*,#10747,.F.);
#10747 = EDGE_CURVE('',#10748,#10740,#10750,.T.);
#10748 = VERTEX_POINT('',#10749);
#10749 = CARTESIAN_POINT('',(74.479818,-135.25566,1.51));
#10750 = LINE('',#10751,#10752);
#10751 = CARTESIAN_POINT('',(74.479818,-135.25566,1.51));
#10752 = VECTOR('',#10753,1.);
#10753 = DIRECTION('',(-0.771411195554,0.636336991989,0.));
#10754 = ORIENTED_EDGE('',*,*,#10755,.F.);
#10755 = EDGE_CURVE('',#10756,#10748,#10758,.T.);
#10756 = VERTEX_POINT('',#10757);
#10757 = CARTESIAN_POINT('',(74.734626,-135.393876,1.51));
#10758 = LINE('',#10759,#10760);
#10759 = CARTESIAN_POINT('',(74.734626,-135.393876,1.51));
#10760 = VECTOR('',#10761,1.);
#10761 = DIRECTION('',(-0.879010095279,0.476803158963,0.));
#10762 = ORIENTED_EDGE('',*,*,#10763,.F.);
#10763 = EDGE_CURVE('',#10764,#10756,#10766,.T.);
#10764 = VERTEX_POINT('',#10765);
#10765 = CARTESIAN_POINT('',(75.016282,-135.481211,1.51));
#10766 = LINE('',#10767,#10768);
#10767 = CARTESIAN_POINT('',(75.016282,-135.481211,1.51));
#10768 = VECTOR('',#10769,1.);
#10769 = DIRECTION('',(-0.955136569186,0.296165720843,0.));
#10770 = ORIENTED_EDGE('',*,*,#10771,.F.);
#10771 = EDGE_CURVE('',#10772,#10764,#10774,.T.);
#10772 = VERTEX_POINT('',#10773);
#10773 = CARTESIAN_POINT('',(75.318778,-135.511658,1.51));
#10774 = LINE('',#10775,#10776);
#10775 = CARTESIAN_POINT('',(75.318778,-135.511658,1.51));
#10776 = VECTOR('',#10777,1.);
#10777 = DIRECTION('',(-0.994972696411,0.100146559583,0.));
#10778 = ORIENTED_EDGE('',*,*,#10779,.F.);
#10779 = EDGE_CURVE('',#10780,#10772,#10782,.T.);
#10780 = VERTEX_POINT('',#10781);
#10781 = CARTESIAN_POINT('',(82.6883,-135.511658,1.51));
#10782 = LINE('',#10783,#10784);
#10783 = CARTESIAN_POINT('',(82.6883,-135.511658,1.51));
#10784 = VECTOR('',#10785,1.);
#10785 = DIRECTION('',(-1.,0.,0.));
#10786 = ORIENTED_EDGE('',*,*,#10787,.F.);
#10787 = EDGE_CURVE('',#10788,#10780,#10790,.T.);
#10788 = VERTEX_POINT('',#10789);
#10789 = CARTESIAN_POINT('',(90.057822,-135.511658,1.51));
#10790 = LINE('',#10791,#10792);
#10791 = CARTESIAN_POINT('',(90.057822,-135.511658,1.51));
#10792 = VECTOR('',#10793,1.);
#10793 = DIRECTION('',(-1.,0.,0.));
#10794 = ORIENTED_EDGE('',*,*,#10795,.F.);
#10795 = EDGE_CURVE('',#10796,#10788,#10798,.T.);
#10796 = VERTEX_POINT('',#10797);
#10797 = CARTESIAN_POINT('',(97.427344,-135.511658,1.51));
#10798 = LINE('',#10799,#10800);
#10799 = CARTESIAN_POINT('',(97.427344,-135.511658,1.51));
#10800 = VECTOR('',#10801,1.);
#10801 = DIRECTION('',(-1.,0.,0.));
#10802 = ORIENTED_EDGE('',*,*,#10803,.F.);
#10803 = EDGE_CURVE('',#10804,#10796,#10806,.T.);
#10804 = VERTEX_POINT('',#10805);
#10805 = CARTESIAN_POINT('',(104.796866,-135.511658,1.51));
#10806 = LINE('',#10807,#10808);
#10807 = CARTESIAN_POINT('',(104.796866,-135.511658,1.51));
#10808 = VECTOR('',#10809,1.);
#10809 = DIRECTION('',(-1.,0.,0.));
#10810 = ORIENTED_EDGE('',*,*,#10811,.F.);
#10811 = EDGE_CURVE('',#10812,#10804,#10814,.T.);
#10812 = VERTEX_POINT('',#10813);
#10813 = CARTESIAN_POINT('',(112.166388,-135.511658,1.51));
#10814 = LINE('',#10815,#10816);
#10815 = CARTESIAN_POINT('',(112.166388,-135.511658,1.51));
#10816 = VECTOR('',#10817,1.);
#10817 = DIRECTION('',(-1.,0.,0.));
#10818 = ORIENTED_EDGE('',*,*,#10819,.F.);
#10819 = EDGE_CURVE('',#10820,#10812,#10822,.T.);
#10820 = VERTEX_POINT('',#10821);
#10821 = CARTESIAN_POINT('',(119.535909,-135.511658,1.51));
#10822 = LINE('',#10823,#10824);
#10823 = CARTESIAN_POINT('',(119.535909,-135.511658,1.51));
#10824 = VECTOR('',#10825,1.);
#10825 = DIRECTION('',(-1.,0.,0.));
#10826 = ORIENTED_EDGE('',*,*,#10827,.F.);
#10827 = EDGE_CURVE('',#10828,#10820,#10830,.T.);
#10828 = VERTEX_POINT('',#10829);
#10829 = CARTESIAN_POINT('',(126.905431,-135.511658,1.51));
#10830 = LINE('',#10831,#10832);
#10831 = CARTESIAN_POINT('',(126.905431,-135.511658,1.51));
#10832 = VECTOR('',#10833,1.);
#10833 = DIRECTION('',(-1.,0.,0.));
#10834 = ORIENTED_EDGE('',*,*,#10835,.F.);
#10835 = EDGE_CURVE('',#10836,#10828,#10838,.T.);
#10836 = VERTEX_POINT('',#10837);
#10837 = CARTESIAN_POINT('',(134.275813,-135.510645,1.51));
#10838 = LINE('',#10839,#10840);
#10839 = CARTESIAN_POINT('',(134.275813,-135.510645,1.51));
#10840 = VECTOR('',#10841,1.);
#10841 = DIRECTION('',(-0.999999990555,-1.374419928889E-04,0.));
#10842 = ORIENTED_EDGE('',*,*,#10843,.F.);
#10843 = EDGE_CURVE('',#10844,#10836,#10846,.T.);
#10844 = VERTEX_POINT('',#10845);
#10845 = CARTESIAN_POINT('',(135.951507,-136.480784,1.51));
#10846 = LINE('',#10847,#10848);
#10847 = CARTESIAN_POINT('',(135.951507,-136.480784,1.51));
#10848 = VECTOR('',#10849,1.);
#10849 = DIRECTION('',(-0.865426202976,0.50103641305,0.));
#10850 = ORIENTED_EDGE('',*,*,#10851,.F.);
#10851 = EDGE_CURVE('',#10852,#10844,#10854,.T.);
#10852 = VERTEX_POINT('',#10853);
#10853 = CARTESIAN_POINT('',(137.627201,-137.450923,1.51));
#10854 = LINE('',#10855,#10856);
#10855 = CARTESIAN_POINT('',(137.627201,-137.450923,1.51));
#10856 = VECTOR('',#10857,1.);
#10857 = DIRECTION('',(-0.865426202976,0.50103641305,0.));
#10858 = ORIENTED_EDGE('',*,*,#10859,.F.);
#10859 = EDGE_CURVE('',#10860,#10852,#10862,.T.);
#10860 = VERTEX_POINT('',#10861);
#10861 = CARTESIAN_POINT('',(139.302896,-138.421062,1.51));
#10862 = LINE('',#10863,#10864);
#10863 = CARTESIAN_POINT('',(139.302896,-138.421062,1.51));
#10864 = VECTOR('',#10865,1.);
#10865 = DIRECTION('',(-0.865426332627,0.501036189108,0.));
#10866 = ORIENTED_EDGE('',*,*,#10867,.F.);
#10867 = EDGE_CURVE('',#10868,#10860,#10870,.T.);
#10868 = VERTEX_POINT('',#10869);
#10869 = CARTESIAN_POINT('',(140.97859,-139.391201,1.51));
#10870 = LINE('',#10871,#10872);
#10871 = CARTESIAN_POINT('',(140.97859,-139.391201,1.51));
#10872 = VECTOR('',#10873,1.);
#10873 = DIRECTION('',(-0.865426202976,0.50103641305,0.));
#10874 = ORIENTED_EDGE('',*,*,#10875,.F.);
#10875 = EDGE_CURVE('',#10876,#10868,#10878,.T.);
#10876 = VERTEX_POINT('',#10877);
#10877 = CARTESIAN_POINT('',(142.654285,-140.36134,1.51));
#10878 = LINE('',#10879,#10880);
#10879 = CARTESIAN_POINT('',(142.654285,-140.36134,1.51));
#10880 = VECTOR('',#10881,1.);
#10881 = DIRECTION('',(-0.865426332627,0.501036189108,0.));
#10882 = ORIENTED_EDGE('',*,*,#10883,.F.);
#10883 = EDGE_CURVE('',#10884,#10876,#10886,.T.);
#10884 = VERTEX_POINT('',#10885);
#10885 = CARTESIAN_POINT('',(144.329979,-141.331479,1.51));
#10886 = LINE('',#10887,#10888);
#10887 = CARTESIAN_POINT('',(144.329979,-141.331479,1.51));
#10888 = VECTOR('',#10889,1.);
#10889 = DIRECTION('',(-0.865426202976,0.50103641305,0.));
#10890 = ORIENTED_EDGE('',*,*,#10891,.F.);
#10891 = EDGE_CURVE('',#10892,#10884,#10894,.T.);
#10892 = VERTEX_POINT('',#10893);
#10893 = CARTESIAN_POINT('',(146.005674,-142.301617,1.51));
#10894 = LINE('',#10895,#10896);
#10895 = CARTESIAN_POINT('',(146.005674,-142.301617,1.51));
#10896 = VECTOR('',#10897,1.);
#10897 = DIRECTION('',(-0.865426556568,0.5010358023,0.));
#10898 = ORIENTED_EDGE('',*,*,#10899,.F.);
#10899 = EDGE_CURVE('',#10900,#10892,#10902,.T.);
#10900 = VERTEX_POINT('',#10901);
#10901 = CARTESIAN_POINT('',(147.681368,-143.271756,1.51));
#10902 = LINE('',#10903,#10904);
#10903 = CARTESIAN_POINT('',(147.681368,-143.271756,1.51));
#10904 = VECTOR('',#10905,1.);
#10905 = DIRECTION('',(-0.865426202976,0.50103641305,0.));
#10906 = ORIENTED_EDGE('',*,*,#10907,.F.);
#10907 = EDGE_CURVE('',#10908,#10900,#10910,.T.);
#10908 = VERTEX_POINT('',#10909);
#10909 = CARTESIAN_POINT('',(147.849262,-143.357278,1.51));
#10910 = LINE('',#10911,#10912);
#10911 = CARTESIAN_POINT('',(147.849262,-143.357278,1.51));
#10912 = VECTOR('',#10913,1.);
#10913 = DIRECTION('',(-0.891058613038,0.453888255115,0.));
#10914 = ORIENTED_EDGE('',*,*,#10915,.F.);
#10915 = EDGE_CURVE('',#10916,#10908,#10918,.T.);
#10916 = VERTEX_POINT('',#10917);
#10917 = CARTESIAN_POINT('',(148.00792,-143.404468,1.51));
#10918 = LINE('',#10919,#10920);
#10919 = CARTESIAN_POINT('',(148.00792,-143.404468,1.51));
#10920 = VECTOR('',#10921,1.);
#10921 = DIRECTION('',(-0.958501025539,0.285089080886,0.));
#10922 = ORIENTED_EDGE('',*,*,#10923,.F.);
#10923 = EDGE_CURVE('',#10924,#10916,#10926,.T.);
#10924 = VERTEX_POINT('',#10925);
#10925 = CARTESIAN_POINT('',(148.156874,-143.413974,1.51));
#10926 = LINE('',#10927,#10928);
#10927 = CARTESIAN_POINT('',(148.156874,-143.413974,1.51));
#10928 = VECTOR('',#10929,1.);
#10929 = DIRECTION('',(-0.99796980776,6.368879649127E-02,0.));
#10930 = ORIENTED_EDGE('',*,*,#10931,.F.);
#10931 = EDGE_CURVE('',#10932,#10924,#10934,.T.);
#10932 = VERTEX_POINT('',#10933);
#10933 = CARTESIAN_POINT('',(148.295656,-143.386445,1.51));
#10934 = LINE('',#10935,#10936);
#10935 = CARTESIAN_POINT('',(148.295656,-143.386445,1.51));
#10936 = VECTOR('',#10937,1.);
#10937 = DIRECTION('',(-0.98088853984,-0.194570481858,0.));
#10938 = ORIENTED_EDGE('',*,*,#10939,.F.);
#10939 = EDGE_CURVE('',#10940,#10932,#10942,.T.);
#10940 = VERTEX_POINT('',#10941);
#10941 = CARTESIAN_POINT('',(148.423798,-143.322532,1.51));
#10942 = LINE('',#10943,#10944);
#10943 = CARTESIAN_POINT('',(148.423798,-143.322532,1.51));
#10944 = VECTOR('',#10945,1.);
#10945 = DIRECTION('',(-0.894868106937,-0.44633067471,0.));
#10946 = ORIENTED_EDGE('',*,*,#10947,.F.);
#10947 = EDGE_CURVE('',#10948,#10940,#10950,.T.);
#10948 = VERTEX_POINT('',#10949);
#10949 = CARTESIAN_POINT('',(148.540831,-143.222884,1.51));
#10950 = LINE('',#10951,#10952);
#10951 = CARTESIAN_POINT('',(148.540831,-143.222884,1.51));
#10952 = VECTOR('',#10953,1.);
#10953 = DIRECTION('',(-0.761393438215,-0.648290083406,0.));
#10954 = ORIENTED_EDGE('',*,*,#10955,.F.);
#10955 = EDGE_CURVE('',#10956,#10948,#10958,.T.);
#10956 = VERTEX_POINT('',#10957);
#10957 = CARTESIAN_POINT('',(148.646289,-143.08815,1.51));
#10958 = LINE('',#10959,#10960);
#10959 = CARTESIAN_POINT('',(148.646289,-143.08815,1.51));
#10960 = VECTOR('',#10961,1.);
#10961 = DIRECTION('',(-0.616359004869,-0.787465286294,0.));
#10962 = ORIENTED_EDGE('',*,*,#10963,.F.);
#10963 = EDGE_CURVE('',#10964,#10956,#10966,.T.);
#10964 = VERTEX_POINT('',#10965);
#10965 = CARTESIAN_POINT('',(148.739701,-142.918979,1.51));
#10966 = LINE('',#10967,#10968);
#10967 = CARTESIAN_POINT('',(148.739701,-142.918979,1.51));
#10968 = VECTOR('',#10969,1.);
#10969 = DIRECTION('',(-0.48337990953,-0.875410682516,0.));
#10970 = ORIENTED_EDGE('',*,*,#10971,.F.);
#10971 = EDGE_CURVE('',#10972,#10964,#10974,.T.);
#10972 = VERTEX_POINT('',#10973);
#10973 = CARTESIAN_POINT('',(150.415396,-140.052659,1.51));
#10974 = LINE('',#10975,#10976);
#10975 = CARTESIAN_POINT('',(150.415396,-140.052659,1.51));
#10976 = VECTOR('',#10977,1.);
#10977 = DIRECTION('',(-0.504696639132,-0.863296763836,0.));
#10978 = ORIENTED_EDGE('',*,*,#10979,.F.);
#10979 = EDGE_CURVE('',#10980,#10972,#10982,.T.);
#10980 = VERTEX_POINT('',#10981);
#10981 = CARTESIAN_POINT('',(152.09109,-137.18634,1.51));
#10982 = LINE('',#10983,#10984);
#10983 = CARTESIAN_POINT('',(152.09109,-137.18634,1.51));
#10984 = VECTOR('',#10985,1.);
#10985 = DIRECTION('',(-0.504696545891,-0.863296818346,0.));
#10986 = ORIENTED_EDGE('',*,*,#10987,.F.);
#10987 = EDGE_CURVE('',#10988,#10980,#10990,.T.);
#10988 = VERTEX_POINT('',#10989);
#10989 = CARTESIAN_POINT('',(153.766785,-134.32002,1.51));
#10990 = LINE('',#10991,#10992);
#10991 = CARTESIAN_POINT('',(153.766785,-134.32002,1.51));
#10992 = VECTOR('',#10993,1.);
#10993 = DIRECTION('',(-0.504696639132,-0.863296763836,0.));
#10994 = ORIENTED_EDGE('',*,*,#10995,.F.);
#10995 = EDGE_CURVE('',#10996,#10988,#10998,.T.);
#10996 = VERTEX_POINT('',#10997);
#10997 = CARTESIAN_POINT('',(155.442479,-131.453701,1.51));
#10998 = LINE('',#10999,#11000);
#10999 = CARTESIAN_POINT('',(155.442479,-131.453701,1.51));
#11000 = VECTOR('',#11001,1.);
#11001 = DIRECTION('',(-0.504696545891,-0.863296818346,0.));
#11002 = ORIENTED_EDGE('',*,*,#11003,.F.);
#11003 = EDGE_CURVE('',#11004,#10996,#11006,.T.);
#11004 = VERTEX_POINT('',#11005);
#11005 = CARTESIAN_POINT('',(157.118174,-128.587381,1.51));
#11006 = LINE('',#11007,#11008);
#11007 = CARTESIAN_POINT('',(157.118174,-128.587381,1.51));
#11008 = VECTOR('',#11009,1.);
#11009 = DIRECTION('',(-0.504696639132,-0.863296763836,0.));
#11010 = ORIENTED_EDGE('',*,*,#11011,.F.);
#11011 = EDGE_CURVE('',#11012,#11004,#11014,.T.);
#11012 = VERTEX_POINT('',#11013);
#11013 = CARTESIAN_POINT('',(158.793868,-125.721062,1.51));
#11014 = LINE('',#11015,#11016);
#11015 = CARTESIAN_POINT('',(158.793868,-125.721062,1.51));
#11016 = VECTOR('',#11017,1.);
#11017 = DIRECTION('',(-0.504696545891,-0.863296818346,0.));
#11018 = ORIENTED_EDGE('',*,*,#11019,.F.);
#11019 = EDGE_CURVE('',#11020,#11012,#11022,.T.);
#11020 = VERTEX_POINT('',#11021);
#11021 = CARTESIAN_POINT('',(160.469563,-122.854742,1.51));
#11022 = LINE('',#11023,#11024);
#11023 = CARTESIAN_POINT('',(160.469563,-122.854742,1.51));
#11024 = VECTOR('',#11025,1.);
#11025 = DIRECTION('',(-0.504696639132,-0.863296763836,0.));
#11026 = ORIENTED_EDGE('',*,*,#11027,.F.);
#11027 = EDGE_CURVE('',#11028,#11020,#11030,.T.);
#11028 = VERTEX_POINT('',#11029);
#11029 = CARTESIAN_POINT('',(162.144793,-119.98954,1.51));
#11030 = LINE('',#11031,#11032);
#11031 = CARTESIAN_POINT('',(162.144793,-119.98954,1.51));
#11032 = VECTOR('',#11033,1.);
#11033 = DIRECTION('',(-0.504738988633,-0.863272004268,0.));
#11034 = ORIENTED_EDGE('',*,*,#11035,.F.);
#11035 = EDGE_CURVE('',#11036,#11028,#11038,.T.);
#11036 = VERTEX_POINT('',#11037);
#11037 = CARTESIAN_POINT('',(163.846368,-116.318073,1.51));
#11038 = LINE('',#11039,#11040);
#11039 = CARTESIAN_POINT('',(163.846368,-116.318073,1.51));
#11040 = VECTOR('',#11041,1.);
#11041 = DIRECTION('',(-0.42049426632,-0.907295195618,0.));
#11042 = ORIENTED_EDGE('',*,*,#11043,.F.);
#11043 = EDGE_CURVE('',#11044,#11036,#11046,.T.);
#11044 = VERTEX_POINT('',#11045);
#11045 = CARTESIAN_POINT('',(165.275021,-112.53067,1.51));
#11046 = LINE('',#11047,#11048);
#11047 = CARTESIAN_POINT('',(165.275021,-112.53067,1.51));
#11048 = VECTOR('',#11049,1.);
#11049 = DIRECTION('',(-0.35293708487,-0.935647056386,0.));
#11050 = ORIENTED_EDGE('',*,*,#11051,.F.);
#11051 = EDGE_CURVE('',#11052,#11044,#11054,.T.);
#11052 = VERTEX_POINT('',#11053);
#11053 = CARTESIAN_POINT('',(166.450122,-108.649127,1.51));
#11054 = LINE('',#11055,#11056);
#11055 = CARTESIAN_POINT('',(166.450122,-108.649127,1.51));
#11056 = VECTOR('',#11057,1.);
#11057 = DIRECTION('',(-0.28975350748,-0.957101303365,0.));
#11058 = ORIENTED_EDGE('',*,*,#11059,.F.);
#11059 = EDGE_CURVE('',#11060,#11052,#11062,.T.);
#11060 = VERTEX_POINT('',#11061);
#11061 = CARTESIAN_POINT('',(167.391043,-104.695246,1.51));
#11062 = LINE('',#11063,#11064);
#11063 = CARTESIAN_POINT('',(167.391043,-104.695246,1.51));
#11064 = VECTOR('',#11065,1.);
#11065 = DIRECTION('',(-0.231508937496,-0.972832776925,0.));
#11066 = ORIENTED_EDGE('',*,*,#11067,.F.);
#11067 = EDGE_CURVE('',#11068,#11060,#11070,.T.);
#11068 = VERTEX_POINT('',#11069);
#11069 = CARTESIAN_POINT('',(168.117154,-100.690825,1.51));
#11070 = LINE('',#11071,#11072);
#11071 = CARTESIAN_POINT('',(168.117154,-100.690825,1.51));
#11072 = VECTOR('',#11073,1.);
#11073 = DIRECTION('',(-0.178417904815,-0.983954801422,0.));
#11074 = ORIENTED_EDGE('',*,*,#11075,.F.);
#11075 = EDGE_CURVE('',#11076,#11068,#11078,.T.);
#11076 = VERTEX_POINT('',#11077);
#11077 = CARTESIAN_POINT('',(168.647829,-96.657663,1.51));
#11078 = LINE('',#11079,#11080);
#11079 = CARTESIAN_POINT('',(168.647829,-96.657663,1.51));
#11080 = VECTOR('',#11081,1.);
#11081 = DIRECTION('',(-0.130453495131,-0.991454429416,0.));
#11082 = ORIENTED_EDGE('',*,*,#11083,.F.);
#11083 = EDGE_CURVE('',#11084,#11076,#11086,.T.);
#11084 = VERTEX_POINT('',#11085);
#11085 = CARTESIAN_POINT('',(169.002436,-92.617561,1.51));
#11086 = LINE('',#11087,#11088);
#11087 = CARTESIAN_POINT('',(169.002436,-92.617561,1.51));
#11088 = VECTOR('',#11089,1.);
#11089 = DIRECTION('',(-8.743564286453E-02,-0.996170170381,0.));
#11090 = ORIENTED_EDGE('',*,*,#11091,.F.);
#11091 = EDGE_CURVE('',#11092,#11084,#11094,.T.);
#11092 = VERTEX_POINT('',#11093);
#11093 = CARTESIAN_POINT('',(169.200598,-88.592229,1.51));
#11094 = LINE('',#11095,#11096);
#11095 = CARTESIAN_POINT('',(169.200598,-88.592229,1.51));
#11096 = VECTOR('',#11097,1.);
#11097 = DIRECTION('',(-4.916919049169E-02,-0.998790463864,0.));
#11098 = ORIENTED_EDGE('',*,*,#11099,.F.);
#11099 = EDGE_CURVE('',#11100,#11092,#11102,.T.);
#11100 = VERTEX_POINT('',#11101);
#11101 = CARTESIAN_POINT('',(169.200598,-82.285296,1.51));
#11102 = LINE('',#11103,#11104);
#11103 = CARTESIAN_POINT('',(169.200598,-82.285296,1.51));
#11104 = VECTOR('',#11105,1.);
#11105 = DIRECTION('',(0.,-1.,0.));
#11106 = ORIENTED_EDGE('',*,*,#11107,.F.);
#11107 = EDGE_CURVE('',#11108,#11100,#11110,.T.);
#11108 = VERTEX_POINT('',#11109);
#11109 = CARTESIAN_POINT('',(169.200598,-75.978362,1.51));
#11110 = LINE('',#11111,#11112);
#11111 = CARTESIAN_POINT('',(169.200598,-75.978362,1.51));
#11112 = VECTOR('',#11113,1.);
#11113 = DIRECTION('',(0.,-1.,0.));
#11114 = ORIENTED_EDGE('',*,*,#11115,.F.);
#11115 = EDGE_CURVE('',#11116,#11108,#11118,.T.);
#11116 = VERTEX_POINT('',#11117);
#11117 = CARTESIAN_POINT('',(169.200598,-69.671429,1.51));
#11118 = LINE('',#11119,#11120);
#11119 = CARTESIAN_POINT('',(169.200598,-69.671429,1.51));
#11120 = VECTOR('',#11121,1.);
#11121 = DIRECTION('',(0.,-1.,0.));
#11122 = ORIENTED_EDGE('',*,*,#11123,.F.);
#11123 = EDGE_CURVE('',#11124,#11116,#11126,.T.);
#11124 = VERTEX_POINT('',#11125);
#11125 = CARTESIAN_POINT('',(169.200598,-63.364495,1.51));
#11126 = LINE('',#11127,#11128);
#11127 = CARTESIAN_POINT('',(169.200598,-63.364495,1.51));
#11128 = VECTOR('',#11129,1.);
#11129 = DIRECTION('',(0.,-1.,0.));
#11130 = ORIENTED_EDGE('',*,*,#11131,.F.);
#11131 = EDGE_CURVE('',#11132,#11124,#11134,.T.);
#11132 = VERTEX_POINT('',#11133);
#11133 = CARTESIAN_POINT('',(169.200598,-57.057562,1.51));
#11134 = LINE('',#11135,#11136);
#11135 = CARTESIAN_POINT('',(169.200598,-57.057562,1.51));
#11136 = VECTOR('',#11137,1.);
#11137 = DIRECTION('',(0.,-1.,0.));
#11138 = ORIENTED_EDGE('',*,*,#11139,.F.);
#11139 = EDGE_CURVE('',#11140,#11132,#11142,.T.);
#11140 = VERTEX_POINT('',#11141);
#11141 = CARTESIAN_POINT('',(169.200598,-50.750629,1.51));
#11142 = LINE('',#11143,#11144);
#11143 = CARTESIAN_POINT('',(169.200598,-50.750629,1.51));
#11144 = VECTOR('',#11145,1.);
#11145 = DIRECTION('',(0.,-1.,0.));
#11146 = ORIENTED_EDGE('',*,*,#11147,.F.);
#11147 = EDGE_CURVE('',#11148,#11140,#11150,.T.);
#11148 = VERTEX_POINT('',#11149);
#11149 = CARTESIAN_POINT('',(169.200598,-44.443695,1.51));
#11150 = LINE('',#11151,#11152);
#11151 = CARTESIAN_POINT('',(169.200598,-44.443695,1.51));
#11152 = VECTOR('',#11153,1.);
#11153 = DIRECTION('',(0.,-1.,0.));
#11154 = ORIENTED_EDGE('',*,*,#11155,.F.);
#11155 = EDGE_CURVE('',#11156,#11148,#11158,.T.);
#11156 = VERTEX_POINT('',#11157);
#11157 = CARTESIAN_POINT('',(169.199916,-38.136762,1.51));
#11158 = LINE('',#11159,#11160);
#11159 = CARTESIAN_POINT('',(169.199916,-38.136762,1.51));
#11160 = VECTOR('',#11161,1.);
#11161 = DIRECTION('',(1.081349676657E-04,-0.999999994153,0.));
#11162 = ORIENTED_EDGE('',*,*,#11163,.F.);
#11163 = EDGE_CURVE('',#11164,#11156,#11166,.T.);
#11164 = VERTEX_POINT('',#11165);
#11165 = CARTESIAN_POINT('',(169.178603,-37.925015,1.51));
#11166 = LINE('',#11167,#11168);
#11167 = CARTESIAN_POINT('',(169.178603,-37.925015,1.51));
#11168 = VECTOR('',#11169,1.);
#11169 = DIRECTION('',(0.1001471184,-0.994972640165,0.));
#11170 = ORIENTED_EDGE('',*,*,#11171,.F.);
#11171 = EDGE_CURVE('',#11172,#11164,#11174,.T.);
#11172 = VERTEX_POINT('',#11173);
#11173 = CARTESIAN_POINT('',(169.117469,-37.727855,1.51));
#11174 = LINE('',#11175,#11176);
#11175 = CARTESIAN_POINT('',(169.117469,-37.727855,1.51));
#11176 = VECTOR('',#11177,1.);
#11177 = DIRECTION('',(0.296162414747,-0.955137594324,0.));
#11178 = ORIENTED_EDGE('',*,*,#11179,.F.);
#11179 = EDGE_CURVE('',#11180,#11172,#11182,.T.);
#11180 = VERTEX_POINT('',#11181);
#11181 = CARTESIAN_POINT('',(169.020717,-37.549489,1.51));
#11182 = LINE('',#11183,#11184);
#11183 = CARTESIAN_POINT('',(169.020717,-37.549489,1.51));
#11184 = VECTOR('',#11185,1.);
#11185 = DIRECTION('',(0.476805378986,-0.879008891064,0.));
#11186 = ORIENTED_EDGE('',*,*,#11187,.F.);
#11187 = EDGE_CURVE('',#11188,#11180,#11190,.T.);
#11188 = VERTEX_POINT('',#11189);
#11189 = CARTESIAN_POINT('',(168.892556,-37.394123,1.51));
#11190 = LINE('',#11191,#11192);
#11191 = CARTESIAN_POINT('',(168.892556,-37.394123,1.51));
#11192 = VECTOR('',#11193,1.);
#11193 = DIRECTION('',(0.636335831972,-0.77141215245,0.));
#11194 = ORIENTED_EDGE('',*,*,#11195,.F.);
#11195 = EDGE_CURVE('',#7706,#11188,#11196,.T.);
#11196 = LINE('',#11197,#11198);
#11197 = CARTESIAN_POINT('',(168.737189,-37.265961,1.51));
#11198 = VECTOR('',#11199,1.);
#11199 = DIRECTION('',(0.771411725681,-0.636336349332,0.));
#11200 = ORIENTED_EDGE('',*,*,#7705,.F.);
#11201 = FACE_BOUND('',#11202,.T.);
#11202 = EDGE_LOOP('',(#11203));
#11203 = ORIENTED_EDGE('',*,*,#11204,.T.);
#11204 = EDGE_CURVE('',#11205,#11205,#11207,.T.);
#11205 = VERTEX_POINT('',#11206);
#11206 = CARTESIAN_POINT('',(38.9881,-118.25,1.51));
#11207 = CIRCLE('',#11208,1.5);
#11208 = AXIS2_PLACEMENT_3D('',#11209,#11210,#11211);
#11209 = CARTESIAN_POINT('',(38.9881,-116.75,1.51));
#11210 = DIRECTION('',(-0.,0.,-1.));
#11211 = DIRECTION('',(-0.,-1.,0.));
#11212 = FACE_BOUND('',#11213,.T.);
#11213 = EDGE_LOOP('',(#11214));
#11214 = ORIENTED_EDGE('',*,*,#11215,.T.);
#11215 = EDGE_CURVE('',#11216,#11216,#11218,.T.);
#11216 = VERTEX_POINT('',#11217);
#11217 = CARTESIAN_POINT('',(31.9881,-117.2,1.51));
#11218 = CIRCLE('',#11219,1.5);
#11219 = AXIS2_PLACEMENT_3D('',#11220,#11221,#11222);
#11220 = CARTESIAN_POINT('',(31.9881,-115.7,1.51));
#11221 = DIRECTION('',(-0.,0.,-1.));
#11222 = DIRECTION('',(-2.368475785867E-15,-1.,0.));
#11223 = FACE_BOUND('',#11224,.T.);
#11224 = EDGE_LOOP('',(#11225));
#11225 = ORIENTED_EDGE('',*,*,#11226,.T.);
#11226 = EDGE_CURVE('',#11227,#11227,#11229,.T.);
#11227 = VERTEX_POINT('',#11228);
#11228 = CARTESIAN_POINT('',(36.3881,-113.625,1.51));
#11229 = CIRCLE('',#11230,2.625);
#11230 = AXIS2_PLACEMENT_3D('',#11231,#11232,#11233);
#11231 = CARTESIAN_POINT('',(36.3881,-111.,1.51));
#11232 = DIRECTION('',(-0.,0.,-1.));
#11233 = DIRECTION('',(-0.,-1.,0.));
#11234 = FACE_BOUND('',#11235,.T.);
#11235 = EDGE_LOOP('',(#11236));
#11236 = ORIENTED_EDGE('',*,*,#11237,.T.);
#11237 = EDGE_CURVE('',#11238,#11238,#11240,.T.);
#11238 = VERTEX_POINT('',#11239);
#11239 = CARTESIAN_POINT('',(51.0381,-115.7,1.51));
#11240 = CIRCLE('',#11241,1.5);
#11241 = AXIS2_PLACEMENT_3D('',#11242,#11243,#11244);
#11242 = CARTESIAN_POINT('',(51.0381,-114.2,1.51));
#11243 = DIRECTION('',(-0.,0.,-1.));
#11244 = DIRECTION('',(-0.,-1.,0.));
#11245 = FACE_BOUND('',#11246,.T.);
#11246 = EDGE_LOOP('',(#11247));
#11247 = ORIENTED_EDGE('',*,*,#11248,.T.);
#11248 = EDGE_CURVE('',#11249,#11249,#11251,.T.);
#11249 = VERTEX_POINT('',#11250);
#11250 = CARTESIAN_POINT('',(58.0381,-116.75,1.51));
#11251 = CIRCLE('',#11252,1.5);
#11252 = AXIS2_PLACEMENT_3D('',#11253,#11254,#11255);
#11253 = CARTESIAN_POINT('',(58.0381,-115.25,1.51));
#11254 = DIRECTION('',(-0.,0.,-1.));
#11255 = DIRECTION('',(-0.,-1.,0.));
#11256 = FACE_BOUND('',#11257,.T.);
#11257 = EDGE_LOOP('',(#11258));
#11258 = ORIENTED_EDGE('',*,*,#11259,.T.);
#11259 = EDGE_CURVE('',#11260,#11260,#11262,.T.);
#11260 = VERTEX_POINT('',#11261);
#11261 = CARTESIAN_POINT('',(79.6381,-129.95,1.51));
#11262 = CIRCLE('',#11263,1.5);
#11263 = AXIS2_PLACEMENT_3D('',#11264,#11265,#11266);
#11264 = CARTESIAN_POINT('',(79.6381,-128.45,1.51));
#11265 = DIRECTION('',(-0.,0.,-1.));
#11266 = DIRECTION('',(-0.,-1.,0.));
#11267 = FACE_BOUND('',#11268,.T.);
#11268 = EDGE_LOOP('',(#11269));
#11269 = ORIENTED_EDGE('',*,*,#11270,.T.);
#11270 = EDGE_CURVE('',#11271,#11271,#11273,.T.);
#11271 = VERTEX_POINT('',#11272);
#11272 = CARTESIAN_POINT('',(86.6381,-131.,1.51));
#11273 = CIRCLE('',#11274,1.5);
#11274 = AXIS2_PLACEMENT_3D('',#11275,#11276,#11277);
#11275 = CARTESIAN_POINT('',(86.6381,-129.5,1.51));
#11276 = DIRECTION('',(-0.,0.,-1.));
#11277 = DIRECTION('',(-0.,-1.,0.));
#11278 = FACE_BOUND('',#11279,.T.);
#11279 = EDGE_LOOP('',(#11280));
#11280 = ORIENTED_EDGE('',*,*,#11281,.T.);
#11281 = EDGE_CURVE('',#11282,#11282,#11284,.T.);
#11282 = VERTEX_POINT('',#11283);
#11283 = CARTESIAN_POINT('',(84.0381,-126.375,1.51));
#11284 = CIRCLE('',#11285,2.625);
#11285 = AXIS2_PLACEMENT_3D('',#11286,#11287,#11288);
#11286 = CARTESIAN_POINT('',(84.0381,-123.75,1.51));
#11287 = DIRECTION('',(-0.,0.,-1.));
#11288 = DIRECTION('',(-0.,-1.,0.));
#11289 = FACE_BOUND('',#11290,.T.);
#11290 = EDGE_LOOP('',(#11291));
#11291 = ORIENTED_EDGE('',*,*,#11292,.T.);
#11292 = EDGE_CURVE('',#11293,#11293,#11295,.T.);
#11293 = VERTEX_POINT('',#11294);
#11294 = CARTESIAN_POINT('',(98.7381,-129.95,1.51));
#11295 = CIRCLE('',#11296,1.5);
#11296 = AXIS2_PLACEMENT_3D('',#11297,#11298,#11299);
#11297 = CARTESIAN_POINT('',(98.7381,-128.45,1.51));
#11298 = DIRECTION('',(-0.,0.,-1.));
#11299 = DIRECTION('',(-0.,-1.,0.));
#11300 = FACE_BOUND('',#11301,.T.);
#11301 = EDGE_LOOP('',(#11302));
#11302 = ORIENTED_EDGE('',*,*,#11303,.T.);
#11303 = EDGE_CURVE('',#11304,#11304,#11306,.T.);
#11304 = VERTEX_POINT('',#11305);
#11305 = CARTESIAN_POINT('',(46.3381,-102.35,1.51));
#11306 = CIRCLE('',#11307,2.35);
#11307 = AXIS2_PLACEMENT_3D('',#11308,#11309,#11310);
#11308 = CARTESIAN_POINT('',(46.3381,-100.,1.51));
#11309 = DIRECTION('',(-0.,0.,-1.));
#11310 = DIRECTION('',(-0.,-1.,0.));
#11311 = FACE_BOUND('',#11312,.T.);
#11312 = EDGE_LOOP('',(#11313));
#11313 = ORIENTED_EDGE('',*,*,#11314,.T.);
#11314 = EDGE_CURVE('',#11315,#11315,#11317,.T.);
#11315 = VERTEX_POINT('',#11316);
#11316 = CARTESIAN_POINT('',(55.4381,-112.125,1.51));
#11317 = CIRCLE('',#11318,2.625);
#11318 = AXIS2_PLACEMENT_3D('',#11319,#11320,#11321);
#11319 = CARTESIAN_POINT('',(55.4381,-109.5,1.51));
#11320 = DIRECTION('',(-0.,0.,-1.));
#11321 = DIRECTION('',(-0.,-1.,0.));
#11322 = FACE_BOUND('',#11323,.T.);
#11323 = EDGE_LOOP('',(#11324));
#11324 = ORIENTED_EDGE('',*,*,#11325,.T.);
#11325 = EDGE_CURVE('',#11326,#11326,#11328,.T.);
#11326 = VERTEX_POINT('',#11327);
#11327 = CARTESIAN_POINT('',(32.0381,-98.2,1.51));
#11328 = CIRCLE('',#11329,1.5);
#11329 = AXIS2_PLACEMENT_3D('',#11330,#11331,#11332);
#11330 = CARTESIAN_POINT('',(32.0381,-96.7,1.51));
#11331 = DIRECTION('',(-0.,0.,-1.));
#11332 = DIRECTION('',(-0.,-1.,0.));
#11333 = FACE_BOUND('',#11334,.T.);
#11334 = EDGE_LOOP('',(#11335));
#11335 = ORIENTED_EDGE('',*,*,#11336,.T.);
#11336 = EDGE_CURVE('',#11337,#11337,#11339,.T.);
#11337 = VERTEX_POINT('',#11338);
#11338 = CARTESIAN_POINT('',(39.0381,-99.25,1.51));
#11339 = CIRCLE('',#11340,1.5);
#11340 = AXIS2_PLACEMENT_3D('',#11341,#11342,#11343);
#11341 = CARTESIAN_POINT('',(39.0381,-97.75,1.51));
#11342 = DIRECTION('',(-0.,0.,-1.));
#11343 = DIRECTION('',(-0.,-1.,0.));
#11344 = FACE_BOUND('',#11345,.T.);
#11345 = EDGE_LOOP('',(#11346));
#11346 = ORIENTED_EDGE('',*,*,#11347,.T.);
#11347 = EDGE_CURVE('',#11348,#11348,#11350,.T.);
#11348 = VERTEX_POINT('',#11349);
#11349 = CARTESIAN_POINT('',(36.4381,-94.625,1.51));
#11350 = CIRCLE('',#11351,2.625);
#11351 = AXIS2_PLACEMENT_3D('',#11352,#11353,#11354);
#11352 = CARTESIAN_POINT('',(36.4381,-92.,1.51));
#11353 = DIRECTION('',(-0.,0.,-1.));
#11354 = DIRECTION('',(-0.,-1.,0.));
#11355 = FACE_BOUND('',#11356,.T.);
#11356 = EDGE_LOOP('',(#11357));
#11357 = ORIENTED_EDGE('',*,*,#11358,.T.);
#11358 = EDGE_CURVE('',#11359,#11359,#11361,.T.);
#11359 = VERTEX_POINT('',#11360);
#11360 = CARTESIAN_POINT('',(51.0381,-96.7,1.51));
#11361 = CIRCLE('',#11362,1.5);
#11362 = AXIS2_PLACEMENT_3D('',#11363,#11364,#11365);
#11363 = CARTESIAN_POINT('',(51.0381,-95.2,1.51));
#11364 = DIRECTION('',(-0.,0.,-1.));
#11365 = DIRECTION('',(-0.,-1.,0.));
#11366 = FACE_BOUND('',#11367,.T.);
#11367 = EDGE_LOOP('',(#11368));
#11368 = ORIENTED_EDGE('',*,*,#11369,.T.);
#11369 = EDGE_CURVE('',#11370,#11370,#11372,.T.);
#11370 = VERTEX_POINT('',#11371);
#11371 = CARTESIAN_POINT('',(58.0381,-97.75,1.51));
#11372 = CIRCLE('',#11373,1.5);
#11373 = AXIS2_PLACEMENT_3D('',#11374,#11375,#11376);
#11374 = CARTESIAN_POINT('',(58.0381,-96.25,1.51));
#11375 = DIRECTION('',(-0.,0.,-1.));
#11376 = DIRECTION('',(-0.,-1.,0.));
#11377 = FACE_BOUND('',#11378,.T.);
#11378 = EDGE_LOOP('',(#11379));
#11379 = ORIENTED_EDGE('',*,*,#11380,.T.);
#11380 = EDGE_CURVE('',#11381,#11381,#11383,.T.);
#11381 = VERTEX_POINT('',#11382);
#11382 = CARTESIAN_POINT('',(55.4381,-93.125,1.51));
#11383 = CIRCLE('',#11384,2.625);
#11384 = AXIS2_PLACEMENT_3D('',#11385,#11386,#11387);
#11385 = CARTESIAN_POINT('',(55.4381,-90.5,1.51));
#11386 = DIRECTION('',(-0.,0.,-1.));
#11387 = DIRECTION('',(-0.,-1.,0.));
#11388 = FACE_BOUND('',#11389,.T.);
#11389 = EDGE_LOOP('',(#11390));
#11390 = ORIENTED_EDGE('',*,*,#11391,.T.);
#11391 = EDGE_CURVE('',#11392,#11392,#11394,.T.);
#11392 = VERTEX_POINT('',#11393);
#11393 = CARTESIAN_POINT('',(70.1381,-111.,1.51));
#11394 = CIRCLE('',#11395,1.5);
#11395 = AXIS2_PLACEMENT_3D('',#11396,#11397,#11398);
#11396 = CARTESIAN_POINT('',(70.1381,-109.5,1.51));
#11397 = DIRECTION('',(-0.,0.,-1.));
#11398 = DIRECTION('',(-0.,-1.,0.));
#11399 = FACE_BOUND('',#11400,.T.);
#11400 = EDGE_LOOP('',(#11401));
#11401 = ORIENTED_EDGE('',*,*,#11402,.T.);
#11402 = EDGE_CURVE('',#11403,#11403,#11405,.T.);
#11403 = VERTEX_POINT('',#11404);
#11404 = CARTESIAN_POINT('',(77.1381,-112.05,1.51));
#11405 = CIRCLE('',#11406,1.5);
#11406 = AXIS2_PLACEMENT_3D('',#11407,#11408,#11409);
#11407 = CARTESIAN_POINT('',(77.1381,-110.55,1.51));
#11408 = DIRECTION('',(-0.,0.,-1.));
#11409 = DIRECTION('',(-0.,-1.,0.));
#11410 = FACE_BOUND('',#11411,.T.);
#11411 = EDGE_LOOP('',(#11412));
#11412 = ORIENTED_EDGE('',*,*,#11413,.T.);
#11413 = EDGE_CURVE('',#11414,#11414,#11416,.T.);
#11414 = VERTEX_POINT('',#11415);
#11415 = CARTESIAN_POINT('',(74.5381,-107.425,1.51));
#11416 = CIRCLE('',#11417,2.625);
#11417 = AXIS2_PLACEMENT_3D('',#11418,#11419,#11420);
#11418 = CARTESIAN_POINT('',(74.5381,-104.8,1.51));
#11419 = DIRECTION('',(-0.,0.,-1.));
#11420 = DIRECTION('',(-0.,-1.,0.));
#11421 = FACE_BOUND('',#11422,.T.);
#11422 = EDGE_LOOP('',(#11423));
#11423 = ORIENTED_EDGE('',*,*,#11424,.T.);
#11424 = EDGE_CURVE('',#11425,#11425,#11427,.T.);
#11425 = VERTEX_POINT('',#11426);
#11426 = CARTESIAN_POINT('',(89.1381,-109.6,1.51));
#11427 = CIRCLE('',#11428,1.5);
#11428 = AXIS2_PLACEMENT_3D('',#11429,#11430,#11431);
#11429 = CARTESIAN_POINT('',(89.1381,-108.1,1.51));
#11430 = DIRECTION('',(-0.,0.,-1.));
#11431 = DIRECTION('',(-0.,-1.,0.));
#11432 = FACE_BOUND('',#11433,.T.);
#11433 = EDGE_LOOP('',(#11434));
#11434 = ORIENTED_EDGE('',*,*,#11435,.T.);
#11435 = EDGE_CURVE('',#11436,#11436,#11438,.T.);
#11436 = VERTEX_POINT('',#11437);
#11437 = CARTESIAN_POINT('',(96.1381,-110.65,1.51));
#11438 = CIRCLE('',#11439,1.5);
#11439 = AXIS2_PLACEMENT_3D('',#11440,#11441,#11442);
#11440 = CARTESIAN_POINT('',(96.1381,-109.15,1.51));
#11441 = DIRECTION('',(-0.,0.,-1.));
#11442 = DIRECTION('',(-0.,-1.,0.));
#11443 = FACE_BOUND('',#11444,.T.);
#11444 = EDGE_LOOP('',(#11445));
#11445 = ORIENTED_EDGE('',*,*,#11446,.T.);
#11446 = EDGE_CURVE('',#11447,#11447,#11449,.T.);
#11447 = VERTEX_POINT('',#11448);
#11448 = CARTESIAN_POINT('',(93.5381,-106.025,1.51));
#11449 = CIRCLE('',#11450,2.625);
#11450 = AXIS2_PLACEMENT_3D('',#11451,#11452,#11453);
#11451 = CARTESIAN_POINT('',(93.5381,-103.4,1.51));
#11452 = DIRECTION('',(-0.,0.,-1.));
#11453 = DIRECTION('',(-0.,-1.,0.));
#11454 = FACE_BOUND('',#11455,.T.);
#11455 = EDGE_LOOP('',(#11456));
#11456 = ORIENTED_EDGE('',*,*,#11457,.T.);
#11457 = EDGE_CURVE('',#11458,#11458,#11460,.T.);
#11458 = VERTEX_POINT('',#11459);
#11459 = CARTESIAN_POINT('',(70.1381,-91.9,1.51));
#11460 = CIRCLE('',#11461,1.5);
#11461 = AXIS2_PLACEMENT_3D('',#11462,#11463,#11464);
#11462 = CARTESIAN_POINT('',(70.1381,-90.4,1.51));
#11463 = DIRECTION('',(-0.,0.,-1.));
#11464 = DIRECTION('',(-0.,-1.,0.));
#11465 = FACE_BOUND('',#11466,.T.);
#11466 = EDGE_LOOP('',(#11467));
#11467 = ORIENTED_EDGE('',*,*,#11468,.T.);
#11468 = EDGE_CURVE('',#11469,#11469,#11471,.T.);
#11469 = VERTEX_POINT('',#11470);
#11470 = CARTESIAN_POINT('',(77.1381,-92.95,1.51));
#11471 = CIRCLE('',#11472,1.5);
#11472 = AXIS2_PLACEMENT_3D('',#11473,#11474,#11475);
#11473 = CARTESIAN_POINT('',(77.1381,-91.45,1.51));
#11474 = DIRECTION('',(-0.,0.,-1.));
#11475 = DIRECTION('',(-0.,-1.,0.));
#11476 = FACE_BOUND('',#11477,.T.);
#11477 = EDGE_LOOP('',(#11478));
#11478 = ORIENTED_EDGE('',*,*,#11479,.T.);
#11479 = EDGE_CURVE('',#11480,#11480,#11482,.T.);
#11480 = VERTEX_POINT('',#11481);
#11481 = CARTESIAN_POINT('',(89.1381,-90.6,1.51));
#11482 = CIRCLE('',#11483,1.5);
#11483 = AXIS2_PLACEMENT_3D('',#11484,#11485,#11486);
#11484 = CARTESIAN_POINT('',(89.1381,-89.1,1.51));
#11485 = DIRECTION('',(-0.,0.,-1.));
#11486 = DIRECTION('',(-0.,-1.,0.));
#11487 = FACE_BOUND('',#11488,.T.);
#11488 = EDGE_LOOP('',(#11489));
#11489 = ORIENTED_EDGE('',*,*,#11490,.T.);
#11490 = EDGE_CURVE('',#11491,#11491,#11493,.T.);
#11491 = VERTEX_POINT('',#11492);
#11492 = CARTESIAN_POINT('',(96.1381,-91.65,1.51));
#11493 = CIRCLE('',#11494,1.5);
#11494 = AXIS2_PLACEMENT_3D('',#11495,#11496,#11497);
#11495 = CARTESIAN_POINT('',(96.1381,-90.15,1.51));
#11496 = DIRECTION('',(-0.,0.,-1.));
#11497 = DIRECTION('',(-0.,-1.,0.));
#11498 = FACE_BOUND('',#11499,.T.);
#11499 = EDGE_LOOP('',(#11500));
#11500 = ORIENTED_EDGE('',*,*,#11501,.T.);
#11501 = EDGE_CURVE('',#11502,#11502,#11504,.T.);
#11502 = VERTEX_POINT('',#11503);
#11503 = CARTESIAN_POINT('',(105.7381,-131.,1.51));
#11504 = CIRCLE('',#11505,1.5);
#11505 = AXIS2_PLACEMENT_3D('',#11506,#11507,#11508);
#11506 = CARTESIAN_POINT('',(105.7381,-129.5,1.51));
#11507 = DIRECTION('',(-0.,0.,-1.));
#11508 = DIRECTION('',(-0.,-1.,0.));
#11509 = FACE_BOUND('',#11510,.T.);
#11510 = EDGE_LOOP('',(#11511));
#11511 = ORIENTED_EDGE('',*,*,#11512,.T.);
#11512 = EDGE_CURVE('',#11513,#11513,#11515,.T.);
#11513 = VERTEX_POINT('',#11514);
#11514 = CARTESIAN_POINT('',(103.1381,-126.375,1.51));
#11515 = CIRCLE('',#11516,2.625);
#11516 = AXIS2_PLACEMENT_3D('',#11517,#11518,#11519);
#11517 = CARTESIAN_POINT('',(103.1381,-123.75,1.51));
#11518 = DIRECTION('',(-0.,0.,-1.));
#11519 = DIRECTION('',(-0.,-1.,0.));
#11520 = FACE_BOUND('',#11521,.T.);
#11521 = EDGE_LOOP('',(#11522));
#11522 = ORIENTED_EDGE('',*,*,#11523,.T.);
#11523 = EDGE_CURVE('',#11524,#11524,#11526,.T.);
#11524 = VERTEX_POINT('',#11525);
#11525 = CARTESIAN_POINT('',(124.7381,-133.25,1.51));
#11526 = CIRCLE('',#11527,1.5);
#11527 = AXIS2_PLACEMENT_3D('',#11528,#11529,#11530);
#11528 = CARTESIAN_POINT('',(124.7381,-131.75,1.51));
#11529 = DIRECTION('',(-0.,0.,-1.));
#11530 = DIRECTION('',(-0.,-1.,0.));
#11531 = FACE_BOUND('',#11532,.T.);
#11532 = EDGE_LOOP('',(#11533));
#11533 = ORIENTED_EDGE('',*,*,#11534,.T.);
#11534 = EDGE_CURVE('',#11535,#11535,#11537,.T.);
#11535 = VERTEX_POINT('',#11536);
#11536 = CARTESIAN_POINT('',(117.7381,-132.2,1.51));
#11537 = CIRCLE('',#11538,1.5);
#11538 = AXIS2_PLACEMENT_3D('',#11539,#11540,#11541);
#11539 = CARTESIAN_POINT('',(117.7381,-130.7,1.51));
#11540 = DIRECTION('',(-0.,0.,-1.));
#11541 = DIRECTION('',(-0.,-1.,0.));
#11542 = FACE_BOUND('',#11543,.T.);
#11543 = EDGE_LOOP('',(#11544));
#11544 = ORIENTED_EDGE('',*,*,#11545,.T.);
#11545 = EDGE_CURVE('',#11546,#11546,#11548,.T.);
#11546 = VERTEX_POINT('',#11547);
#11547 = CARTESIAN_POINT('',(122.1381,-128.625,1.51));
#11548 = CIRCLE('',#11549,2.625);
#11549 = AXIS2_PLACEMENT_3D('',#11550,#11551,#11552);
#11550 = CARTESIAN_POINT('',(122.1381,-126.,1.51));
#11551 = DIRECTION('',(-0.,0.,-1.));
#11552 = DIRECTION('',(-0.,-1.,0.));
#11553 = FACE_BOUND('',#11554,.T.);
#11554 = EDGE_LOOP('',(#11555));
#11555 = ORIENTED_EDGE('',*,*,#11556,.T.);
#11556 = EDGE_CURVE('',#11557,#11557,#11559,.T.);
#11557 = VERTEX_POINT('',#11558);
#11558 = CARTESIAN_POINT('',(127.2381,-113.3,1.51));
#11559 = CIRCLE('',#11560,1.5);
#11560 = AXIS2_PLACEMENT_3D('',#11561,#11562,#11563);
#11561 = CARTESIAN_POINT('',(127.2381,-111.8,1.51));
#11562 = DIRECTION('',(-0.,0.,-1.));
#11563 = DIRECTION('',(-0.,-1.,0.));
#11564 = FACE_BOUND('',#11565,.T.);
#11565 = EDGE_LOOP('',(#11566));
#11566 = ORIENTED_EDGE('',*,*,#11567,.T.);
#11567 = EDGE_CURVE('',#11568,#11568,#11570,.T.);
#11568 = VERTEX_POINT('',#11569);
#11569 = CARTESIAN_POINT('',(149.008419,-134.660512,1.51));
#11570 = CIRCLE('',#11571,1.5);
#11571 = AXIS2_PLACEMENT_3D('',#11572,#11573,#11574);
#11572 = CARTESIAN_POINT('',(149.008419,-133.160512,1.51));
#11573 = DIRECTION('',(-0.,0.,-1.));
#11574 = DIRECTION('',(-0.,-1.,0.));
#11575 = FACE_BOUND('',#11576,.T.);
#11576 = EDGE_LOOP('',(#11577));
#11577 = ORIENTED_EDGE('',*,*,#11578,.T.);
#11578 = EDGE_CURVE('',#11579,#11579,#11581,.T.);
#11579 = VERTEX_POINT('',#11580);
#11580 = CARTESIAN_POINT('',(147.1381,-129.625,1.51));
#11581 = CIRCLE('',#11582,2.625);
#11582 = AXIS2_PLACEMENT_3D('',#11583,#11584,#11585);
#11583 = CARTESIAN_POINT('',(147.1381,-127.,1.51));
#11584 = DIRECTION('',(-0.,0.,-1.));
#11585 = DIRECTION('',(-0.,-1.,0.));
#11586 = FACE_BOUND('',#11587,.T.);
#11587 = EDGE_LOOP('',(#11588));
#11588 = ORIENTED_EDGE('',*,*,#11589,.T.);
#11589 = EDGE_CURVE('',#11590,#11590,#11592,.T.);
#11590 = VERTEX_POINT('',#11591);
#11591 = CARTESIAN_POINT('',(153.417746,-129.123334,1.51));
#11592 = CIRCLE('',#11593,1.5);
#11593 = AXIS2_PLACEMENT_3D('',#11594,#11595,#11596);
#11594 = CARTESIAN_POINT('',(153.417746,-127.623334,1.51));
#11595 = DIRECTION('',(-0.,0.,-1.));
#11596 = DIRECTION('',(-0.,-1.,0.));
#11597 = FACE_BOUND('',#11598,.T.);
#11598 = EDGE_LOOP('',(#11599));
#11599 = ORIENTED_EDGE('',*,*,#11600,.T.);
#11600 = EDGE_CURVE('',#11601,#11601,#11603,.T.);
#11601 = VERTEX_POINT('',#11602);
#11602 = CARTESIAN_POINT('',(134.2381,-114.35,1.51));
#11603 = CIRCLE('',#11604,1.5);
#11604 = AXIS2_PLACEMENT_3D('',#11605,#11606,#11607);
#11605 = CARTESIAN_POINT('',(134.2381,-112.85,1.51));
#11606 = DIRECTION('',(-0.,0.,-1.));
#11607 = DIRECTION('',(-0.,-1.,0.));
#11608 = FACE_BOUND('',#11609,.T.);
#11609 = EDGE_LOOP('',(#11610));
#11610 = ORIENTED_EDGE('',*,*,#11611,.T.);
#11611 = EDGE_CURVE('',#11612,#11612,#11614,.T.);
#11612 = VERTEX_POINT('',#11613);
#11613 = CARTESIAN_POINT('',(147.1381,-117.15,1.51));
#11614 = CIRCLE('',#11615,2.35);
#11615 = AXIS2_PLACEMENT_3D('',#11616,#11617,#11618);
#11616 = CARTESIAN_POINT('',(147.1381,-114.8,1.51));
#11617 = DIRECTION('',(-0.,0.,-1.));
#11618 = DIRECTION('',(-0.,-1.,0.));
#11619 = FACE_BOUND('',#11620,.T.);
#11620 = EDGE_LOOP('',(#11621));
#11621 = ORIENTED_EDGE('',*,*,#11622,.T.);
#11622 = EDGE_CURVE('',#11623,#11623,#11625,.T.);
#11623 = VERTEX_POINT('',#11624);
#11624 = CARTESIAN_POINT('',(108.2381,-111.,1.51));
#11625 = CIRCLE('',#11626,1.5);
#11626 = AXIS2_PLACEMENT_3D('',#11627,#11628,#11629);
#11627 = CARTESIAN_POINT('',(108.2381,-109.5,1.51));
#11628 = DIRECTION('',(-0.,0.,-1.));
#11629 = DIRECTION('',(-0.,-1.,0.));
#11630 = FACE_BOUND('',#11631,.T.);
#11631 = EDGE_LOOP('',(#11632));
#11632 = ORIENTED_EDGE('',*,*,#11633,.T.);
#11633 = EDGE_CURVE('',#11634,#11634,#11636,.T.);
#11634 = VERTEX_POINT('',#11635);
#11635 = CARTESIAN_POINT('',(115.2381,-112.05,1.51));
#11636 = CIRCLE('',#11637,1.5);
#11637 = AXIS2_PLACEMENT_3D('',#11638,#11639,#11640);
#11638 = CARTESIAN_POINT('',(115.2381,-110.55,1.51));
#11639 = DIRECTION('',(-0.,0.,-1.));
#11640 = DIRECTION('',(-0.,-1.,0.));
#11641 = FACE_BOUND('',#11642,.T.);
#11642 = EDGE_LOOP('',(#11643));
#11643 = ORIENTED_EDGE('',*,*,#11644,.T.);
#11644 = EDGE_CURVE('',#11645,#11645,#11647,.T.);
#11645 = VERTEX_POINT('',#11646);
#11646 = CARTESIAN_POINT('',(112.6381,-107.425,1.51));
#11647 = CIRCLE('',#11648,2.625);
#11648 = AXIS2_PLACEMENT_3D('',#11649,#11650,#11651);
#11649 = CARTESIAN_POINT('',(112.6381,-104.8,1.51));
#11650 = DIRECTION('',(-0.,0.,-1.));
#11651 = DIRECTION('',(-0.,-1.,0.));
#11652 = FACE_BOUND('',#11653,.T.);
#11653 = EDGE_LOOP('',(#11654));
#11654 = ORIENTED_EDGE('',*,*,#11655,.T.);
#11655 = EDGE_CURVE('',#11656,#11656,#11658,.T.);
#11656 = VERTEX_POINT('',#11657);
#11657 = CARTESIAN_POINT('',(131.6381,-109.725,1.51));
#11658 = CIRCLE('',#11659,2.625);
#11659 = AXIS2_PLACEMENT_3D('',#11660,#11661,#11662);
#11660 = CARTESIAN_POINT('',(131.6381,-107.1,1.51));
#11661 = DIRECTION('',(-0.,0.,-1.));
#11662 = DIRECTION('',(-0.,-1.,0.));
#11663 = FACE_BOUND('',#11664,.T.);
#11664 = EDGE_LOOP('',(#11665));
#11665 = ORIENTED_EDGE('',*,*,#11666,.T.);
#11666 = EDGE_CURVE('',#11667,#11667,#11669,.T.);
#11667 = VERTEX_POINT('',#11668);
#11668 = CARTESIAN_POINT('',(108.2381,-91.9,1.51));
#11669 = CIRCLE('',#11670,1.5);
#11670 = AXIS2_PLACEMENT_3D('',#11671,#11672,#11673);
#11671 = CARTESIAN_POINT('',(108.2381,-90.4,1.51));
#11672 = DIRECTION('',(-0.,0.,-1.));
#11673 = DIRECTION('',(-0.,-1.,0.));
#11674 = FACE_BOUND('',#11675,.T.);
#11675 = EDGE_LOOP('',(#11676));
#11676 = ORIENTED_EDGE('',*,*,#11677,.T.);
#11677 = EDGE_CURVE('',#11678,#11678,#11680,.T.);
#11678 = VERTEX_POINT('',#11679);
#11679 = CARTESIAN_POINT('',(115.2381,-92.95,1.51));
#11680 = CIRCLE('',#11681,1.5);
#11681 = AXIS2_PLACEMENT_3D('',#11682,#11683,#11684);
#11682 = CARTESIAN_POINT('',(115.2381,-91.45,1.51));
#11683 = DIRECTION('',(-0.,0.,-1.));
#11684 = DIRECTION('',(-0.,-1.,0.));
#11685 = FACE_BOUND('',#11686,.T.);
#11686 = EDGE_LOOP('',(#11687));
#11687 = ORIENTED_EDGE('',*,*,#11688,.T.);
#11688 = EDGE_CURVE('',#11689,#11689,#11691,.T.);
#11689 = VERTEX_POINT('',#11690);
#11690 = CARTESIAN_POINT('',(122.5381,-99.95,1.51));
#11691 = CIRCLE('',#11692,2.35);
#11692 = AXIS2_PLACEMENT_3D('',#11693,#11694,#11695);
#11693 = CARTESIAN_POINT('',(122.5381,-97.6,1.51));
#11694 = DIRECTION('',(-0.,0.,-1.));
#11695 = DIRECTION('',(-0.,-1.,0.));
#11696 = FACE_BOUND('',#11697,.T.);
#11697 = EDGE_LOOP('',(#11698));
#11698 = ORIENTED_EDGE('',*,*,#11699,.T.);
#11699 = EDGE_CURVE('',#11700,#11700,#11702,.T.);
#11700 = VERTEX_POINT('',#11701);
#11701 = CARTESIAN_POINT('',(127.2381,-94.3,1.51));
#11702 = CIRCLE('',#11703,1.5);
#11703 = AXIS2_PLACEMENT_3D('',#11704,#11705,#11706);
#11704 = CARTESIAN_POINT('',(127.2381,-92.8,1.51));
#11705 = DIRECTION('',(-0.,0.,-1.));
#11706 = DIRECTION('',(-0.,-1.,0.));
#11707 = FACE_BOUND('',#11708,.T.);
#11708 = EDGE_LOOP('',(#11709));
#11709 = ORIENTED_EDGE('',*,*,#11710,.T.);
#11710 = EDGE_CURVE('',#11711,#11711,#11713,.T.);
#11711 = VERTEX_POINT('',#11712);
#11712 = CARTESIAN_POINT('',(131.6381,-90.725,1.51));
#11713 = CIRCLE('',#11714,2.625);
#11714 = AXIS2_PLACEMENT_3D('',#11715,#11716,#11717);
#11715 = CARTESIAN_POINT('',(131.6381,-88.1,1.51));
#11716 = DIRECTION('',(-0.,0.,-1.));
#11717 = DIRECTION('',(-0.,-1.,0.));
#11718 = FACE_BOUND('',#11719,.T.);
#11719 = EDGE_LOOP('',(#11720));
#11720 = ORIENTED_EDGE('',*,*,#11721,.T.);
#11721 = EDGE_CURVE('',#11722,#11722,#11724,.T.);
#11722 = VERTEX_POINT('',#11723);
#11723 = CARTESIAN_POINT('',(146.3381,-103.7,1.51));
#11724 = CIRCLE('',#11725,1.5);
#11725 = AXIS2_PLACEMENT_3D('',#11726,#11727,#11728);
#11726 = CARTESIAN_POINT('',(146.3381,-102.2,1.51));
#11727 = DIRECTION('',(-0.,0.,-1.));
#11728 = DIRECTION('',(-0.,-1.,0.));
#11729 = FACE_BOUND('',#11730,.T.);
#11730 = EDGE_LOOP('',(#11731));
#11731 = ORIENTED_EDGE('',*,*,#11732,.T.);
#11732 = EDGE_CURVE('',#11733,#11733,#11735,.T.);
#11733 = VERTEX_POINT('',#11734);
#11734 = CARTESIAN_POINT('',(153.3381,-104.75,1.51));
#11735 = CIRCLE('',#11736,1.5);
#11736 = AXIS2_PLACEMENT_3D('',#11737,#11738,#11739);
#11737 = CARTESIAN_POINT('',(153.3381,-103.25,1.51));
#11738 = DIRECTION('',(-0.,0.,-1.));
#11739 = DIRECTION('',(-0.,-1.,0.));
#11740 = FACE_BOUND('',#11741,.T.);
#11741 = EDGE_LOOP('',(#11742));
#11742 = ORIENTED_EDGE('',*,*,#11743,.T.);
#11743 = EDGE_CURVE('',#11744,#11744,#11746,.T.);
#11744 = VERTEX_POINT('',#11745);
#11745 = CARTESIAN_POINT('',(134.2381,-95.35,1.51));
#11746 = CIRCLE('',#11747,1.5);
#11747 = AXIS2_PLACEMENT_3D('',#11748,#11749,#11750);
#11748 = CARTESIAN_POINT('',(134.2381,-93.85,1.51));
#11749 = DIRECTION('',(-0.,0.,-1.));
#11750 = DIRECTION('',(-0.,-1.,0.));
#11751 = FACE_BOUND('',#11752,.T.);
#11752 = EDGE_LOOP('',(#11753));
#11753 = ORIENTED_EDGE('',*,*,#11754,.T.);
#11754 = EDGE_CURVE('',#11755,#11755,#11757,.T.);
#11755 = VERTEX_POINT('',#11756);
#11756 = CARTESIAN_POINT('',(150.7381,-100.125,1.51));
#11757 = CIRCLE('',#11758,2.625);
#11758 = AXIS2_PLACEMENT_3D('',#11759,#11760,#11761);
#11759 = CARTESIAN_POINT('',(150.7381,-97.5,1.51));
#11760 = DIRECTION('',(-0.,0.,-1.));
#11761 = DIRECTION('',(-0.,-1.,0.));
#11762 = FACE_BOUND('',#11763,.T.);
#11763 = EDGE_LOOP('',(#11764));
#11764 = ORIENTED_EDGE('',*,*,#11765,.T.);
#11765 = EDGE_CURVE('',#11766,#11766,#11768,.T.);
#11766 = VERTEX_POINT('',#11767);
#11767 = CARTESIAN_POINT('',(32.0381,-79.,1.51));
#11768 = CIRCLE('',#11769,1.5);
#11769 = AXIS2_PLACEMENT_3D('',#11770,#11771,#11772);
#11770 = CARTESIAN_POINT('',(32.0381,-77.5,1.51));
#11771 = DIRECTION('',(-0.,0.,-1.));
#11772 = DIRECTION('',(-0.,-1.,0.));
#11773 = FACE_BOUND('',#11774,.T.);
#11774 = EDGE_LOOP('',(#11775));
#11775 = ORIENTED_EDGE('',*,*,#11776,.T.);
#11776 = EDGE_CURVE('',#11777,#11777,#11779,.T.);
#11777 = VERTEX_POINT('',#11778);
#11778 = CARTESIAN_POINT('',(39.0381,-80.05,1.51));
#11779 = CIRCLE('',#11780,1.5);
#11780 = AXIS2_PLACEMENT_3D('',#11781,#11782,#11783);
#11781 = CARTESIAN_POINT('',(39.0381,-78.55,1.51));
#11782 = DIRECTION('',(-0.,0.,-1.));
#11783 = DIRECTION('',(-0.,-1.,0.));
#11784 = FACE_BOUND('',#11785,.T.);
#11785 = EDGE_LOOP('',(#11786));
#11786 = ORIENTED_EDGE('',*,*,#11787,.T.);
#11787 = EDGE_CURVE('',#11788,#11788,#11790,.T.);
#11788 = VERTEX_POINT('',#11789);
#11789 = CARTESIAN_POINT('',(51.0381,-77.5,1.51));
#11790 = CIRCLE('',#11791,1.5);
#11791 = AXIS2_PLACEMENT_3D('',#11792,#11793,#11794);
#11792 = CARTESIAN_POINT('',(51.0381,-76.,1.51));
#11793 = DIRECTION('',(-0.,0.,-1.));
#11794 = DIRECTION('',(-0.,-1.,0.));
#11795 = FACE_BOUND('',#11796,.T.);
#11796 = EDGE_LOOP('',(#11797));
#11797 = ORIENTED_EDGE('',*,*,#11798,.T.);
#11798 = EDGE_CURVE('',#11799,#11799,#11801,.T.);
#11799 = VERTEX_POINT('',#11800);
#11800 = CARTESIAN_POINT('',(58.0381,-78.55,1.51));
#11801 = CIRCLE('',#11802,1.5);
#11802 = AXIS2_PLACEMENT_3D('',#11803,#11804,#11805);
#11803 = CARTESIAN_POINT('',(58.0381,-77.05,1.51));
#11804 = DIRECTION('',(-0.,0.,-1.));
#11805 = DIRECTION('',(-0.,-1.,0.));
#11806 = FACE_BOUND('',#11807,.T.);
#11807 = EDGE_LOOP('',(#11808));
#11808 = ORIENTED_EDGE('',*,*,#11809,.T.);
#11809 = EDGE_CURVE('',#11810,#11810,#11812,.T.);
#11810 = VERTEX_POINT('',#11811);
#11811 = CARTESIAN_POINT('',(36.4381,-75.425,1.51));
#11812 = CIRCLE('',#11813,2.625);
#11813 = AXIS2_PLACEMENT_3D('',#11814,#11815,#11816);
#11814 = CARTESIAN_POINT('',(36.4381,-72.8,1.51));
#11815 = DIRECTION('',(-0.,0.,-1.));
#11816 = DIRECTION('',(-0.,-1.,0.));
#11817 = FACE_BOUND('',#11818,.T.);
#11818 = EDGE_LOOP('',(#11819));
#11819 = ORIENTED_EDGE('',*,*,#11820,.T.);
#11820 = EDGE_CURVE('',#11821,#11821,#11823,.T.);
#11821 = VERTEX_POINT('',#11822);
#11822 = CARTESIAN_POINT('',(55.4381,-73.925,1.51));
#11823 = CIRCLE('',#11824,2.625);
#11824 = AXIS2_PLACEMENT_3D('',#11825,#11826,#11827);
#11825 = CARTESIAN_POINT('',(55.4381,-71.3,1.51));
#11826 = DIRECTION('',(-0.,0.,-1.));
#11827 = DIRECTION('',(-0.,-1.,0.));
#11828 = FACE_BOUND('',#11829,.T.);
#11829 = EDGE_LOOP('',(#11830));
#11830 = ORIENTED_EDGE('',*,*,#11831,.T.);
#11831 = EDGE_CURVE('',#11832,#11832,#11834,.T.);
#11832 = VERTEX_POINT('',#11833);
#11833 = CARTESIAN_POINT('',(74.5381,-88.325,1.51));
#11834 = CIRCLE('',#11835,2.625);
#11835 = AXIS2_PLACEMENT_3D('',#11836,#11837,#11838);
#11836 = CARTESIAN_POINT('',(74.5381,-85.7,1.51));
#11837 = DIRECTION('',(-0.,0.,-1.));
#11838 = DIRECTION('',(-0.,-1.,0.));
#11839 = FACE_BOUND('',#11840,.T.);
#11840 = EDGE_LOOP('',(#11841));
#11841 = ORIENTED_EDGE('',*,*,#11842,.T.);
#11842 = EDGE_CURVE('',#11843,#11843,#11845,.T.);
#11843 = VERTEX_POINT('',#11844);
#11844 = CARTESIAN_POINT('',(93.5381,-87.025,1.51));
#11845 = CIRCLE('',#11846,2.625);
#11846 = AXIS2_PLACEMENT_3D('',#11847,#11848,#11849);
#11847 = CARTESIAN_POINT('',(93.5381,-84.4,1.51));
#11848 = DIRECTION('',(-0.,0.,-1.));
#11849 = DIRECTION('',(-0.,-1.,0.));
#11850 = FACE_BOUND('',#11851,.T.);
#11851 = EDGE_LOOP('',(#11852));
#11852 = ORIENTED_EDGE('',*,*,#11853,.T.);
#11853 = EDGE_CURVE('',#11854,#11854,#11856,.T.);
#11854 = VERTEX_POINT('',#11855);
#11855 = CARTESIAN_POINT('',(70.1381,-72.8,1.51));
#11856 = CIRCLE('',#11857,1.5);
#11857 = AXIS2_PLACEMENT_3D('',#11858,#11859,#11860);
#11858 = CARTESIAN_POINT('',(70.1381,-71.3,1.51));
#11859 = DIRECTION('',(-0.,0.,-1.));
#11860 = DIRECTION('',(-0.,-1.,0.));
#11861 = FACE_BOUND('',#11862,.T.);
#11862 = EDGE_LOOP('',(#11863));
#11863 = ORIENTED_EDGE('',*,*,#11864,.T.);
#11864 = EDGE_CURVE('',#11865,#11865,#11867,.T.);
#11865 = VERTEX_POINT('',#11866);
#11866 = CARTESIAN_POINT('',(77.1381,-73.85,1.51));
#11867 = CIRCLE('',#11868,1.5);
#11868 = AXIS2_PLACEMENT_3D('',#11869,#11870,#11871);
#11869 = CARTESIAN_POINT('',(77.1381,-72.35,1.51));
#11870 = DIRECTION('',(-0.,0.,-1.));
#11871 = DIRECTION('',(-0.,-1.,0.));
#11872 = FACE_BOUND('',#11873,.T.);
#11873 = EDGE_LOOP('',(#11874));
#11874 = ORIENTED_EDGE('',*,*,#11875,.T.);
#11875 = EDGE_CURVE('',#11876,#11876,#11878,.T.);
#11876 = VERTEX_POINT('',#11877);
#11877 = CARTESIAN_POINT('',(74.5381,-69.225,1.51));
#11878 = CIRCLE('',#11879,2.625);
#11879 = AXIS2_PLACEMENT_3D('',#11880,#11881,#11882);
#11880 = CARTESIAN_POINT('',(74.5381,-66.6,1.51));
#11881 = DIRECTION('',(-0.,0.,-1.));
#11882 = DIRECTION('',(-0.,-1.,0.));
#11883 = FACE_BOUND('',#11884,.T.);
#11884 = EDGE_LOOP('',(#11885));
#11885 = ORIENTED_EDGE('',*,*,#11886,.T.);
#11886 = EDGE_CURVE('',#11887,#11887,#11889,.T.);
#11887 = VERTEX_POINT('',#11888);
#11888 = CARTESIAN_POINT('',(89.1381,-71.5,1.51));
#11889 = CIRCLE('',#11890,1.5);
#11890 = AXIS2_PLACEMENT_3D('',#11891,#11892,#11893);
#11891 = CARTESIAN_POINT('',(89.1381,-70.,1.51));
#11892 = DIRECTION('',(-0.,0.,-1.));
#11893 = DIRECTION('',(-0.,-1.,0.));
#11894 = FACE_BOUND('',#11895,.T.);
#11895 = EDGE_LOOP('',(#11896));
#11896 = ORIENTED_EDGE('',*,*,#11897,.T.);
#11897 = EDGE_CURVE('',#11898,#11898,#11900,.T.);
#11898 = VERTEX_POINT('',#11899);
#11899 = CARTESIAN_POINT('',(96.1381,-72.55,1.51));
#11900 = CIRCLE('',#11901,1.5);
#11901 = AXIS2_PLACEMENT_3D('',#11902,#11903,#11904);
#11902 = CARTESIAN_POINT('',(96.1381,-71.05,1.51));
#11903 = DIRECTION('',(-0.,0.,-1.));
#11904 = DIRECTION('',(-0.,-1.,0.));
#11905 = FACE_BOUND('',#11906,.T.);
#11906 = EDGE_LOOP('',(#11907));
#11907 = ORIENTED_EDGE('',*,*,#11908,.T.);
#11908 = EDGE_CURVE('',#11909,#11909,#11911,.T.);
#11909 = VERTEX_POINT('',#11910);
#11910 = CARTESIAN_POINT('',(93.5381,-67.925,1.51));
#11911 = CIRCLE('',#11912,2.625);
#11912 = AXIS2_PLACEMENT_3D('',#11913,#11914,#11915);
#11913 = CARTESIAN_POINT('',(93.5381,-65.3,1.51));
#11914 = DIRECTION('',(-0.,0.,-1.));
#11915 = DIRECTION('',(-0.,-1.,0.));
#11916 = FACE_BOUND('',#11917,.T.);
#11917 = EDGE_LOOP('',(#11918));
#11918 = ORIENTED_EDGE('',*,*,#11919,.T.);
#11919 = EDGE_CURVE('',#11920,#11920,#11922,.T.);
#11920 = VERTEX_POINT('',#11921);
#11921 = CARTESIAN_POINT('',(39.0381,-61.15,1.51));
#11922 = CIRCLE('',#11923,1.5);
#11923 = AXIS2_PLACEMENT_3D('',#11924,#11925,#11926);
#11924 = CARTESIAN_POINT('',(39.0381,-59.65,1.51));
#11925 = DIRECTION('',(-0.,0.,-1.));
#11926 = DIRECTION('',(-0.,-1.,0.));
#11927 = FACE_BOUND('',#11928,.T.);
#11928 = EDGE_LOOP('',(#11929));
#11929 = ORIENTED_EDGE('',*,*,#11930,.T.);
#11930 = EDGE_CURVE('',#11931,#11931,#11933,.T.);
#11931 = VERTEX_POINT('',#11932);
#11932 = CARTESIAN_POINT('',(32.0381,-60.1,1.51));
#11933 = CIRCLE('',#11934,1.5);
#11934 = AXIS2_PLACEMENT_3D('',#11935,#11936,#11937);
#11935 = CARTESIAN_POINT('',(32.0381,-58.6,1.51));
#11936 = DIRECTION('',(-0.,0.,-1.));
#11937 = DIRECTION('',(-0.,-1.,0.));
#11938 = FACE_BOUND('',#11939,.T.);
#11939 = EDGE_LOOP('',(#11940));
#11940 = ORIENTED_EDGE('',*,*,#11941,.T.);
#11941 = EDGE_CURVE('',#11942,#11942,#11944,.T.);
#11942 = VERTEX_POINT('',#11943);
#11943 = CARTESIAN_POINT('',(46.3381,-64.15,1.51));
#11944 = CIRCLE('',#11945,2.35);
#11945 = AXIS2_PLACEMENT_3D('',#11946,#11947,#11948);
#11946 = CARTESIAN_POINT('',(46.3381,-61.8,1.51));
#11947 = DIRECTION('',(-0.,0.,-1.));
#11948 = DIRECTION('',(-0.,-1.,0.));
#11949 = FACE_BOUND('',#11950,.T.);
#11950 = EDGE_LOOP('',(#11951));
#11951 = ORIENTED_EDGE('',*,*,#11952,.T.);
#11952 = EDGE_CURVE('',#11953,#11953,#11955,.T.);
#11953 = VERTEX_POINT('',#11954);
#11954 = CARTESIAN_POINT('',(36.4381,-56.525,1.51));
#11955 = CIRCLE('',#11956,2.625);
#11956 = AXIS2_PLACEMENT_3D('',#11957,#11958,#11959);
#11957 = CARTESIAN_POINT('',(36.4381,-53.9,1.51));
#11958 = DIRECTION('',(-0.,0.,-1.));
#11959 = DIRECTION('',(-0.,-1.,0.));
#11960 = FACE_BOUND('',#11961,.T.);
#11961 = EDGE_LOOP('',(#11962));
#11962 = ORIENTED_EDGE('',*,*,#11963,.T.);
#11963 = EDGE_CURVE('',#11964,#11964,#11966,.T.);
#11964 = VERTEX_POINT('',#11965);
#11965 = CARTESIAN_POINT('',(51.0381,-58.6,1.51));
#11966 = CIRCLE('',#11967,1.5);
#11967 = AXIS2_PLACEMENT_3D('',#11968,#11969,#11970);
#11968 = CARTESIAN_POINT('',(51.0381,-57.1,1.51));
#11969 = DIRECTION('',(-0.,0.,-1.));
#11970 = DIRECTION('',(-0.,-1.,0.));
#11971 = FACE_BOUND('',#11972,.T.);
#11972 = EDGE_LOOP('',(#11973));
#11973 = ORIENTED_EDGE('',*,*,#11974,.T.);
#11974 = EDGE_CURVE('',#11975,#11975,#11977,.T.);
#11975 = VERTEX_POINT('',#11976);
#11976 = CARTESIAN_POINT('',(58.0381,-59.65,1.51));
#11977 = CIRCLE('',#11978,1.5);
#11978 = AXIS2_PLACEMENT_3D('',#11979,#11980,#11981);
#11979 = CARTESIAN_POINT('',(58.0381,-58.15,1.51));
#11980 = DIRECTION('',(-0.,0.,-1.));
#11981 = DIRECTION('',(-0.,-1.,0.));
#11982 = FACE_BOUND('',#11983,.T.);
#11983 = EDGE_LOOP('',(#11984));
#11984 = ORIENTED_EDGE('',*,*,#11985,.T.);
#11985 = EDGE_CURVE('',#11986,#11986,#11988,.T.);
#11986 = VERTEX_POINT('',#11987);
#11987 = CARTESIAN_POINT('',(55.4381,-55.025,1.51));
#11988 = CIRCLE('',#11989,2.625);
#11989 = AXIS2_PLACEMENT_3D('',#11990,#11991,#11992);
#11990 = CARTESIAN_POINT('',(55.4381,-52.4,1.51));
#11991 = DIRECTION('',(-0.,0.,-1.));
#11992 = DIRECTION('',(-0.,-1.,0.));
#11993 = FACE_BOUND('',#11994,.T.);
#11994 = EDGE_LOOP('',(#11995));
#11995 = ORIENTED_EDGE('',*,*,#11996,.T.);
#11996 = EDGE_CURVE('',#11997,#11997,#11999,.T.);
#11997 = VERTEX_POINT('',#11998);
#11998 = CARTESIAN_POINT('',(70.1381,-53.8,1.51));
#11999 = CIRCLE('',#12000,1.5);
#12000 = AXIS2_PLACEMENT_3D('',#12001,#12002,#12003);
#12001 = CARTESIAN_POINT('',(70.1381,-52.3,1.51));
#12002 = DIRECTION('',(-0.,0.,-1.));
#12003 = DIRECTION('',(-0.,-1.,0.));
#12004 = FACE_BOUND('',#12005,.T.);
#12005 = EDGE_LOOP('',(#12006));
#12006 = ORIENTED_EDGE('',*,*,#12007,.T.);
#12007 = EDGE_CURVE('',#12008,#12008,#12010,.T.);
#12008 = VERTEX_POINT('',#12009);
#12009 = CARTESIAN_POINT('',(77.1381,-54.85,1.51));
#12010 = CIRCLE('',#12011,1.5);
#12011 = AXIS2_PLACEMENT_3D('',#12012,#12013,#12014);
#12012 = CARTESIAN_POINT('',(77.1381,-53.35,1.51));
#12013 = DIRECTION('',(-0.,0.,-1.));
#12014 = DIRECTION('',(-0.,-1.,0.));
#12015 = FACE_BOUND('',#12016,.T.);
#12016 = EDGE_LOOP('',(#12017));
#12017 = ORIENTED_EDGE('',*,*,#12018,.T.);
#12018 = EDGE_CURVE('',#12019,#12019,#12021,.T.);
#12019 = VERTEX_POINT('',#12020);
#12020 = CARTESIAN_POINT('',(89.1381,-52.41,1.51));
#12021 = CIRCLE('',#12022,1.5);
#12022 = AXIS2_PLACEMENT_3D('',#12023,#12024,#12025);
#12023 = CARTESIAN_POINT('',(89.1381,-50.91,1.51));
#12024 = DIRECTION('',(-0.,0.,-1.));
#12025 = DIRECTION('',(-0.,-1.,0.));
#12026 = FACE_BOUND('',#12027,.T.);
#12027 = EDGE_LOOP('',(#12028));
#12028 = ORIENTED_EDGE('',*,*,#12029,.T.);
#12029 = EDGE_CURVE('',#12030,#12030,#12032,.T.);
#12030 = VERTEX_POINT('',#12031);
#12031 = CARTESIAN_POINT('',(96.1381,-53.46,1.51));
#12032 = CIRCLE('',#12033,1.5);
#12033 = AXIS2_PLACEMENT_3D('',#12034,#12035,#12036);
#12034 = CARTESIAN_POINT('',(96.1381,-51.96,1.51));
#12035 = DIRECTION('',(-0.,0.,-1.));
#12036 = DIRECTION('',(-0.,-1.,0.));
#12037 = FACE_BOUND('',#12038,.T.);
#12038 = EDGE_LOOP('',(#12039));
#12039 = ORIENTED_EDGE('',*,*,#12040,.T.);
#12040 = EDGE_CURVE('',#12041,#12041,#12043,.T.);
#12041 = VERTEX_POINT('',#12042);
#12042 = CARTESIAN_POINT('',(74.5381,-50.225,1.51));
#12043 = CIRCLE('',#12044,2.625);
#12044 = AXIS2_PLACEMENT_3D('',#12045,#12046,#12047);
#12045 = CARTESIAN_POINT('',(74.5381,-47.6,1.51));
#12046 = DIRECTION('',(-0.,0.,-1.));
#12047 = DIRECTION('',(-0.,-1.,0.));
#12048 = FACE_BOUND('',#12049,.T.);
#12049 = EDGE_LOOP('',(#12050));
#12050 = ORIENTED_EDGE('',*,*,#12051,.T.);
#12051 = EDGE_CURVE('',#12052,#12052,#12054,.T.);
#12052 = VERTEX_POINT('',#12053);
#12053 = CARTESIAN_POINT('',(93.5381,-48.835,1.51));
#12054 = CIRCLE('',#12055,2.625);
#12055 = AXIS2_PLACEMENT_3D('',#12056,#12057,#12058);
#12056 = CARTESIAN_POINT('',(93.5381,-46.21,1.51));
#12057 = DIRECTION('',(-0.,0.,-1.));
#12058 = DIRECTION('',(-0.,-1.,0.));
#12059 = FACE_BOUND('',#12060,.T.);
#12060 = EDGE_LOOP('',(#12061));
#12061 = ORIENTED_EDGE('',*,*,#12062,.T.);
#12062 = EDGE_CURVE('',#12063,#12063,#12065,.T.);
#12063 = VERTEX_POINT('',#12064);
#12064 = CARTESIAN_POINT('',(112.6381,-88.325,1.51));
#12065 = CIRCLE('',#12066,2.625);
#12066 = AXIS2_PLACEMENT_3D('',#12067,#12068,#12069);
#12067 = CARTESIAN_POINT('',(112.6381,-85.7,1.51));
#12068 = DIRECTION('',(-0.,0.,-1.));
#12069 = DIRECTION('',(-0.,-1.,0.));
#12070 = FACE_BOUND('',#12071,.T.);
#12071 = EDGE_LOOP('',(#12072));
#12072 = ORIENTED_EDGE('',*,*,#12073,.T.);
#12073 = EDGE_CURVE('',#12074,#12074,#12076,.T.);
#12074 = VERTEX_POINT('',#12075);
#12075 = CARTESIAN_POINT('',(115.2381,-73.95,1.51));
#12076 = CIRCLE('',#12077,1.5);
#12077 = AXIS2_PLACEMENT_3D('',#12078,#12079,#12080);
#12078 = CARTESIAN_POINT('',(115.2381,-72.45,1.51));
#12079 = DIRECTION('',(-0.,0.,-1.));
#12080 = DIRECTION('',(-0.,-1.,0.));
#12081 = FACE_BOUND('',#12082,.T.);
#12082 = EDGE_LOOP('',(#12083));
#12083 = ORIENTED_EDGE('',*,*,#12084,.T.);
#12084 = EDGE_CURVE('',#12085,#12085,#12087,.T.);
#12085 = VERTEX_POINT('',#12086);
#12086 = CARTESIAN_POINT('',(108.2381,-72.9,1.51));
#12087 = CIRCLE('',#12088,1.5);
#12088 = AXIS2_PLACEMENT_3D('',#12089,#12090,#12091);
#12089 = CARTESIAN_POINT('',(108.2381,-71.4,1.51));
#12090 = DIRECTION('',(-0.,0.,-1.));
#12091 = DIRECTION('',(-0.,-1.,0.));
#12092 = FACE_BOUND('',#12093,.T.);
#12093 = EDGE_LOOP('',(#12094));
#12094 = ORIENTED_EDGE('',*,*,#12095,.T.);
#12095 = EDGE_CURVE('',#12096,#12096,#12098,.T.);
#12096 = VERTEX_POINT('',#12097);
#12097 = CARTESIAN_POINT('',(112.6381,-69.325,1.51));
#12098 = CIRCLE('',#12099,2.625);
#12099 = AXIS2_PLACEMENT_3D('',#12100,#12101,#12102);
#12100 = CARTESIAN_POINT('',(112.6381,-66.7,1.51));
#12101 = DIRECTION('',(-0.,0.,-1.));
#12102 = DIRECTION('',(-0.,-1.,0.));
#12103 = FACE_BOUND('',#12104,.T.);
#12104 = EDGE_LOOP('',(#12105));
#12105 = ORIENTED_EDGE('',*,*,#12106,.T.);
#12106 = EDGE_CURVE('',#12107,#12107,#12109,.T.);
#12107 = VERTEX_POINT('',#12108);
#12108 = CARTESIAN_POINT('',(127.2381,-75.3,1.51));
#12109 = CIRCLE('',#12110,1.5);
#12110 = AXIS2_PLACEMENT_3D('',#12111,#12112,#12113);
#12111 = CARTESIAN_POINT('',(127.2381,-73.8,1.51));
#12112 = DIRECTION('',(-0.,0.,-1.));
#12113 = DIRECTION('',(-0.,-1.,0.));
#12114 = FACE_BOUND('',#12115,.T.);
#12115 = EDGE_LOOP('',(#12116));
#12116 = ORIENTED_EDGE('',*,*,#12117,.T.);
#12117 = EDGE_CURVE('',#12118,#12118,#12120,.T.);
#12118 = VERTEX_POINT('',#12119);
#12119 = CARTESIAN_POINT('',(131.6381,-71.725,1.51));
#12120 = CIRCLE('',#12121,2.625);
#12121 = AXIS2_PLACEMENT_3D('',#12122,#12123,#12124);
#12122 = CARTESIAN_POINT('',(131.6381,-69.1,1.51));
#12123 = DIRECTION('',(-0.,0.,-1.));
#12124 = DIRECTION('',(-0.,-1.,0.));
#12125 = FACE_BOUND('',#12126,.T.);
#12126 = EDGE_LOOP('',(#12127));
#12127 = ORIENTED_EDGE('',*,*,#12128,.T.);
#12128 = EDGE_CURVE('',#12129,#12129,#12131,.T.);
#12129 = VERTEX_POINT('',#12130);
#12130 = CARTESIAN_POINT('',(144.1381,-86.2,1.51));
#12131 = CIRCLE('',#12132,1.2);
#12132 = AXIS2_PLACEMENT_3D('',#12133,#12134,#12135);
#12133 = CARTESIAN_POINT('',(144.1381,-85.,1.51));
#12134 = DIRECTION('',(-0.,0.,-1.));
#12135 = DIRECTION('',(-0.,-1.,0.));
#12136 = FACE_BOUND('',#12137,.T.);
#12137 = EDGE_LOOP('',(#12138));
#12138 = ORIENTED_EDGE('',*,*,#12139,.T.);
#12139 = EDGE_CURVE('',#12140,#12140,#12142,.T.);
#12140 = VERTEX_POINT('',#12141);
#12141 = CARTESIAN_POINT('',(134.2381,-76.35,1.51));
#12142 = CIRCLE('',#12143,1.5);
#12143 = AXIS2_PLACEMENT_3D('',#12144,#12145,#12146);
#12144 = CARTESIAN_POINT('',(134.2381,-74.85,1.51));
#12145 = DIRECTION('',(-0.,0.,-1.));
#12146 = DIRECTION('',(-0.,-1.,0.));
#12147 = FACE_BOUND('',#12148,.T.);
#12148 = EDGE_LOOP('',(#12149));
#12149 = ORIENTED_EDGE('',*,*,#12150,.T.);
#12150 = EDGE_CURVE('',#12151,#12151,#12153,.T.);
#12151 = VERTEX_POINT('',#12152);
#12152 = CARTESIAN_POINT('',(146.0581,-75.0064,1.51));
#12153 = CIRCLE('',#12154,0.4064);
#12154 = AXIS2_PLACEMENT_3D('',#12155,#12156,#12157);
#12155 = CARTESIAN_POINT('',(146.0581,-74.6,1.51));
#12156 = DIRECTION('',(-0.,0.,-1.));
#12157 = DIRECTION('',(-0.,-1.,0.));
#12158 = FACE_BOUND('',#12159,.T.);
#12159 = EDGE_LOOP('',(#12160));
#12160 = ORIENTED_EDGE('',*,*,#12161,.T.);
#12161 = EDGE_CURVE('',#12162,#12162,#12164,.T.);
#12162 = VERTEX_POINT('',#12163);
#12163 = CARTESIAN_POINT('',(148.5981,-75.0064,1.51));
#12164 = CIRCLE('',#12165,0.4064);
#12165 = AXIS2_PLACEMENT_3D('',#12166,#12167,#12168);
#12166 = CARTESIAN_POINT('',(148.5981,-74.6,1.51));
#12167 = DIRECTION('',(-0.,0.,-1.));
#12168 = DIRECTION('',(-0.,-1.,0.));
#12169 = FACE_BOUND('',#12170,.T.);
#12170 = EDGE_LOOP('',(#12171));
#12171 = ORIENTED_EDGE('',*,*,#12172,.T.);
#12172 = EDGE_CURVE('',#12173,#12173,#12175,.T.);
#12173 = VERTEX_POINT('',#12174);
#12174 = CARTESIAN_POINT('',(166.1381,-86.2,1.51));
#12175 = CIRCLE('',#12176,1.2);
#12176 = AXIS2_PLACEMENT_3D('',#12177,#12178,#12179);
#12177 = CARTESIAN_POINT('',(166.1381,-85.,1.51));
#12178 = DIRECTION('',(-0.,0.,-1.));
#12179 = DIRECTION('',(-0.,-1.,0.));
#12180 = FACE_BOUND('',#12181,.T.);
#12181 = EDGE_LOOP('',(#12182));
#12182 = ORIENTED_EDGE('',*,*,#12183,.T.);
#12183 = EDGE_CURVE('',#12184,#12184,#12186,.T.);
#12184 = VERTEX_POINT('',#12185);
#12185 = CARTESIAN_POINT('',(150.9522,-80.639,1.51));
#12186 = CIRCLE('',#12187,0.375);
#12187 = AXIS2_PLACEMENT_3D('',#12188,#12189,#12190);
#12188 = CARTESIAN_POINT('',(150.9522,-80.264,1.51));
#12189 = DIRECTION('',(-0.,0.,-1.));
#12190 = DIRECTION('',(-0.,-1.,0.));
#12191 = FACE_BOUND('',#12192,.T.);
#12192 = EDGE_LOOP('',(#12193));
#12193 = ORIENTED_EDGE('',*,*,#12194,.T.);
#12194 = EDGE_CURVE('',#12195,#12195,#12197,.T.);
#12195 = VERTEX_POINT('',#12196);
#12196 = CARTESIAN_POINT('',(150.9522,-78.639,1.51));
#12197 = CIRCLE('',#12198,0.375);
#12198 = AXIS2_PLACEMENT_3D('',#12199,#12200,#12201);
#12199 = CARTESIAN_POINT('',(150.9522,-78.264,1.51));
#12200 = DIRECTION('',(-0.,0.,-1.));
#12201 = DIRECTION('',(-0.,-1.,0.));
#12202 = FACE_BOUND('',#12203,.T.);
#12203 = EDGE_LOOP('',(#12204));
#12204 = ORIENTED_EDGE('',*,*,#12205,.T.);
#12205 = EDGE_CURVE('',#12206,#12206,#12208,.T.);
#12206 = VERTEX_POINT('',#12207);
#12207 = CARTESIAN_POINT('',(151.1381,-75.0064,1.51));
#12208 = CIRCLE('',#12209,0.4064);
#12209 = AXIS2_PLACEMENT_3D('',#12210,#12211,#12212);
#12210 = CARTESIAN_POINT('',(151.1381,-74.6,1.51));
#12211 = DIRECTION('',(-0.,0.,-1.));
#12212 = DIRECTION('',(-0.,-1.,0.));
#12213 = FACE_BOUND('',#12214,.T.);
#12214 = EDGE_LOOP('',(#12215));
#12215 = ORIENTED_EDGE('',*,*,#12216,.T.);
#12216 = EDGE_CURVE('',#12217,#12217,#12219,.T.);
#12217 = VERTEX_POINT('',#12218);
#12218 = CARTESIAN_POINT('',(153.6781,-75.0064,1.51));
#12219 = CIRCLE('',#12220,0.4064);
#12220 = AXIS2_PLACEMENT_3D('',#12221,#12222,#12223);
#12221 = CARTESIAN_POINT('',(153.6781,-74.6,1.51));
#12222 = DIRECTION('',(-0.,0.,-1.));
#12223 = DIRECTION('',(-0.,-1.,0.));
#12224 = FACE_BOUND('',#12225,.T.);
#12225 = EDGE_LOOP('',(#12226));
#12226 = ORIENTED_EDGE('',*,*,#12227,.T.);
#12227 = EDGE_CURVE('',#12228,#12228,#12230,.T.);
#12228 = VERTEX_POINT('',#12229);
#12229 = CARTESIAN_POINT('',(156.2181,-75.0064,1.51));
#12230 = CIRCLE('',#12231,0.4064);
#12231 = AXIS2_PLACEMENT_3D('',#12232,#12233,#12234);
#12232 = CARTESIAN_POINT('',(156.2181,-74.6,1.51));
#12233 = DIRECTION('',(-0.,0.,-1.));
#12234 = DIRECTION('',(-0.,-1.,0.));
#12235 = FACE_BOUND('',#12236,.T.);
#12236 = EDGE_LOOP('',(#12237));
#12237 = ORIENTED_EDGE('',*,*,#12238,.T.);
#12238 = EDGE_CURVE('',#12239,#12239,#12241,.T.);
#12239 = VERTEX_POINT('',#12240);
#12240 = CARTESIAN_POINT('',(143.5295,-69.8684,1.51));
#12241 = CIRCLE('',#12242,0.4064);
#12242 = AXIS2_PLACEMENT_3D('',#12243,#12244,#12245);
#12243 = CARTESIAN_POINT('',(143.5295,-69.462,1.51));
#12244 = DIRECTION('',(-0.,0.,-1.));
#12245 = DIRECTION('',(6.99353086378E-14,-1.,-0.));
#12246 = FACE_BOUND('',#12247,.T.);
#12247 = EDGE_LOOP('',(#12248));
#12248 = ORIENTED_EDGE('',*,*,#12249,.T.);
#12249 = EDGE_CURVE('',#12250,#12250,#12252,.T.);
#12250 = VERTEX_POINT('',#12251);
#12251 = CARTESIAN_POINT('',(143.5295,-67.3284,1.51));
#12252 = CIRCLE('',#12253,0.4064);
#12253 = AXIS2_PLACEMENT_3D('',#12254,#12255,#12256);
#12254 = CARTESIAN_POINT('',(143.5295,-66.922,1.51));
#12255 = DIRECTION('',(-0.,0.,-1.));
#12256 = DIRECTION('',(6.99353086378E-14,-1.,-0.));
#12257 = FACE_BOUND('',#12258,.T.);
#12258 = EDGE_LOOP('',(#12259));
#12259 = ORIENTED_EDGE('',*,*,#12260,.T.);
#12260 = EDGE_CURVE('',#12261,#12261,#12263,.T.);
#12261 = VERTEX_POINT('',#12262);
#12262 = CARTESIAN_POINT('',(143.5295,-64.7884,1.51));
#12263 = CIRCLE('',#12264,0.4064);
#12264 = AXIS2_PLACEMENT_3D('',#12265,#12266,#12267);
#12265 = CARTESIAN_POINT('',(143.5295,-64.382,1.51));
#12266 = DIRECTION('',(-0.,0.,-1.));
#12267 = DIRECTION('',(6.99353086378E-14,-1.,-0.));
#12268 = FACE_BOUND('',#12269,.T.);
#12269 = EDGE_LOOP('',(#12270));
#12270 = ORIENTED_EDGE('',*,*,#12271,.T.);
#12271 = EDGE_CURVE('',#12272,#12272,#12274,.T.);
#12272 = VERTEX_POINT('',#12273);
#12273 = CARTESIAN_POINT('',(158.7495,-69.8684,1.51));
#12274 = CIRCLE('',#12275,0.4064);
#12275 = AXIS2_PLACEMENT_3D('',#12276,#12277,#12278);
#12276 = CARTESIAN_POINT('',(158.7495,-69.462,1.51));
#12277 = DIRECTION('',(-0.,0.,-1.));
#12278 = DIRECTION('',(-0.,-1.,0.));
#12279 = FACE_BOUND('',#12280,.T.);
#12280 = EDGE_LOOP('',(#12281));
#12281 = ORIENTED_EDGE('',*,*,#12282,.T.);
#12282 = EDGE_CURVE('',#12283,#12283,#12285,.T.);
#12283 = VERTEX_POINT('',#12284);
#12284 = CARTESIAN_POINT('',(167.1381,-71.6,1.51));
#12285 = CIRCLE('',#12286,0.65);
#12286 = AXIS2_PLACEMENT_3D('',#12287,#12288,#12289);
#12287 = CARTESIAN_POINT('',(167.1381,-70.95,1.51));
#12288 = DIRECTION('',(-0.,0.,-1.));
#12289 = DIRECTION('',(-0.,-1.,0.));
#12290 = FACE_BOUND('',#12291,.T.);
#12291 = EDGE_LOOP('',(#12292));
#12292 = ORIENTED_EDGE('',*,*,#12293,.T.);
#12293 = EDGE_CURVE('',#12294,#12294,#12296,.T.);
#12294 = VERTEX_POINT('',#12295);
#12295 = CARTESIAN_POINT('',(158.7495,-67.3284,1.51));
#12296 = CIRCLE('',#12297,0.4064);
#12297 = AXIS2_PLACEMENT_3D('',#12298,#12299,#12300);
#12298 = CARTESIAN_POINT('',(158.7495,-66.922,1.51));
#12299 = DIRECTION('',(-0.,0.,-1.));
#12300 = DIRECTION('',(-0.,-1.,0.));
#12301 = FACE_BOUND('',#12302,.T.);
#12302 = EDGE_LOOP('',(#12303));
#12303 = ORIENTED_EDGE('',*,*,#12304,.T.);
#12304 = EDGE_CURVE('',#12305,#12305,#12307,.T.);
#12305 = VERTEX_POINT('',#12306);
#12306 = CARTESIAN_POINT('',(158.7495,-64.7884,1.51));
#12307 = CIRCLE('',#12308,0.4064);
#12308 = AXIS2_PLACEMENT_3D('',#12309,#12310,#12311);
#12309 = CARTESIAN_POINT('',(158.7495,-64.382,1.51));
#12310 = DIRECTION('',(-0.,0.,-1.));
#12311 = DIRECTION('',(-0.,-1.,0.));
#12312 = FACE_BOUND('',#12313,.T.);
#12313 = EDGE_LOOP('',(#12314));
#12314 = ORIENTED_EDGE('',*,*,#12315,.T.);
#12315 = EDGE_CURVE('',#12316,#12316,#12318,.T.);
#12316 = VERTEX_POINT('',#12317);
#12317 = CARTESIAN_POINT('',(167.1381,-65.1,1.51));
#12318 = CIRCLE('',#12319,0.65);
#12319 = AXIS2_PLACEMENT_3D('',#12320,#12321,#12322);
#12320 = CARTESIAN_POINT('',(167.1381,-64.45,1.51));
#12321 = DIRECTION('',(-0.,0.,-1.));
#12322 = DIRECTION('',(-0.,-1.,0.));
#12323 = FACE_BOUND('',#12324,.T.);
#12324 = EDGE_LOOP('',(#12325));
#12325 = ORIENTED_EDGE('',*,*,#12326,.T.);
#12326 = EDGE_CURVE('',#12327,#12327,#12329,.T.);
#12327 = VERTEX_POINT('',#12328);
#12328 = CARTESIAN_POINT('',(108.2381,-53.8,1.51));
#12329 = CIRCLE('',#12330,1.5);
#12330 = AXIS2_PLACEMENT_3D('',#12331,#12332,#12333);
#12331 = CARTESIAN_POINT('',(108.2381,-52.3,1.51));
#12332 = DIRECTION('',(-0.,0.,-1.));
#12333 = DIRECTION('',(-0.,-1.,0.));
#12334 = FACE_BOUND('',#12335,.T.);
#12335 = EDGE_LOOP('',(#12336));
#12336 = ORIENTED_EDGE('',*,*,#12337,.T.);
#12337 = EDGE_CURVE('',#12338,#12338,#12340,.T.);
#12338 = VERTEX_POINT('',#12339);
#12339 = CARTESIAN_POINT('',(115.2381,-54.85,1.51));
#12340 = CIRCLE('',#12341,1.5);
#12341 = AXIS2_PLACEMENT_3D('',#12342,#12343,#12344);
#12342 = CARTESIAN_POINT('',(115.2381,-53.35,1.51));
#12343 = DIRECTION('',(-0.,0.,-1.));
#12344 = DIRECTION('',(-0.,-1.,0.));
#12345 = FACE_BOUND('',#12346,.T.);
#12346 = EDGE_LOOP('',(#12347));
#12347 = ORIENTED_EDGE('',*,*,#12348,.T.);
#12348 = EDGE_CURVE('',#12349,#12349,#12351,.T.);
#12349 = VERTEX_POINT('',#12350);
#12350 = CARTESIAN_POINT('',(122.5381,-61.95,1.51));
#12351 = CIRCLE('',#12352,2.35);
#12352 = AXIS2_PLACEMENT_3D('',#12353,#12354,#12355);
#12353 = CARTESIAN_POINT('',(122.5381,-59.6,1.51));
#12354 = DIRECTION('',(-0.,0.,-1.));
#12355 = DIRECTION('',(-0.,-1.,0.));
#12356 = FACE_BOUND('',#12357,.T.);
#12357 = EDGE_LOOP('',(#12358));
#12358 = ORIENTED_EDGE('',*,*,#12359,.T.);
#12359 = EDGE_CURVE('',#12360,#12360,#12362,.T.);
#12360 = VERTEX_POINT('',#12361);
#12361 = CARTESIAN_POINT('',(127.2381,-56.2,1.51));
#12362 = CIRCLE('',#12363,1.5);
#12363 = AXIS2_PLACEMENT_3D('',#12364,#12365,#12366);
#12364 = CARTESIAN_POINT('',(127.2381,-54.7,1.51));
#12365 = DIRECTION('',(-0.,0.,-1.));
#12366 = DIRECTION('',(-0.,-1.,0.));
#12367 = FACE_BOUND('',#12368,.T.);
#12368 = EDGE_LOOP('',(#12369));
#12369 = ORIENTED_EDGE('',*,*,#12370,.T.);
#12370 = EDGE_CURVE('',#12371,#12371,#12373,.T.);
#12371 = VERTEX_POINT('',#12372);
#12372 = CARTESIAN_POINT('',(112.6381,-50.225,1.51));
#12373 = CIRCLE('',#12374,2.625);
#12374 = AXIS2_PLACEMENT_3D('',#12375,#12376,#12377);
#12375 = CARTESIAN_POINT('',(112.6381,-47.6,1.51));
#12376 = DIRECTION('',(-0.,0.,-1.));
#12377 = DIRECTION('',(-0.,-1.,0.));
#12378 = FACE_BOUND('',#12379,.T.);
#12379 = EDGE_LOOP('',(#12380));
#12380 = ORIENTED_EDGE('',*,*,#12381,.T.);
#12381 = EDGE_CURVE('',#12382,#12382,#12384,.T.);
#12382 = VERTEX_POINT('',#12383);
#12383 = CARTESIAN_POINT('',(131.6381,-52.625,1.51));
#12384 = CIRCLE('',#12385,2.625);
#12385 = AXIS2_PLACEMENT_3D('',#12386,#12387,#12388);
#12386 = CARTESIAN_POINT('',(131.6381,-50.,1.51));
#12387 = DIRECTION('',(-0.,0.,-1.));
#12388 = DIRECTION('',(-0.,-1.,0.));
#12389 = FACE_BOUND('',#12390,.T.);
#12390 = EDGE_LOOP('',(#12391));
#12391 = ORIENTED_EDGE('',*,*,#12392,.T.);
#12392 = EDGE_CURVE('',#12393,#12393,#12395,.T.);
#12393 = VERTEX_POINT('',#12394);
#12394 = CARTESIAN_POINT('',(143.5295,-62.2484,1.51));
#12395 = CIRCLE('',#12396,0.4064);
#12396 = AXIS2_PLACEMENT_3D('',#12397,#12398,#12399);
#12397 = CARTESIAN_POINT('',(143.5295,-61.842,1.51));
#12398 = DIRECTION('',(-0.,0.,-1.));
#12399 = DIRECTION('',(6.99353086378E-14,-1.,-0.));
#12400 = FACE_BOUND('',#12401,.T.);
#12401 = EDGE_LOOP('',(#12402));
#12402 = ORIENTED_EDGE('',*,*,#12403,.T.);
#12403 = EDGE_CURVE('',#12404,#12404,#12406,.T.);
#12404 = VERTEX_POINT('',#12405);
#12405 = CARTESIAN_POINT('',(143.5295,-59.7084,1.51));
#12406 = CIRCLE('',#12407,0.4064);
#12407 = AXIS2_PLACEMENT_3D('',#12408,#12409,#12410);
#12408 = CARTESIAN_POINT('',(143.5295,-59.302,1.51));
#12409 = DIRECTION('',(-0.,0.,-1.));
#12410 = DIRECTION('',(6.99353086378E-14,-1.,-0.));
#12411 = FACE_BOUND('',#12412,.T.);
#12412 = EDGE_LOOP('',(#12413));
#12413 = ORIENTED_EDGE('',*,*,#12414,.T.);
#12414 = EDGE_CURVE('',#12415,#12415,#12417,.T.);
#12415 = VERTEX_POINT('',#12416);
#12416 = CARTESIAN_POINT('',(143.5295,-57.1684,1.51));
#12417 = CIRCLE('',#12418,0.4064);
#12418 = AXIS2_PLACEMENT_3D('',#12419,#12420,#12421);
#12419 = CARTESIAN_POINT('',(143.5295,-56.762,1.51));
#12420 = DIRECTION('',(-0.,0.,-1.));
#12421 = DIRECTION('',(6.99353086378E-14,-1.,-0.));
#12422 = FACE_BOUND('',#12423,.T.);
#12423 = EDGE_LOOP('',(#12424));
#12424 = ORIENTED_EDGE('',*,*,#12425,.T.);
#12425 = EDGE_CURVE('',#12426,#12426,#12428,.T.);
#12426 = VERTEX_POINT('',#12427);
#12427 = CARTESIAN_POINT('',(134.2381,-57.25,1.51));
#12428 = CIRCLE('',#12429,1.5);
#12429 = AXIS2_PLACEMENT_3D('',#12430,#12431,#12432);
#12430 = CARTESIAN_POINT('',(134.2381,-55.75,1.51));
#12431 = DIRECTION('',(-0.,0.,-1.));
#12432 = DIRECTION('',(-0.,-1.,0.));
#12433 = FACE_BOUND('',#12434,.T.);
#12434 = EDGE_LOOP('',(#12435));
#12435 = ORIENTED_EDGE('',*,*,#12436,.T.);
#12436 = EDGE_CURVE('',#12437,#12437,#12439,.T.);
#12437 = VERTEX_POINT('',#12438);
#12438 = CARTESIAN_POINT('',(143.5295,-54.6284,1.51));
#12439 = CIRCLE('',#12440,0.4064);
#12440 = AXIS2_PLACEMENT_3D('',#12441,#12442,#12443);
#12441 = CARTESIAN_POINT('',(143.5295,-54.222,1.51));
#12442 = DIRECTION('',(-0.,0.,-1.));
#12443 = DIRECTION('',(6.99353086378E-14,-1.,-0.));
#12444 = FACE_BOUND('',#12445,.T.);
#12445 = EDGE_LOOP('',(#12446));
#12446 = ORIENTED_EDGE('',*,*,#12447,.T.);
#12447 = EDGE_CURVE('',#12448,#12448,#12450,.T.);
#12448 = VERTEX_POINT('',#12449);
#12449 = CARTESIAN_POINT('',(143.5295,-52.0884,1.51));
#12450 = CIRCLE('',#12451,0.4064);
#12451 = AXIS2_PLACEMENT_3D('',#12452,#12453,#12454);
#12452 = CARTESIAN_POINT('',(143.5295,-51.682,1.51));
#12453 = DIRECTION('',(-0.,0.,-1.));
#12454 = DIRECTION('',(6.99353086378E-14,-1.,-0.));
#12455 = FACE_BOUND('',#12456,.T.);
#12456 = EDGE_LOOP('',(#12457));
#12457 = ORIENTED_EDGE('',*,*,#12458,.T.);
#12458 = EDGE_CURVE('',#12459,#12459,#12461,.T.);
#12459 = VERTEX_POINT('',#12460);
#12460 = CARTESIAN_POINT('',(158.7495,-62.2484,1.51));
#12461 = CIRCLE('',#12462,0.4064);
#12462 = AXIS2_PLACEMENT_3D('',#12463,#12464,#12465);
#12463 = CARTESIAN_POINT('',(158.7495,-61.842,1.51));
#12464 = DIRECTION('',(-0.,0.,-1.));
#12465 = DIRECTION('',(-0.,-1.,0.));
#12466 = FACE_BOUND('',#12467,.T.);
#12467 = EDGE_LOOP('',(#12468));
#12468 = ORIENTED_EDGE('',*,*,#12469,.T.);
#12469 = EDGE_CURVE('',#12470,#12470,#12472,.T.);
#12470 = VERTEX_POINT('',#12471);
#12471 = CARTESIAN_POINT('',(158.7495,-59.7084,1.51));
#12472 = CIRCLE('',#12473,0.4064);
#12473 = AXIS2_PLACEMENT_3D('',#12474,#12475,#12476);
#12474 = CARTESIAN_POINT('',(158.7495,-59.302,1.51));
#12475 = DIRECTION('',(-0.,0.,-1.));
#12476 = DIRECTION('',(-0.,-1.,0.));
#12477 = FACE_BOUND('',#12478,.T.);
#12478 = EDGE_LOOP('',(#12479));
#12479 = ORIENTED_EDGE('',*,*,#12480,.T.);
#12480 = EDGE_CURVE('',#12481,#12481,#12483,.T.);
#12481 = VERTEX_POINT('',#12482);
#12482 = CARTESIAN_POINT('',(158.7495,-57.1684,1.51));
#12483 = CIRCLE('',#12484,0.4064);
#12484 = AXIS2_PLACEMENT_3D('',#12485,#12486,#12487);
#12485 = CARTESIAN_POINT('',(158.7495,-56.762,1.51));
#12486 = DIRECTION('',(-0.,0.,-1.));
#12487 = DIRECTION('',(-0.,-1.,0.));
#12488 = FACE_BOUND('',#12489,.T.);
#12489 = EDGE_LOOP('',(#12490));
#12490 = ORIENTED_EDGE('',*,*,#12491,.T.);
#12491 = EDGE_CURVE('',#12492,#12492,#12494,.T.);
#12492 = VERTEX_POINT('',#12493);
#12493 = CARTESIAN_POINT('',(158.7495,-54.6284,1.51));
#12494 = CIRCLE('',#12495,0.4064);
#12495 = AXIS2_PLACEMENT_3D('',#12496,#12497,#12498);
#12496 = CARTESIAN_POINT('',(158.7495,-54.222,1.51));
#12497 = DIRECTION('',(-0.,0.,-1.));
#12498 = DIRECTION('',(-0.,-1.,0.));
#12499 = FACE_BOUND('',#12500,.T.);
#12500 = EDGE_LOOP('',(#12501));
#12501 = ORIENTED_EDGE('',*,*,#12502,.T.);
#12502 = EDGE_CURVE('',#12503,#12503,#12505,.T.);
#12503 = VERTEX_POINT('',#12504);
#12504 = CARTESIAN_POINT('',(158.7495,-52.0884,1.51));
#12505 = CIRCLE('',#12506,0.4064);
#12506 = AXIS2_PLACEMENT_3D('',#12507,#12508,#12509);
#12507 = CARTESIAN_POINT('',(158.7495,-51.682,1.51));
#12508 = DIRECTION('',(-0.,0.,-1.));
#12509 = DIRECTION('',(-0.,-1.,0.));
#12510 = FACE_BOUND('',#12511,.T.);
#12511 = EDGE_LOOP('',(#12512,#12523,#12531,#12540));
#12512 = ORIENTED_EDGE('',*,*,#12513,.T.);
#12513 = EDGE_CURVE('',#12514,#12516,#12518,.T.);
#12514 = VERTEX_POINT('',#12515);
#12515 = CARTESIAN_POINT('',(162.3881,-51.65,1.51));
#12516 = VERTEX_POINT('',#12517);
#12517 = CARTESIAN_POINT('',(161.8881,-51.65,1.51));
#12518 = CIRCLE('',#12519,0.25);
#12519 = AXIS2_PLACEMENT_3D('',#12520,#12521,#12522);
#12520 = CARTESIAN_POINT('',(162.1381,-51.65,1.51));
#12521 = DIRECTION('',(-0.,0.,-1.));
#12522 = DIRECTION('',(-1.,0.,0.));
#12523 = ORIENTED_EDGE('',*,*,#12524,.T.);
#12524 = EDGE_CURVE('',#12516,#12525,#12527,.T.);
#12525 = VERTEX_POINT('',#12526);
#12526 = CARTESIAN_POINT('',(161.8881,-50.55,1.51));
#12527 = LINE('',#12528,#12529);
#12528 = CARTESIAN_POINT('',(161.8881,-25.275,1.51));
#12529 = VECTOR('',#12530,1.);
#12530 = DIRECTION('',(-0.,1.,0.));
#12531 = ORIENTED_EDGE('',*,*,#12532,.T.);
#12532 = EDGE_CURVE('',#12525,#12533,#12535,.T.);
#12533 = VERTEX_POINT('',#12534);
#12534 = CARTESIAN_POINT('',(162.3881,-50.55,1.51));
#12535 = CIRCLE('',#12536,0.25);
#12536 = AXIS2_PLACEMENT_3D('',#12537,#12538,#12539);
#12537 = CARTESIAN_POINT('',(162.1381,-50.55,1.51));
#12538 = DIRECTION('',(0.,-0.,-1.));
#12539 = DIRECTION('',(1.,0.,-0.));
#12540 = ORIENTED_EDGE('',*,*,#12541,.T.);
#12541 = EDGE_CURVE('',#12533,#12514,#12542,.T.);
#12542 = LINE('',#12543,#12544);
#12543 = CARTESIAN_POINT('',(162.3881,-25.825,1.51));
#12544 = VECTOR('',#12545,1.);
#12545 = DIRECTION('',(0.,-1.,0.));
#12546 = FACE_BOUND('',#12547,.T.);
#12547 = EDGE_LOOP('',(#12548));
#12548 = ORIENTED_EDGE('',*,*,#12549,.T.);
#12549 = EDGE_CURVE('',#12550,#12550,#12552,.T.);
#12550 = VERTEX_POINT('',#12551);
#12551 = CARTESIAN_POINT('',(143.5295,-49.5484,1.51));
#12552 = CIRCLE('',#12553,0.4064);
#12553 = AXIS2_PLACEMENT_3D('',#12554,#12555,#12556);
#12554 = CARTESIAN_POINT('',(143.5295,-49.142,1.51));
#12555 = DIRECTION('',(-0.,0.,-1.));
#12556 = DIRECTION('',(6.99353086378E-14,-1.,-0.));
#12557 = FACE_BOUND('',#12558,.T.);
#12558 = EDGE_LOOP('',(#12559));
#12559 = ORIENTED_EDGE('',*,*,#12560,.T.);
#12560 = EDGE_CURVE('',#12561,#12561,#12563,.T.);
#12561 = VERTEX_POINT('',#12562);
#12562 = CARTESIAN_POINT('',(143.5295,-47.0084,1.51));
#12563 = CIRCLE('',#12564,0.4064);
#12564 = AXIS2_PLACEMENT_3D('',#12565,#12566,#12567);
#12565 = CARTESIAN_POINT('',(143.5295,-46.602,1.51));
#12566 = DIRECTION('',(-0.,0.,-1.));
#12567 = DIRECTION('',(6.99353086378E-14,-1.,-0.));
#12568 = FACE_BOUND('',#12569,.T.);
#12569 = EDGE_LOOP('',(#12570));
#12570 = ORIENTED_EDGE('',*,*,#12571,.T.);
#12571 = EDGE_CURVE('',#12572,#12572,#12574,.T.);
#12572 = VERTEX_POINT('',#12573);
#12573 = CARTESIAN_POINT('',(143.5295,-44.4684,1.51));
#12574 = CIRCLE('',#12575,0.4064);
#12575 = AXIS2_PLACEMENT_3D('',#12576,#12577,#12578);
#12576 = CARTESIAN_POINT('',(143.5295,-44.062,1.51));
#12577 = DIRECTION('',(-0.,0.,-1.));
#12578 = DIRECTION('',(6.99353086378E-14,-1.,-0.));
#12579 = FACE_BOUND('',#12580,.T.);
#12580 = EDGE_LOOP('',(#12581));
#12581 = ORIENTED_EDGE('',*,*,#12582,.T.);
#12582 = EDGE_CURVE('',#12583,#12583,#12585,.T.);
#12583 = VERTEX_POINT('',#12584);
#12584 = CARTESIAN_POINT('',(143.5295,-41.9284,1.51));
#12585 = CIRCLE('',#12586,0.4064);
#12586 = AXIS2_PLACEMENT_3D('',#12587,#12588,#12589);
#12587 = CARTESIAN_POINT('',(143.5295,-41.522,1.51));
#12588 = DIRECTION('',(-0.,0.,-1.));
#12589 = DIRECTION('',(6.99353086378E-14,-1.,-0.));
#12590 = FACE_BOUND('',#12591,.T.);
#12591 = EDGE_LOOP('',(#12592));
#12592 = ORIENTED_EDGE('',*,*,#12593,.T.);
#12593 = EDGE_CURVE('',#12594,#12594,#12596,.T.);
#12594 = VERTEX_POINT('',#12595);
#12595 = CARTESIAN_POINT('',(149.6381,-39.203,1.51));
#12596 = CIRCLE('',#12597,0.45);
#12597 = AXIS2_PLACEMENT_3D('',#12598,#12599,#12600);
#12598 = CARTESIAN_POINT('',(149.6381,-38.753,1.51));
#12599 = DIRECTION('',(-0.,0.,-1.));
#12600 = DIRECTION('',(-0.,-1.,0.));
#12601 = FACE_BOUND('',#12602,.T.);
#12602 = EDGE_LOOP('',(#12603));
#12603 = ORIENTED_EDGE('',*,*,#12604,.T.);
#12604 = EDGE_CURVE('',#12605,#12605,#12607,.T.);
#12605 = VERTEX_POINT('',#12606);
#12606 = CARTESIAN_POINT('',(158.7495,-49.5484,1.51));
#12607 = CIRCLE('',#12608,0.4064);
#12608 = AXIS2_PLACEMENT_3D('',#12609,#12610,#12611);
#12609 = CARTESIAN_POINT('',(158.7495,-49.142,1.51));
#12610 = DIRECTION('',(-0.,0.,-1.));
#12611 = DIRECTION('',(-0.,-1.,0.));
#12612 = FACE_BOUND('',#12613,.T.);
#12613 = EDGE_LOOP('',(#12614));
#12614 = ORIENTED_EDGE('',*,*,#12615,.T.);
#12615 = EDGE_CURVE('',#12616,#12616,#12618,.T.);
#12616 = VERTEX_POINT('',#12617);
#12617 = CARTESIAN_POINT('',(158.7495,-47.0084,1.51));
#12618 = CIRCLE('',#12619,0.4064);
#12619 = AXIS2_PLACEMENT_3D('',#12620,#12621,#12622);
#12620 = CARTESIAN_POINT('',(158.7495,-46.602,1.51));
#12621 = DIRECTION('',(-0.,0.,-1.));
#12622 = DIRECTION('',(-0.,-1.,0.));
#12623 = FACE_BOUND('',#12624,.T.);
#12624 = EDGE_LOOP('',(#12625,#12636,#12644,#12653));
#12625 = ORIENTED_EDGE('',*,*,#12626,.T.);
#12626 = EDGE_CURVE('',#12627,#12629,#12631,.T.);
#12627 = VERTEX_POINT('',#12628);
#12628 = CARTESIAN_POINT('',(166.5881,-50.15,1.51));
#12629 = VERTEX_POINT('',#12630);
#12630 = CARTESIAN_POINT('',(166.0881,-50.15,1.51));
#12631 = CIRCLE('',#12632,0.25);
#12632 = AXIS2_PLACEMENT_3D('',#12633,#12634,#12635);
#12633 = CARTESIAN_POINT('',(166.3381,-50.15,1.51));
#12634 = DIRECTION('',(-0.,0.,-1.));
#12635 = DIRECTION('',(-1.,0.,0.));
#12636 = ORIENTED_EDGE('',*,*,#12637,.T.);
#12637 = EDGE_CURVE('',#12629,#12638,#12640,.T.);
#12638 = VERTEX_POINT('',#12639);
#12639 = CARTESIAN_POINT('',(166.0881,-49.05,1.51));
#12640 = LINE('',#12641,#12642);
#12641 = CARTESIAN_POINT('',(166.0881,-24.525,1.51));
#12642 = VECTOR('',#12643,1.);
#12643 = DIRECTION('',(-0.,1.,0.));
#12644 = ORIENTED_EDGE('',*,*,#12645,.T.);
#12645 = EDGE_CURVE('',#12638,#12646,#12648,.T.);
#12646 = VERTEX_POINT('',#12647);
#12647 = CARTESIAN_POINT('',(166.5881,-49.05,1.51));
#12648 = CIRCLE('',#12649,0.25);
#12649 = AXIS2_PLACEMENT_3D('',#12650,#12651,#12652);
#12650 = CARTESIAN_POINT('',(166.3381,-49.05,1.51));
#12651 = DIRECTION('',(0.,-0.,-1.));
#12652 = DIRECTION('',(1.,0.,-0.));
#12653 = ORIENTED_EDGE('',*,*,#12654,.T.);
#12654 = EDGE_CURVE('',#12646,#12627,#12655,.T.);
#12655 = LINE('',#12656,#12657);
#12656 = CARTESIAN_POINT('',(166.5881,-25.075,1.51));
#12657 = VECTOR('',#12658,1.);
#12658 = DIRECTION('',(0.,-1.,0.));
#12659 = FACE_BOUND('',#12660,.T.);
#12660 = EDGE_LOOP('',(#12661));
#12661 = ORIENTED_EDGE('',*,*,#12662,.T.);
#12662 = EDGE_CURVE('',#12663,#12663,#12665,.T.);
#12663 = VERTEX_POINT('',#12664);
#12664 = CARTESIAN_POINT('',(164.2381,-48.4,1.51));
#12665 = CIRCLE('',#12666,0.6);
#12666 = AXIS2_PLACEMENT_3D('',#12667,#12668,#12669);
#12667 = CARTESIAN_POINT('',(164.2381,-47.8,1.51));
#12668 = DIRECTION('',(-0.,0.,-1.));
#12669 = DIRECTION('',(-0.,-1.,0.));
#12670 = FACE_BOUND('',#12671,.T.);
#12671 = EDGE_LOOP('',(#12672,#12683,#12691,#12700));
#12672 = ORIENTED_EDGE('',*,*,#12673,.T.);
#12673 = EDGE_CURVE('',#12674,#12676,#12678,.T.);
#12674 = VERTEX_POINT('',#12675);
#12675 = CARTESIAN_POINT('',(166.5881,-46.15,1.51));
#12676 = VERTEX_POINT('',#12677);
#12677 = CARTESIAN_POINT('',(166.0881,-46.15,1.51));
#12678 = CIRCLE('',#12679,0.25);
#12679 = AXIS2_PLACEMENT_3D('',#12680,#12681,#12682);
#12680 = CARTESIAN_POINT('',(166.3381,-46.15,1.51));
#12681 = DIRECTION('',(-0.,0.,-1.));
#12682 = DIRECTION('',(-1.,0.,0.));
#12683 = ORIENTED_EDGE('',*,*,#12684,.T.);
#12684 = EDGE_CURVE('',#12676,#12685,#12687,.T.);
#12685 = VERTEX_POINT('',#12686);
#12686 = CARTESIAN_POINT('',(166.0881,-45.05,1.51));
#12687 = LINE('',#12688,#12689);
#12688 = CARTESIAN_POINT('',(166.0881,-22.525,1.51));
#12689 = VECTOR('',#12690,1.);
#12690 = DIRECTION('',(-0.,1.,0.));
#12691 = ORIENTED_EDGE('',*,*,#12692,.T.);
#12692 = EDGE_CURVE('',#12685,#12693,#12695,.T.);
#12693 = VERTEX_POINT('',#12694);
#12694 = CARTESIAN_POINT('',(166.5881,-45.05,1.51));
#12695 = CIRCLE('',#12696,0.25);
#12696 = AXIS2_PLACEMENT_3D('',#12697,#12698,#12699);
#12697 = CARTESIAN_POINT('',(166.3381,-45.05,1.51));
#12698 = DIRECTION('',(0.,-0.,-1.));
#12699 = DIRECTION('',(1.,0.,-0.));
#12700 = ORIENTED_EDGE('',*,*,#12701,.T.);
#12701 = EDGE_CURVE('',#12693,#12674,#12702,.T.);
#12702 = LINE('',#12703,#12704);
#12703 = CARTESIAN_POINT('',(166.5881,-23.075,1.51));
#12704 = VECTOR('',#12705,1.);
#12705 = DIRECTION('',(0.,-1.,0.));
#12706 = FACE_BOUND('',#12707,.T.);
#12707 = EDGE_LOOP('',(#12708));
#12708 = ORIENTED_EDGE('',*,*,#12709,.T.);
#12709 = EDGE_CURVE('',#12710,#12710,#12712,.T.);
#12710 = VERTEX_POINT('',#12711);
#12711 = CARTESIAN_POINT('',(158.7495,-44.4684,1.51));
#12712 = CIRCLE('',#12713,0.4064);
#12713 = AXIS2_PLACEMENT_3D('',#12714,#12715,#12716);
#12714 = CARTESIAN_POINT('',(158.7495,-44.062,1.51));
#12715 = DIRECTION('',(-0.,0.,-1.));
#12716 = DIRECTION('',(-0.,-1.,0.));
#12717 = FACE_BOUND('',#12718,.T.);
#12718 = EDGE_LOOP('',(#12719));
#12719 = ORIENTED_EDGE('',*,*,#12720,.T.);
#12720 = EDGE_CURVE('',#12721,#12721,#12723,.T.);
#12721 = VERTEX_POINT('',#12722);
#12722 = CARTESIAN_POINT('',(158.7495,-41.9284,1.51));
#12723 = CIRCLE('',#12724,0.4064);
#12724 = AXIS2_PLACEMENT_3D('',#12725,#12726,#12727);
#12725 = CARTESIAN_POINT('',(158.7495,-41.522,1.51));
#12726 = DIRECTION('',(-0.,0.,-1.));
#12727 = DIRECTION('',(-0.,-1.,0.));
#12728 = FACE_BOUND('',#12729,.T.);
#12729 = EDGE_LOOP('',(#12730));
#12730 = ORIENTED_EDGE('',*,*,#12731,.T.);
#12731 = EDGE_CURVE('',#12732,#12732,#12734,.T.);
#12732 = VERTEX_POINT('',#12733);
#12733 = CARTESIAN_POINT('',(152.6381,-39.203,1.51));
#12734 = CIRCLE('',#12735,0.45);
#12735 = AXIS2_PLACEMENT_3D('',#12736,#12737,#12738);
#12736 = CARTESIAN_POINT('',(152.6381,-38.753,1.51));
#12737 = DIRECTION('',(-0.,0.,-1.));
#12738 = DIRECTION('',(-0.,-1.,0.));
#12739 = FACE_BOUND('',#12740,.T.);
#12740 = EDGE_LOOP('',(#12741,#12752,#12760,#12769));
#12741 = ORIENTED_EDGE('',*,*,#12742,.T.);
#12742 = EDGE_CURVE('',#12743,#12745,#12747,.T.);
#12743 = VERTEX_POINT('',#12744);
#12744 = CARTESIAN_POINT('',(166.5881,-43.15,1.51));
#12745 = VERTEX_POINT('',#12746);
#12746 = CARTESIAN_POINT('',(166.0881,-43.15,1.51));
#12747 = CIRCLE('',#12748,0.25);
#12748 = AXIS2_PLACEMENT_3D('',#12749,#12750,#12751);
#12749 = CARTESIAN_POINT('',(166.3381,-43.15,1.51));
#12750 = DIRECTION('',(-0.,0.,-1.));
#12751 = DIRECTION('',(-1.,0.,0.));
#12752 = ORIENTED_EDGE('',*,*,#12753,.T.);
#12753 = EDGE_CURVE('',#12745,#12754,#12756,.T.);
#12754 = VERTEX_POINT('',#12755);
#12755 = CARTESIAN_POINT('',(166.0881,-42.05,1.51));
#12756 = LINE('',#12757,#12758);
#12757 = CARTESIAN_POINT('',(166.0881,-21.025,1.51));
#12758 = VECTOR('',#12759,1.);
#12759 = DIRECTION('',(-0.,1.,0.));
#12760 = ORIENTED_EDGE('',*,*,#12761,.T.);
#12761 = EDGE_CURVE('',#12754,#12762,#12764,.T.);
#12762 = VERTEX_POINT('',#12763);
#12763 = CARTESIAN_POINT('',(166.5881,-42.05,1.51));
#12764 = CIRCLE('',#12765,0.25);
#12765 = AXIS2_PLACEMENT_3D('',#12766,#12767,#12768);
#12766 = CARTESIAN_POINT('',(166.3381,-42.05,1.51));
#12767 = DIRECTION('',(0.,-0.,-1.));
#12768 = DIRECTION('',(1.,0.,-0.));
#12769 = ORIENTED_EDGE('',*,*,#12770,.T.);
#12770 = EDGE_CURVE('',#12762,#12743,#12771,.T.);
#12771 = LINE('',#12772,#12773);
#12772 = CARTESIAN_POINT('',(166.5881,-21.575,1.51));
#12773 = VECTOR('',#12774,1.);
#12774 = DIRECTION('',(0.,-1.,0.));
#12775 = FACE_BOUND('',#12776,.T.);
#12776 = EDGE_LOOP('',(#12777));
#12777 = ORIENTED_EDGE('',*,*,#12778,.T.);
#12778 = EDGE_CURVE('',#12779,#12779,#12781,.T.);
#12779 = VERTEX_POINT('',#12780);
#12780 = CARTESIAN_POINT('',(164.2381,-41.4,1.51));
#12781 = CIRCLE('',#12782,0.6);
#12782 = AXIS2_PLACEMENT_3D('',#12783,#12784,#12785);
#12783 = CARTESIAN_POINT('',(164.2381,-40.8,1.51));
#12784 = DIRECTION('',(-0.,0.,-1.));
#12785 = DIRECTION('',(-0.,-1.,0.));
#12786 = PLANE('',#12787);
#12787 = AXIS2_PLACEMENT_3D('',#12788,#12789,#12790);
#12788 = CARTESIAN_POINT('',(0.,0.,1.51));
#12789 = DIRECTION('',(0.,0.,1.));
#12790 = DIRECTION('',(1.,0.,-0.));
#12791 = ADVANCED_FACE('',(#12792),#12803,.T.);
#12792 = FACE_BOUND('',#12793,.T.);
#12793 = EDGE_LOOP('',(#12794,#12800,#12801,#12802));
#12794 = ORIENTED_EDGE('',*,*,#12795,.T.);
#12795 = EDGE_CURVE('',#7738,#10268,#12796,.T.);
#12796 = LINE('',#12797,#12798);
#12797 = CARTESIAN_POINT('',(157.742082,-37.086762,0.));
#12798 = VECTOR('',#12799,1.);
#12799 = DIRECTION('',(0.,0.,1.));
#12800 = ORIENTED_EDGE('',*,*,#10267,.T.);
#12801 = ORIENTED_EDGE('',*,*,#7673,.F.);
#12802 = ORIENTED_EDGE('',*,*,#7737,.F.);
#12803 = PLANE('',#12804);
#12804 = AXIS2_PLACEMENT_3D('',#12805,#12806,#12807);
#12805 = CARTESIAN_POINT('',(157.742082,-37.086762,0.));
#12806 = DIRECTION('',(0.,1.,0.));
#12807 = DIRECTION('',(1.,0.,0.));
#12808 = ADVANCED_FACE('',(#12809),#12820,.T.);
#12809 = FACE_BOUND('',#12810,.T.);
#12810 = EDGE_LOOP('',(#12811,#12812,#12813,#12819));
#12811 = ORIENTED_EDGE('',*,*,#7713,.T.);
#12812 = ORIENTED_EDGE('',*,*,#11195,.T.);
#12813 = ORIENTED_EDGE('',*,*,#12814,.F.);
#12814 = EDGE_CURVE('',#8658,#11188,#12815,.T.);
#12815 = LINE('',#12816,#12817);
#12816 = CARTESIAN_POINT('',(168.892556,-37.394123,0.));
#12817 = VECTOR('',#12818,1.);
#12818 = DIRECTION('',(0.,0.,1.));
#12819 = ORIENTED_EDGE('',*,*,#8665,.F.);
#12820 = PLANE('',#12821);
#12821 = AXIS2_PLACEMENT_3D('',#12822,#12823,#12824);
#12822 = CARTESIAN_POINT('',(168.737189,-37.265961,0.));
#12823 = DIRECTION('',(0.636336349332,0.771411725681,-0.));
#12824 = DIRECTION('',(0.771411725681,-0.636336349332,0.));
#12825 = ADVANCED_FACE('',(#12826),#12837,.T.);
#12826 = FACE_BOUND('',#12827,.T.);
#12827 = EDGE_LOOP('',(#12828,#12834,#12835,#12836));
#12828 = ORIENTED_EDGE('',*,*,#12829,.T.);
#12829 = EDGE_CURVE('',#7746,#10276,#12830,.T.);
#12830 = LINE('',#12831,#12832);
#12831 = CARTESIAN_POINT('',(147.334249,-37.086762,0.));
#12832 = VECTOR('',#12833,1.);
#12833 = DIRECTION('',(0.,0.,1.));
#12834 = ORIENTED_EDGE('',*,*,#10275,.T.);
#12835 = ORIENTED_EDGE('',*,*,#12795,.F.);
#12836 = ORIENTED_EDGE('',*,*,#7745,.F.);
#12837 = PLANE('',#12838);
#12838 = AXIS2_PLACEMENT_3D('',#12839,#12840,#12841);
#12839 = CARTESIAN_POINT('',(147.334249,-37.086762,0.));
#12840 = DIRECTION('',(0.,1.,0.));
#12841 = DIRECTION('',(1.,0.,0.));
#12842 = ADVANCED_FACE('',(#12843),#12854,.T.);
#12843 = FACE_BOUND('',#12844,.T.);
#12844 = EDGE_LOOP('',(#12845,#12846,#12847,#12853));
#12845 = ORIENTED_EDGE('',*,*,#12814,.T.);
#12846 = ORIENTED_EDGE('',*,*,#11187,.T.);
#12847 = ORIENTED_EDGE('',*,*,#12848,.F.);
#12848 = EDGE_CURVE('',#8650,#11180,#12849,.T.);
#12849 = LINE('',#12850,#12851);
#12850 = CARTESIAN_POINT('',(169.020717,-37.549489,0.));
#12851 = VECTOR('',#12852,1.);
#12852 = DIRECTION('',(0.,0.,1.));
#12853 = ORIENTED_EDGE('',*,*,#8657,.F.);
#12854 = PLANE('',#12855);
#12855 = AXIS2_PLACEMENT_3D('',#12856,#12857,#12858);
#12856 = CARTESIAN_POINT('',(168.892556,-37.394123,0.));
#12857 = DIRECTION('',(0.77141215245,0.636335831972,-0.));
#12858 = DIRECTION('',(0.636335831972,-0.77141215245,0.));
#12859 = ADVANCED_FACE('',(#12860),#12871,.T.);
#12860 = FACE_BOUND('',#12861,.T.);
#12861 = EDGE_LOOP('',(#12862,#12868,#12869,#12870));
#12862 = ORIENTED_EDGE('',*,*,#12863,.T.);
#12863 = EDGE_CURVE('',#7754,#10284,#12864,.T.);
#12864 = LINE('',#12865,#12866);
#12865 = CARTESIAN_POINT('',(136.926415,-37.086762,0.));
#12866 = VECTOR('',#12867,1.);
#12867 = DIRECTION('',(0.,0.,1.));
#12868 = ORIENTED_EDGE('',*,*,#10283,.T.);
#12869 = ORIENTED_EDGE('',*,*,#12829,.F.);
#12870 = ORIENTED_EDGE('',*,*,#7753,.F.);
#12871 = PLANE('',#12872);
#12872 = AXIS2_PLACEMENT_3D('',#12873,#12874,#12875);
#12873 = CARTESIAN_POINT('',(136.926415,-37.086762,0.));
#12874 = DIRECTION('',(0.,1.,0.));
#12875 = DIRECTION('',(1.,0.,0.));
#12876 = ADVANCED_FACE('',(#12877),#12888,.T.);
#12877 = FACE_BOUND('',#12878,.T.);
#12878 = EDGE_LOOP('',(#12879,#12880,#12881,#12887));
#12879 = ORIENTED_EDGE('',*,*,#12848,.T.);
#12880 = ORIENTED_EDGE('',*,*,#11179,.T.);
#12881 = ORIENTED_EDGE('',*,*,#12882,.F.);
#12882 = EDGE_CURVE('',#8642,#11172,#12883,.T.);
#12883 = LINE('',#12884,#12885);
#12884 = CARTESIAN_POINT('',(169.117469,-37.727855,0.));
#12885 = VECTOR('',#12886,1.);
#12886 = DIRECTION('',(0.,0.,1.));
#12887 = ORIENTED_EDGE('',*,*,#8649,.F.);
#12888 = PLANE('',#12889);
#12889 = AXIS2_PLACEMENT_3D('',#12890,#12891,#12892);
#12890 = CARTESIAN_POINT('',(169.020717,-37.549489,0.));
#12891 = DIRECTION('',(0.879008891064,0.476805378986,-0.));
#12892 = DIRECTION('',(0.476805378986,-0.879008891064,0.));
#12893 = ADVANCED_FACE('',(#12894),#12905,.T.);
#12894 = FACE_BOUND('',#12895,.T.);
#12895 = EDGE_LOOP('',(#12896,#12902,#12903,#12904));
#12896 = ORIENTED_EDGE('',*,*,#12897,.T.);
#12897 = EDGE_CURVE('',#7762,#10292,#12898,.T.);
#12898 = LINE('',#12899,#12900);
#12899 = CARTESIAN_POINT('',(126.518581,-37.086762,0.));
#12900 = VECTOR('',#12901,1.);
#12901 = DIRECTION('',(0.,0.,1.));
#12902 = ORIENTED_EDGE('',*,*,#10291,.T.);
#12903 = ORIENTED_EDGE('',*,*,#12863,.F.);
#12904 = ORIENTED_EDGE('',*,*,#7761,.F.);
#12905 = PLANE('',#12906);
#12906 = AXIS2_PLACEMENT_3D('',#12907,#12908,#12909);
#12907 = CARTESIAN_POINT('',(126.518581,-37.086762,0.));
#12908 = DIRECTION('',(0.,1.,0.));
#12909 = DIRECTION('',(1.,0.,0.));
#12910 = ADVANCED_FACE('',(#12911),#12922,.T.);
#12911 = FACE_BOUND('',#12912,.T.);
#12912 = EDGE_LOOP('',(#12913,#12914,#12915,#12921));
#12913 = ORIENTED_EDGE('',*,*,#12882,.T.);
#12914 = ORIENTED_EDGE('',*,*,#11171,.T.);
#12915 = ORIENTED_EDGE('',*,*,#12916,.F.);
#12916 = EDGE_CURVE('',#8634,#11164,#12917,.T.);
#12917 = LINE('',#12918,#12919);
#12918 = CARTESIAN_POINT('',(169.178603,-37.925015,0.));
#12919 = VECTOR('',#12920,1.);
#12920 = DIRECTION('',(0.,0.,1.));
#12921 = ORIENTED_EDGE('',*,*,#8641,.F.);
#12922 = PLANE('',#12923);
#12923 = AXIS2_PLACEMENT_3D('',#12924,#12925,#12926);
#12924 = CARTESIAN_POINT('',(169.117469,-37.727855,0.));
#12925 = DIRECTION('',(0.955137594324,0.296162414747,-0.));
#12926 = DIRECTION('',(0.296162414747,-0.955137594324,0.));
#12927 = ADVANCED_FACE('',(#12928),#12939,.T.);
#12928 = FACE_BOUND('',#12929,.T.);
#12929 = EDGE_LOOP('',(#12930,#12936,#12937,#12938));
#12930 = ORIENTED_EDGE('',*,*,#12931,.T.);
#12931 = EDGE_CURVE('',#7770,#10300,#12932,.T.);
#12932 = LINE('',#12933,#12934);
#12933 = CARTESIAN_POINT('',(116.110747,-37.086762,0.));
#12934 = VECTOR('',#12935,1.);
#12935 = DIRECTION('',(0.,0.,1.));
#12936 = ORIENTED_EDGE('',*,*,#10299,.T.);
#12937 = ORIENTED_EDGE('',*,*,#12897,.F.);
#12938 = ORIENTED_EDGE('',*,*,#7769,.F.);
#12939 = PLANE('',#12940);
#12940 = AXIS2_PLACEMENT_3D('',#12941,#12942,#12943);
#12941 = CARTESIAN_POINT('',(116.110747,-37.086762,0.));
#12942 = DIRECTION('',(0.,1.,0.));
#12943 = DIRECTION('',(1.,0.,0.));
#12944 = ADVANCED_FACE('',(#12945),#12956,.T.);
#12945 = FACE_BOUND('',#12946,.T.);
#12946 = EDGE_LOOP('',(#12947,#12948,#12949,#12955));
#12947 = ORIENTED_EDGE('',*,*,#12916,.T.);
#12948 = ORIENTED_EDGE('',*,*,#11163,.T.);
#12949 = ORIENTED_EDGE('',*,*,#12950,.F.);
#12950 = EDGE_CURVE('',#8626,#11156,#12951,.T.);
#12951 = LINE('',#12952,#12953);
#12952 = CARTESIAN_POINT('',(169.199916,-38.136762,0.));
#12953 = VECTOR('',#12954,1.);
#12954 = DIRECTION('',(0.,0.,1.));
#12955 = ORIENTED_EDGE('',*,*,#8633,.F.);
#12956 = PLANE('',#12957);
#12957 = AXIS2_PLACEMENT_3D('',#12958,#12959,#12960);
#12958 = CARTESIAN_POINT('',(169.178603,-37.925015,0.));
#12959 = DIRECTION('',(0.994972640165,0.1001471184,-0.));
#12960 = DIRECTION('',(0.1001471184,-0.994972640165,0.));
#12961 = ADVANCED_FACE('',(#12962),#12973,.T.);
#12962 = FACE_BOUND('',#12963,.T.);
#12963 = EDGE_LOOP('',(#12964,#12970,#12971,#12972));
#12964 = ORIENTED_EDGE('',*,*,#12965,.T.);
#12965 = EDGE_CURVE('',#7778,#10308,#12966,.T.);
#12966 = LINE('',#12967,#12968);
#12967 = CARTESIAN_POINT('',(105.702913,-37.086762,0.));
#12968 = VECTOR('',#12969,1.);
#12969 = DIRECTION('',(0.,0.,1.));
#12970 = ORIENTED_EDGE('',*,*,#10307,.T.);
#12971 = ORIENTED_EDGE('',*,*,#12931,.F.);
#12972 = ORIENTED_EDGE('',*,*,#7777,.F.);
#12973 = PLANE('',#12974);
#12974 = AXIS2_PLACEMENT_3D('',#12975,#12976,#12977);
#12975 = CARTESIAN_POINT('',(105.702913,-37.086762,0.));
#12976 = DIRECTION('',(0.,1.,0.));
#12977 = DIRECTION('',(1.,0.,0.));
#12978 = ADVANCED_FACE('',(#12979),#12990,.T.);
#12979 = FACE_BOUND('',#12980,.T.);
#12980 = EDGE_LOOP('',(#12981,#12982,#12983,#12989));
#12981 = ORIENTED_EDGE('',*,*,#12950,.T.);
#12982 = ORIENTED_EDGE('',*,*,#11155,.T.);
#12983 = ORIENTED_EDGE('',*,*,#12984,.F.);
#12984 = EDGE_CURVE('',#8618,#11148,#12985,.T.);
#12985 = LINE('',#12986,#12987);
#12986 = CARTESIAN_POINT('',(169.200598,-44.443695,0.));
#12987 = VECTOR('',#12988,1.);
#12988 = DIRECTION('',(0.,0.,1.));
#12989 = ORIENTED_EDGE('',*,*,#8625,.F.);
#12990 = PLANE('',#12991);
#12991 = AXIS2_PLACEMENT_3D('',#12992,#12993,#12994);
#12992 = CARTESIAN_POINT('',(169.199916,-38.136762,0.));
#12993 = DIRECTION('',(0.999999994153,1.081349676657E-04,-0.));
#12994 = DIRECTION('',(1.081349676657E-04,-0.999999994153,0.));
#12995 = ADVANCED_FACE('',(#12996),#13007,.T.);
#12996 = FACE_BOUND('',#12997,.T.);
#12997 = EDGE_LOOP('',(#12998,#13004,#13005,#13006));
#12998 = ORIENTED_EDGE('',*,*,#12999,.T.);
#12999 = EDGE_CURVE('',#7786,#10316,#13000,.T.);
#13000 = LINE('',#13001,#13002);
#13001 = CARTESIAN_POINT('',(95.295079,-37.086762,0.));
#13002 = VECTOR('',#13003,1.);
#13003 = DIRECTION('',(0.,0.,1.));
#13004 = ORIENTED_EDGE('',*,*,#10315,.T.);
#13005 = ORIENTED_EDGE('',*,*,#12965,.F.);
#13006 = ORIENTED_EDGE('',*,*,#7785,.F.);
#13007 = PLANE('',#13008);
#13008 = AXIS2_PLACEMENT_3D('',#13009,#13010,#13011);
#13009 = CARTESIAN_POINT('',(95.295079,-37.086762,0.));
#13010 = DIRECTION('',(0.,1.,0.));
#13011 = DIRECTION('',(1.,0.,0.));
#13012 = ADVANCED_FACE('',(#13013),#13024,.T.);
#13013 = FACE_BOUND('',#13014,.T.);
#13014 = EDGE_LOOP('',(#13015,#13016,#13017,#13023));
#13015 = ORIENTED_EDGE('',*,*,#12984,.T.);
#13016 = ORIENTED_EDGE('',*,*,#11147,.T.);
#13017 = ORIENTED_EDGE('',*,*,#13018,.F.);
#13018 = EDGE_CURVE('',#8610,#11140,#13019,.T.);
#13019 = LINE('',#13020,#13021);
#13020 = CARTESIAN_POINT('',(169.200598,-50.750629,0.));
#13021 = VECTOR('',#13022,1.);
#13022 = DIRECTION('',(0.,0.,1.));
#13023 = ORIENTED_EDGE('',*,*,#8617,.F.);
#13024 = PLANE('',#13025);
#13025 = AXIS2_PLACEMENT_3D('',#13026,#13027,#13028);
#13026 = CARTESIAN_POINT('',(169.200598,-44.443695,0.));
#13027 = DIRECTION('',(1.,0.,-0.));
#13028 = DIRECTION('',(0.,-1.,0.));
#13029 = ADVANCED_FACE('',(#13030),#13041,.T.);
#13030 = FACE_BOUND('',#13031,.T.);
#13031 = EDGE_LOOP('',(#13032,#13038,#13039,#13040));
#13032 = ORIENTED_EDGE('',*,*,#13033,.T.);
#13033 = EDGE_CURVE('',#7794,#10324,#13034,.T.);
#13034 = LINE('',#13035,#13036);
#13035 = CARTESIAN_POINT('',(84.887245,-37.086762,0.));
#13036 = VECTOR('',#13037,1.);
#13037 = DIRECTION('',(0.,0.,1.));
#13038 = ORIENTED_EDGE('',*,*,#10323,.T.);
#13039 = ORIENTED_EDGE('',*,*,#12999,.F.);
#13040 = ORIENTED_EDGE('',*,*,#7793,.F.);
#13041 = PLANE('',#13042);
#13042 = AXIS2_PLACEMENT_3D('',#13043,#13044,#13045);
#13043 = CARTESIAN_POINT('',(84.887245,-37.086762,0.));
#13044 = DIRECTION('',(0.,1.,0.));
#13045 = DIRECTION('',(1.,0.,0.));
#13046 = ADVANCED_FACE('',(#13047),#13058,.T.);
#13047 = FACE_BOUND('',#13048,.T.);
#13048 = EDGE_LOOP('',(#13049,#13050,#13051,#13057));
#13049 = ORIENTED_EDGE('',*,*,#13018,.T.);
#13050 = ORIENTED_EDGE('',*,*,#11139,.T.);
#13051 = ORIENTED_EDGE('',*,*,#13052,.F.);
#13052 = EDGE_CURVE('',#8602,#11132,#13053,.T.);
#13053 = LINE('',#13054,#13055);
#13054 = CARTESIAN_POINT('',(169.200598,-57.057562,0.));
#13055 = VECTOR('',#13056,1.);
#13056 = DIRECTION('',(0.,0.,1.));
#13057 = ORIENTED_EDGE('',*,*,#8609,.F.);
#13058 = PLANE('',#13059);
#13059 = AXIS2_PLACEMENT_3D('',#13060,#13061,#13062);
#13060 = CARTESIAN_POINT('',(169.200598,-50.750629,0.));
#13061 = DIRECTION('',(1.,0.,-0.));
#13062 = DIRECTION('',(0.,-1.,0.));
#13063 = ADVANCED_FACE('',(#13064),#13075,.T.);
#13064 = FACE_BOUND('',#13065,.T.);
#13065 = EDGE_LOOP('',(#13066,#13072,#13073,#13074));
#13066 = ORIENTED_EDGE('',*,*,#13067,.T.);
#13067 = EDGE_CURVE('',#7802,#10332,#13068,.T.);
#13068 = LINE('',#13069,#13070);
#13069 = CARTESIAN_POINT('',(73.148563,-37.215654,0.));
#13070 = VECTOR('',#13071,1.);
#13071 = DIRECTION('',(0.,0.,1.));
#13072 = ORIENTED_EDGE('',*,*,#10331,.T.);
#13073 = ORIENTED_EDGE('',*,*,#13033,.F.);
#13074 = ORIENTED_EDGE('',*,*,#7801,.F.);
#13075 = PLANE('',#13076);
#13076 = AXIS2_PLACEMENT_3D('',#13077,#13078,#13079);
#13077 = CARTESIAN_POINT('',(73.148563,-37.215654,0.));
#13078 = DIRECTION('',(-1.097944649268E-02,0.999939724061,0.));
#13079 = DIRECTION('',(0.999939724061,1.097944649268E-02,0.));
#13080 = ADVANCED_FACE('',(#13081),#13092,.T.);
#13081 = FACE_BOUND('',#13082,.T.);
#13082 = EDGE_LOOP('',(#13083,#13084,#13085,#13091));
#13083 = ORIENTED_EDGE('',*,*,#13052,.T.);
#13084 = ORIENTED_EDGE('',*,*,#11131,.T.);
#13085 = ORIENTED_EDGE('',*,*,#13086,.F.);
#13086 = EDGE_CURVE('',#8594,#11124,#13087,.T.);
#13087 = LINE('',#13088,#13089);
#13088 = CARTESIAN_POINT('',(169.200598,-63.364495,0.));
#13089 = VECTOR('',#13090,1.);
#13090 = DIRECTION('',(0.,0.,1.));
#13091 = ORIENTED_EDGE('',*,*,#8601,.F.);
#13092 = PLANE('',#13093);
#13093 = AXIS2_PLACEMENT_3D('',#13094,#13095,#13096);
#13094 = CARTESIAN_POINT('',(169.200598,-57.057562,0.));
#13095 = DIRECTION('',(1.,0.,-0.));
#13096 = DIRECTION('',(0.,-1.,0.));
#13097 = ADVANCED_FACE('',(#13098),#13109,.T.);
#13098 = FACE_BOUND('',#13099,.T.);
#13099 = EDGE_LOOP('',(#13100,#13106,#13107,#13108));
#13100 = ORIENTED_EDGE('',*,*,#13101,.T.);
#13101 = EDGE_CURVE('',#7810,#10340,#13102,.T.);
#13102 = LINE('',#13103,#13104);
#13103 = CARTESIAN_POINT('',(62.218588,-37.585374,0.));
#13104 = VECTOR('',#13105,1.);
#13105 = DIRECTION('',(0.,0.,1.));
#13106 = ORIENTED_EDGE('',*,*,#10339,.T.);
#13107 = ORIENTED_EDGE('',*,*,#13067,.F.);
#13108 = ORIENTED_EDGE('',*,*,#7809,.F.);
#13109 = PLANE('',#13110);
#13110 = AXIS2_PLACEMENT_3D('',#13111,#13112,#13113);
#13111 = CARTESIAN_POINT('',(62.218588,-37.585374,0.));
#13112 = DIRECTION('',(-3.380690823186E-02,0.999428383105,0.));
#13113 = DIRECTION('',(0.999428383105,3.380690823186E-02,0.));
#13114 = ADVANCED_FACE('',(#13115),#13126,.T.);
#13115 = FACE_BOUND('',#13116,.T.);
#13116 = EDGE_LOOP('',(#13117,#13118,#13119,#13125));
#13117 = ORIENTED_EDGE('',*,*,#13086,.T.);
#13118 = ORIENTED_EDGE('',*,*,#11123,.T.);
#13119 = ORIENTED_EDGE('',*,*,#13120,.F.);
#13120 = EDGE_CURVE('',#8586,#11116,#13121,.T.);
#13121 = LINE('',#13122,#13123);
#13122 = CARTESIAN_POINT('',(169.200598,-69.671429,0.));
#13123 = VECTOR('',#13124,1.);
#13124 = DIRECTION('',(0.,0.,1.));
#13125 = ORIENTED_EDGE('',*,*,#8593,.F.);
#13126 = PLANE('',#13127);
#13127 = AXIS2_PLACEMENT_3D('',#13128,#13129,#13130);
#13128 = CARTESIAN_POINT('',(169.200598,-63.364495,0.));
#13129 = DIRECTION('',(1.,0.,-0.));
#13130 = DIRECTION('',(0.,-1.,0.));
#13131 = ADVANCED_FACE('',(#13132),#13143,.T.);
#13132 = FACE_BOUND('',#13133,.T.);
#13133 = EDGE_LOOP('',(#13134,#13140,#13141,#13142));
#13134 = ORIENTED_EDGE('',*,*,#13135,.T.);
#13135 = EDGE_CURVE('',#7818,#10348,#13136,.T.);
#13136 = LINE('',#13137,#13138);
#13137 = CARTESIAN_POINT('',(52.330472,-38.170488,0.));
#13138 = VECTOR('',#13139,1.);
#13139 = DIRECTION('',(0.,0.,1.));
#13140 = ORIENTED_EDGE('',*,*,#10347,.T.);
#13141 = ORIENTED_EDGE('',*,*,#13101,.F.);
#13142 = ORIENTED_EDGE('',*,*,#7817,.F.);
#13143 = PLANE('',#13144);
#13144 = AXIS2_PLACEMENT_3D('',#13145,#13146,#13147);
#13145 = CARTESIAN_POINT('',(52.330472,-38.170488,0.));
#13146 = DIRECTION('',(-5.907012970043E-02,0.998253835343,0.));
#13147 = DIRECTION('',(0.998253835343,5.907012970043E-02,0.));
#13148 = ADVANCED_FACE('',(#13149),#13160,.T.);
#13149 = FACE_BOUND('',#13150,.T.);
#13150 = EDGE_LOOP('',(#13151,#13152,#13153,#13159));
#13151 = ORIENTED_EDGE('',*,*,#13120,.T.);
#13152 = ORIENTED_EDGE('',*,*,#11115,.T.);
#13153 = ORIENTED_EDGE('',*,*,#13154,.F.);
#13154 = EDGE_CURVE('',#8578,#11108,#13155,.T.);
#13155 = LINE('',#13156,#13157);
#13156 = CARTESIAN_POINT('',(169.200598,-75.978362,0.));
#13157 = VECTOR('',#13158,1.);
#13158 = DIRECTION('',(0.,0.,1.));
#13159 = ORIENTED_EDGE('',*,*,#8585,.F.);
#13160 = PLANE('',#13161);
#13161 = AXIS2_PLACEMENT_3D('',#13162,#13163,#13164);
#13162 = CARTESIAN_POINT('',(169.200598,-69.671429,0.));
#13163 = DIRECTION('',(1.,0.,-0.));
#13164 = DIRECTION('',(0.,-1.,0.));
#13165 = ADVANCED_FACE('',(#13166),#13177,.T.);
#13166 = FACE_BOUND('',#13167,.T.);
#13167 = EDGE_LOOP('',(#13168,#13174,#13175,#13176));
#13168 = ORIENTED_EDGE('',*,*,#13169,.T.);
#13169 = EDGE_CURVE('',#7826,#10356,#13170,.T.);
#13170 = LINE('',#13171,#13172);
#13171 = CARTESIAN_POINT('',(43.717368,-38.945561,0.));
#13172 = VECTOR('',#13173,1.);
#13173 = DIRECTION('',(0.,0.,1.));
#13174 = ORIENTED_EDGE('',*,*,#10355,.T.);
#13175 = ORIENTED_EDGE('',*,*,#13135,.F.);
#13176 = ORIENTED_EDGE('',*,*,#7825,.F.);
#13177 = PLANE('',#13178);
#13178 = AXIS2_PLACEMENT_3D('',#13179,#13180,#13181);
#13179 = CARTESIAN_POINT('',(43.717368,-38.945561,0.));
#13180 = DIRECTION('',(-8.962549938064E-02,0.995975536778,0.));
#13181 = DIRECTION('',(0.995975536778,8.962549938064E-02,0.));
#13182 = ADVANCED_FACE('',(#13183),#13194,.T.);
#13183 = FACE_BOUND('',#13184,.T.);
#13184 = EDGE_LOOP('',(#13185,#13186,#13187,#13193));
#13185 = ORIENTED_EDGE('',*,*,#13154,.T.);
#13186 = ORIENTED_EDGE('',*,*,#11107,.T.);
#13187 = ORIENTED_EDGE('',*,*,#13188,.F.);
#13188 = EDGE_CURVE('',#8570,#11100,#13189,.T.);
#13189 = LINE('',#13190,#13191);
#13190 = CARTESIAN_POINT('',(169.200598,-82.285296,0.));
#13191 = VECTOR('',#13192,1.);
#13192 = DIRECTION('',(0.,0.,1.));
#13193 = ORIENTED_EDGE('',*,*,#8577,.F.);
#13194 = PLANE('',#13195);
#13195 = AXIS2_PLACEMENT_3D('',#13196,#13197,#13198);
#13196 = CARTESIAN_POINT('',(169.200598,-75.978362,0.));
#13197 = DIRECTION('',(1.,0.,-0.));
#13198 = DIRECTION('',(0.,-1.,0.));
#13199 = ADVANCED_FACE('',(#13200),#13211,.T.);
#13200 = FACE_BOUND('',#13201,.T.);
#13201 = EDGE_LOOP('',(#13202,#13208,#13209,#13210));
#13202 = ORIENTED_EDGE('',*,*,#13203,.T.);
#13203 = EDGE_CURVE('',#7834,#10364,#13204,.T.);
#13204 = LINE('',#13205,#13206);
#13205 = CARTESIAN_POINT('',(36.612429,-39.885159,0.));
#13206 = VECTOR('',#13207,1.);
#13207 = DIRECTION('',(0.,0.,1.));
#13208 = ORIENTED_EDGE('',*,*,#10363,.T.);
#13209 = ORIENTED_EDGE('',*,*,#13169,.F.);
#13210 = ORIENTED_EDGE('',*,*,#7833,.F.);
#13211 = PLANE('',#13212);
#13212 = AXIS2_PLACEMENT_3D('',#13213,#13214,#13215);
#13213 = CARTESIAN_POINT('',(36.612429,-39.885159,0.));
#13214 = DIRECTION('',(-0.131104283597,0.991368582729,0.));
#13215 = DIRECTION('',(0.991368582729,0.131104283597,0.));
#13216 = ADVANCED_FACE('',(#13217),#13228,.T.);
#13217 = FACE_BOUND('',#13218,.T.);
#13218 = EDGE_LOOP('',(#13219,#13220,#13221,#13227));
#13219 = ORIENTED_EDGE('',*,*,#13188,.T.);
#13220 = ORIENTED_EDGE('',*,*,#11099,.T.);
#13221 = ORIENTED_EDGE('',*,*,#13222,.F.);
#13222 = EDGE_CURVE('',#8562,#11092,#13223,.T.);
#13223 = LINE('',#13224,#13225);
#13224 = CARTESIAN_POINT('',(169.200598,-88.592229,0.));
#13225 = VECTOR('',#13226,1.);
#13226 = DIRECTION('',(0.,0.,1.));
#13227 = ORIENTED_EDGE('',*,*,#8569,.F.);
#13228 = PLANE('',#13229);
#13229 = AXIS2_PLACEMENT_3D('',#13230,#13231,#13232);
#13230 = CARTESIAN_POINT('',(169.200598,-82.285296,0.));
#13231 = DIRECTION('',(1.,0.,-0.));
#13232 = DIRECTION('',(0.,-1.,0.));
#13233 = ADVANCED_FACE('',(#13234),#13245,.T.);
#13234 = FACE_BOUND('',#13235,.T.);
#13235 = EDGE_LOOP('',(#13236,#13242,#13243,#13244));
#13236 = ORIENTED_EDGE('',*,*,#13237,.T.);
#13237 = EDGE_CURVE('',#7842,#10372,#13238,.T.);
#13238 = LINE('',#13239,#13240);
#13239 = CARTESIAN_POINT('',(31.248807,-40.963847,0.));
#13240 = VECTOR('',#13241,1.);
#13241 = DIRECTION('',(0.,0.,1.));
#13242 = ORIENTED_EDGE('',*,*,#10371,.T.);
#13243 = ORIENTED_EDGE('',*,*,#13203,.F.);
#13244 = ORIENTED_EDGE('',*,*,#7841,.F.);
#13245 = PLANE('',#13246);
#13246 = AXIS2_PLACEMENT_3D('',#13247,#13248,#13249);
#13247 = CARTESIAN_POINT('',(31.248807,-40.963847,0.));
#13248 = DIRECTION('',(-0.197164134003,0.980370493366,0.));
#13249 = DIRECTION('',(0.980370493366,0.197164134003,0.));
#13250 = ADVANCED_FACE('',(#13251),#13262,.T.);
#13251 = FACE_BOUND('',#13252,.T.);
#13252 = EDGE_LOOP('',(#13253,#13254,#13255,#13261));
#13253 = ORIENTED_EDGE('',*,*,#13222,.T.);
#13254 = ORIENTED_EDGE('',*,*,#11091,.T.);
#13255 = ORIENTED_EDGE('',*,*,#13256,.F.);
#13256 = EDGE_CURVE('',#8554,#11084,#13257,.T.);
#13257 = LINE('',#13258,#13259);
#13258 = CARTESIAN_POINT('',(169.002436,-92.617561,0.));
#13259 = VECTOR('',#13260,1.);
#13260 = DIRECTION('',(0.,0.,1.));
#13261 = ORIENTED_EDGE('',*,*,#8561,.F.);
#13262 = PLANE('',#13263);
#13263 = AXIS2_PLACEMENT_3D('',#13264,#13265,#13266);
#13264 = CARTESIAN_POINT('',(169.200598,-88.592229,0.));
#13265 = DIRECTION('',(0.998790463864,-4.916919049169E-02,0.));
#13266 = DIRECTION('',(-4.916919049169E-02,-0.998790463864,0.));
#13267 = ADVANCED_FACE('',(#13268),#13279,.T.);
#13268 = FACE_BOUND('',#13269,.T.);
#13269 = EDGE_LOOP('',(#13270,#13276,#13277,#13278));
#13270 = ORIENTED_EDGE('',*,*,#13271,.T.);
#13271 = EDGE_CURVE('',#7850,#10380,#13272,.T.);
#13272 = LINE('',#13273,#13274);
#13273 = CARTESIAN_POINT('',(27.859655,-42.15619,0.));
#13274 = VECTOR('',#13275,1.);
#13275 = DIRECTION('',(0.,0.,1.));
#13276 = ORIENTED_EDGE('',*,*,#10379,.T.);
#13277 = ORIENTED_EDGE('',*,*,#13237,.F.);
#13278 = ORIENTED_EDGE('',*,*,#7849,.F.);
#13279 = PLANE('',#13280);
#13280 = AXIS2_PLACEMENT_3D('',#13281,#13282,#13283);
#13281 = CARTESIAN_POINT('',(27.859655,-42.15619,0.));
#13282 = DIRECTION('',(-0.331872426761,0.943324277412,0.));
#13283 = DIRECTION('',(0.943324277412,0.331872426761,0.));
#13284 = ADVANCED_FACE('',(#13285),#13296,.T.);
#13285 = FACE_BOUND('',#13286,.T.);
#13286 = EDGE_LOOP('',(#13287,#13288,#13289,#13295));
#13287 = ORIENTED_EDGE('',*,*,#13256,.T.);
#13288 = ORIENTED_EDGE('',*,*,#11083,.T.);
#13289 = ORIENTED_EDGE('',*,*,#13290,.F.);
#13290 = EDGE_CURVE('',#8546,#11076,#13291,.T.);
#13291 = LINE('',#13292,#13293);
#13292 = CARTESIAN_POINT('',(168.647829,-96.657663,0.));
#13293 = VECTOR('',#13294,1.);
#13294 = DIRECTION('',(0.,0.,1.));
#13295 = ORIENTED_EDGE('',*,*,#8553,.F.);
#13296 = PLANE('',#13297);
#13297 = AXIS2_PLACEMENT_3D('',#13298,#13299,#13300);
#13298 = CARTESIAN_POINT('',(169.002436,-92.617561,0.));
#13299 = DIRECTION('',(0.996170170381,-8.743564286453E-02,0.));
#13300 = DIRECTION('',(-8.743564286453E-02,-0.996170170381,0.));
#13301 = ADVANCED_FACE('',(#13302),#13313,.T.);
#13302 = FACE_BOUND('',#13303,.T.);
#13303 = EDGE_LOOP('',(#13304,#13310,#13311,#13312));
#13304 = ORIENTED_EDGE('',*,*,#13305,.T.);
#13305 = EDGE_CURVE('',#7858,#10388,#13306,.T.);
#13306 = LINE('',#13307,#13308);
#13307 = CARTESIAN_POINT('',(26.678126,-43.436755,0.));
#13308 = VECTOR('',#13309,1.);
#13309 = DIRECTION('',(0.,0.,1.));
#13310 = ORIENTED_EDGE('',*,*,#10387,.T.);
#13311 = ORIENTED_EDGE('',*,*,#13271,.F.);
#13312 = ORIENTED_EDGE('',*,*,#7857,.F.);
#13313 = PLANE('',#13314);
#13314 = AXIS2_PLACEMENT_3D('',#13315,#13316,#13317);
#13315 = CARTESIAN_POINT('',(26.678126,-43.436755,0.));
#13316 = DIRECTION('',(-0.73495531792,0.678115536366,0.));
#13317 = DIRECTION('',(0.678115536366,0.73495531792,0.));
#13318 = ADVANCED_FACE('',(#13319),#13330,.T.);
#13319 = FACE_BOUND('',#13320,.T.);
#13320 = EDGE_LOOP('',(#13321,#13322,#13323,#13329));
#13321 = ORIENTED_EDGE('',*,*,#13290,.T.);
#13322 = ORIENTED_EDGE('',*,*,#11075,.T.);
#13323 = ORIENTED_EDGE('',*,*,#13324,.F.);
#13324 = EDGE_CURVE('',#8538,#11068,#13325,.T.);
#13325 = LINE('',#13326,#13327);
#13326 = CARTESIAN_POINT('',(168.117154,-100.690825,0.));
#13327 = VECTOR('',#13328,1.);
#13328 = DIRECTION('',(0.,0.,1.));
#13329 = ORIENTED_EDGE('',*,*,#8545,.F.);
#13330 = PLANE('',#13331);
#13331 = AXIS2_PLACEMENT_3D('',#13332,#13333,#13334);
#13332 = CARTESIAN_POINT('',(168.647829,-96.657663,0.));
#13333 = DIRECTION('',(0.991454429416,-0.130453495131,0.));
#13334 = DIRECTION('',(-0.130453495131,-0.991454429416,0.));
#13335 = ADVANCED_FACE('',(#13336),#13347,.T.);
#13336 = FACE_BOUND('',#13337,.T.);
#13337 = EDGE_LOOP('',(#13338,#13344,#13345,#13346));
#13338 = ORIENTED_EDGE('',*,*,#13339,.T.);
#13339 = EDGE_CURVE('',#7866,#10396,#13340,.T.);
#13340 = LINE('',#13341,#13342);
#13341 = CARTESIAN_POINT('',(26.678126,-52.918378,0.));
#13342 = VECTOR('',#13343,1.);
#13343 = DIRECTION('',(0.,0.,1.));
#13344 = ORIENTED_EDGE('',*,*,#10395,.T.);
#13345 = ORIENTED_EDGE('',*,*,#13305,.F.);
#13346 = ORIENTED_EDGE('',*,*,#7865,.F.);
#13347 = PLANE('',#13348);
#13348 = AXIS2_PLACEMENT_3D('',#13349,#13350,#13351);
#13349 = CARTESIAN_POINT('',(26.678126,-52.918378,0.));
#13350 = DIRECTION('',(-1.,0.,0.));
#13351 = DIRECTION('',(0.,1.,0.));
#13352 = ADVANCED_FACE('',(#13353),#13364,.T.);
#13353 = FACE_BOUND('',#13354,.T.);
#13354 = EDGE_LOOP('',(#13355,#13356,#13357,#13363));
#13355 = ORIENTED_EDGE('',*,*,#13324,.T.);
#13356 = ORIENTED_EDGE('',*,*,#11067,.T.);
#13357 = ORIENTED_EDGE('',*,*,#13358,.F.);
#13358 = EDGE_CURVE('',#8530,#11060,#13359,.T.);
#13359 = LINE('',#13360,#13361);
#13360 = CARTESIAN_POINT('',(167.391043,-104.695246,0.));
#13361 = VECTOR('',#13362,1.);
#13362 = DIRECTION('',(0.,0.,1.));
#13363 = ORIENTED_EDGE('',*,*,#8537,.F.);
#13364 = PLANE('',#13365);
#13365 = AXIS2_PLACEMENT_3D('',#13366,#13367,#13368);
#13366 = CARTESIAN_POINT('',(168.117154,-100.690825,0.));
#13367 = DIRECTION('',(0.983954801422,-0.178417904815,0.));
#13368 = DIRECTION('',(-0.178417904815,-0.983954801422,0.));
#13369 = ADVANCED_FACE('',(#13370),#13381,.T.);
#13370 = FACE_BOUND('',#13371,.T.);
#13371 = EDGE_LOOP('',(#13372,#13378,#13379,#13380));
#13372 = ORIENTED_EDGE('',*,*,#13373,.T.);
#13373 = EDGE_CURVE('',#7874,#10404,#13374,.T.);
#13374 = LINE('',#13375,#13376);
#13375 = CARTESIAN_POINT('',(26.678126,-62.4,0.));
#13376 = VECTOR('',#13377,1.);
#13377 = DIRECTION('',(0.,0.,1.));
#13378 = ORIENTED_EDGE('',*,*,#10403,.T.);
#13379 = ORIENTED_EDGE('',*,*,#13339,.F.);
#13380 = ORIENTED_EDGE('',*,*,#7873,.F.);
#13381 = PLANE('',#13382);
#13382 = AXIS2_PLACEMENT_3D('',#13383,#13384,#13385);
#13383 = CARTESIAN_POINT('',(26.678126,-62.4,0.));
#13384 = DIRECTION('',(-1.,0.,0.));
#13385 = DIRECTION('',(0.,1.,0.));
#13386 = ADVANCED_FACE('',(#13387),#13398,.T.);
#13387 = FACE_BOUND('',#13388,.T.);
#13388 = EDGE_LOOP('',(#13389,#13390,#13391,#13397));
#13389 = ORIENTED_EDGE('',*,*,#13358,.T.);
#13390 = ORIENTED_EDGE('',*,*,#11059,.T.);
#13391 = ORIENTED_EDGE('',*,*,#13392,.F.);
#13392 = EDGE_CURVE('',#8522,#11052,#13393,.T.);
#13393 = LINE('',#13394,#13395);
#13394 = CARTESIAN_POINT('',(166.450122,-108.649127,0.));
#13395 = VECTOR('',#13396,1.);
#13396 = DIRECTION('',(0.,0.,1.));
#13397 = ORIENTED_EDGE('',*,*,#8529,.F.);
#13398 = PLANE('',#13399);
#13399 = AXIS2_PLACEMENT_3D('',#13400,#13401,#13402);
#13400 = CARTESIAN_POINT('',(167.391043,-104.695246,0.));
#13401 = DIRECTION('',(0.972832776925,-0.231508937496,0.));
#13402 = DIRECTION('',(-0.231508937496,-0.972832776925,0.));
#13403 = ADVANCED_FACE('',(#13404),#13415,.T.);
#13404 = FACE_BOUND('',#13405,.T.);
#13405 = EDGE_LOOP('',(#13406,#13412,#13413,#13414));
#13406 = ORIENTED_EDGE('',*,*,#13407,.T.);
#13407 = EDGE_CURVE('',#7882,#10412,#13408,.T.);
#13408 = LINE('',#13409,#13410);
#13409 = CARTESIAN_POINT('',(26.678126,-71.881623,0.));
#13410 = VECTOR('',#13411,1.);
#13411 = DIRECTION('',(0.,0.,1.));
#13412 = ORIENTED_EDGE('',*,*,#10411,.T.);
#13413 = ORIENTED_EDGE('',*,*,#13373,.F.);
#13414 = ORIENTED_EDGE('',*,*,#7881,.F.);
#13415 = PLANE('',#13416);
#13416 = AXIS2_PLACEMENT_3D('',#13417,#13418,#13419);
#13417 = CARTESIAN_POINT('',(26.678126,-71.881623,0.));
#13418 = DIRECTION('',(-1.,0.,0.));
#13419 = DIRECTION('',(0.,1.,0.));
#13420 = ADVANCED_FACE('',(#13421),#13432,.T.);
#13421 = FACE_BOUND('',#13422,.T.);
#13422 = EDGE_LOOP('',(#13423,#13424,#13425,#13431));
#13423 = ORIENTED_EDGE('',*,*,#13392,.T.);
#13424 = ORIENTED_EDGE('',*,*,#11051,.T.);
#13425 = ORIENTED_EDGE('',*,*,#13426,.F.);
#13426 = EDGE_CURVE('',#8514,#11044,#13427,.T.);
#13427 = LINE('',#13428,#13429);
#13428 = CARTESIAN_POINT('',(165.275021,-112.53067,0.));
#13429 = VECTOR('',#13430,1.);
#13430 = DIRECTION('',(0.,0.,1.));
#13431 = ORIENTED_EDGE('',*,*,#8521,.F.);
#13432 = PLANE('',#13433);
#13433 = AXIS2_PLACEMENT_3D('',#13434,#13435,#13436);
#13434 = CARTESIAN_POINT('',(166.450122,-108.649127,0.));
#13435 = DIRECTION('',(0.957101303365,-0.28975350748,0.));
#13436 = DIRECTION('',(-0.28975350748,-0.957101303365,0.));
#13437 = ADVANCED_FACE('',(#13438),#13449,.T.);
#13438 = FACE_BOUND('',#13439,.T.);
#13439 = EDGE_LOOP('',(#13440,#13446,#13447,#13448));
#13440 = ORIENTED_EDGE('',*,*,#13441,.T.);
#13441 = EDGE_CURVE('',#7890,#10420,#13442,.T.);
#13442 = LINE('',#13443,#13444);
#13443 = CARTESIAN_POINT('',(26.678126,-81.363245,0.));
#13444 = VECTOR('',#13445,1.);
#13445 = DIRECTION('',(0.,0.,1.));
#13446 = ORIENTED_EDGE('',*,*,#10419,.T.);
#13447 = ORIENTED_EDGE('',*,*,#13407,.F.);
#13448 = ORIENTED_EDGE('',*,*,#7889,.F.);
#13449 = PLANE('',#13450);
#13450 = AXIS2_PLACEMENT_3D('',#13451,#13452,#13453);
#13451 = CARTESIAN_POINT('',(26.678126,-81.363245,0.));
#13452 = DIRECTION('',(-1.,0.,0.));
#13453 = DIRECTION('',(0.,1.,0.));
#13454 = ADVANCED_FACE('',(#13455),#13466,.T.);
#13455 = FACE_BOUND('',#13456,.T.);
#13456 = EDGE_LOOP('',(#13457,#13458,#13459,#13465));
#13457 = ORIENTED_EDGE('',*,*,#13426,.T.);
#13458 = ORIENTED_EDGE('',*,*,#11043,.T.);
#13459 = ORIENTED_EDGE('',*,*,#13460,.F.);
#13460 = EDGE_CURVE('',#8506,#11036,#13461,.T.);
#13461 = LINE('',#13462,#13463);
#13462 = CARTESIAN_POINT('',(163.846368,-116.318073,0.));
#13463 = VECTOR('',#13464,1.);
#13464 = DIRECTION('',(0.,0.,1.));
#13465 = ORIENTED_EDGE('',*,*,#8513,.F.);
#13466 = PLANE('',#13467);
#13467 = AXIS2_PLACEMENT_3D('',#13468,#13469,#13470);
#13468 = CARTESIAN_POINT('',(165.275021,-112.53067,0.));
#13469 = DIRECTION('',(0.935647056386,-0.35293708487,0.));
#13470 = DIRECTION('',(-0.35293708487,-0.935647056386,0.));
#13471 = ADVANCED_FACE('',(#13472),#13483,.T.);
#13472 = FACE_BOUND('',#13473,.T.);
#13473 = EDGE_LOOP('',(#13474,#13480,#13481,#13482));
#13474 = ORIENTED_EDGE('',*,*,#13475,.T.);
#13475 = EDGE_CURVE('',#7898,#10428,#13476,.T.);
#13476 = LINE('',#13477,#13478);
#13477 = CARTESIAN_POINT('',(26.678126,-90.844867,0.));
#13478 = VECTOR('',#13479,1.);
#13479 = DIRECTION('',(0.,0.,1.));
#13480 = ORIENTED_EDGE('',*,*,#10427,.T.);
#13481 = ORIENTED_EDGE('',*,*,#13441,.F.);
#13482 = ORIENTED_EDGE('',*,*,#7897,.F.);
#13483 = PLANE('',#13484);
#13484 = AXIS2_PLACEMENT_3D('',#13485,#13486,#13487);
#13485 = CARTESIAN_POINT('',(26.678126,-90.844867,0.));
#13486 = DIRECTION('',(-1.,0.,0.));
#13487 = DIRECTION('',(0.,1.,0.));
#13488 = ADVANCED_FACE('',(#13489),#13500,.T.);
#13489 = FACE_BOUND('',#13490,.T.);
#13490 = EDGE_LOOP('',(#13491,#13492,#13493,#13499));
#13491 = ORIENTED_EDGE('',*,*,#13460,.T.);
#13492 = ORIENTED_EDGE('',*,*,#11035,.T.);
#13493 = ORIENTED_EDGE('',*,*,#13494,.F.);
#13494 = EDGE_CURVE('',#8498,#11028,#13495,.T.);
#13495 = LINE('',#13496,#13497);
#13496 = CARTESIAN_POINT('',(162.144793,-119.98954,0.));
#13497 = VECTOR('',#13498,1.);
#13498 = DIRECTION('',(0.,0.,1.));
#13499 = ORIENTED_EDGE('',*,*,#8505,.F.);
#13500 = PLANE('',#13501);
#13501 = AXIS2_PLACEMENT_3D('',#13502,#13503,#13504);
#13502 = CARTESIAN_POINT('',(163.846368,-116.318073,0.));
#13503 = DIRECTION('',(0.907295195618,-0.42049426632,0.));
#13504 = DIRECTION('',(-0.42049426632,-0.907295195618,0.));
#13505 = ADVANCED_FACE('',(#13506),#13517,.T.);
#13506 = FACE_BOUND('',#13507,.T.);
#13507 = EDGE_LOOP('',(#13508,#13514,#13515,#13516));
#13508 = ORIENTED_EDGE('',*,*,#13509,.T.);
#13509 = EDGE_CURVE('',#7906,#10436,#13510,.T.);
#13510 = LINE('',#13511,#13512);
#13511 = CARTESIAN_POINT('',(26.678126,-100.32649,0.));
#13512 = VECTOR('',#13513,1.);
#13513 = DIRECTION('',(0.,0.,1.));
#13514 = ORIENTED_EDGE('',*,*,#10435,.T.);
#13515 = ORIENTED_EDGE('',*,*,#13475,.F.);
#13516 = ORIENTED_EDGE('',*,*,#7905,.F.);
#13517 = PLANE('',#13518);
#13518 = AXIS2_PLACEMENT_3D('',#13519,#13520,#13521);
#13519 = CARTESIAN_POINT('',(26.678126,-100.32649,0.));
#13520 = DIRECTION('',(-1.,0.,0.));
#13521 = DIRECTION('',(0.,1.,0.));
#13522 = ADVANCED_FACE('',(#13523),#13534,.T.);
#13523 = FACE_BOUND('',#13524,.T.);
#13524 = EDGE_LOOP('',(#13525,#13526,#13527,#13533));
#13525 = ORIENTED_EDGE('',*,*,#13494,.T.);
#13526 = ORIENTED_EDGE('',*,*,#11027,.T.);
#13527 = ORIENTED_EDGE('',*,*,#13528,.F.);
#13528 = EDGE_CURVE('',#8490,#11020,#13529,.T.);
#13529 = LINE('',#13530,#13531);
#13530 = CARTESIAN_POINT('',(160.469563,-122.854742,0.));
#13531 = VECTOR('',#13532,1.);
#13532 = DIRECTION('',(0.,0.,1.));
#13533 = ORIENTED_EDGE('',*,*,#8497,.F.);
#13534 = PLANE('',#13535);
#13535 = AXIS2_PLACEMENT_3D('',#13536,#13537,#13538);
#13536 = CARTESIAN_POINT('',(162.144793,-119.98954,0.));
#13537 = DIRECTION('',(0.863272004268,-0.504738988633,0.));
#13538 = DIRECTION('',(-0.504738988633,-0.863272004268,0.));
#13539 = ADVANCED_FACE('',(#13540),#13551,.T.);
#13540 = FACE_BOUND('',#13541,.T.);
#13541 = EDGE_LOOP('',(#13542,#13548,#13549,#13550));
#13542 = ORIENTED_EDGE('',*,*,#13543,.T.);
#13543 = EDGE_CURVE('',#7914,#10444,#13544,.T.);
#13544 = LINE('',#13545,#13546);
#13545 = CARTESIAN_POINT('',(26.678126,-109.808112,0.));
#13546 = VECTOR('',#13547,1.);
#13547 = DIRECTION('',(0.,0.,1.));
#13548 = ORIENTED_EDGE('',*,*,#10443,.T.);
#13549 = ORIENTED_EDGE('',*,*,#13509,.F.);
#13550 = ORIENTED_EDGE('',*,*,#7913,.F.);
#13551 = PLANE('',#13552);
#13552 = AXIS2_PLACEMENT_3D('',#13553,#13554,#13555);
#13553 = CARTESIAN_POINT('',(26.678126,-109.808112,0.));
#13554 = DIRECTION('',(-1.,0.,0.));
#13555 = DIRECTION('',(0.,1.,0.));
#13556 = ADVANCED_FACE('',(#13557),#13568,.T.);
#13557 = FACE_BOUND('',#13558,.T.);
#13558 = EDGE_LOOP('',(#13559,#13560,#13561,#13567));
#13559 = ORIENTED_EDGE('',*,*,#13528,.T.);
#13560 = ORIENTED_EDGE('',*,*,#11019,.T.);
#13561 = ORIENTED_EDGE('',*,*,#13562,.F.);
#13562 = EDGE_CURVE('',#8482,#11012,#13563,.T.);
#13563 = LINE('',#13564,#13565);
#13564 = CARTESIAN_POINT('',(158.793868,-125.721062,0.));
#13565 = VECTOR('',#13566,1.);
#13566 = DIRECTION('',(0.,0.,1.));
#13567 = ORIENTED_EDGE('',*,*,#8489,.F.);
#13568 = PLANE('',#13569);
#13569 = AXIS2_PLACEMENT_3D('',#13570,#13571,#13572);
#13570 = CARTESIAN_POINT('',(160.469563,-122.854742,0.));
#13571 = DIRECTION('',(0.863296763836,-0.504696639132,0.));
#13572 = DIRECTION('',(-0.504696639132,-0.863296763836,0.));
#13573 = ADVANCED_FACE('',(#13574),#13585,.T.);
#13574 = FACE_BOUND('',#13575,.T.);
#13575 = EDGE_LOOP('',(#13576,#13582,#13583,#13584));
#13576 = ORIENTED_EDGE('',*,*,#13577,.T.);
#13577 = EDGE_CURVE('',#7922,#10452,#13578,.T.);
#13578 = LINE('',#13579,#13580);
#13579 = CARTESIAN_POINT('',(26.678127,-119.289735,0.));
#13580 = VECTOR('',#13581,1.);
#13581 = DIRECTION('',(0.,0.,1.));
#13582 = ORIENTED_EDGE('',*,*,#10451,.T.);
#13583 = ORIENTED_EDGE('',*,*,#13543,.F.);
#13584 = ORIENTED_EDGE('',*,*,#7921,.F.);
#13585 = PLANE('',#13586);
#13586 = AXIS2_PLACEMENT_3D('',#13587,#13588,#13589);
#13587 = CARTESIAN_POINT('',(26.678127,-119.289735,0.));
#13588 = DIRECTION('',(-1.,-1.054671759284E-07,0.));
#13589 = DIRECTION('',(-1.054671759284E-07,1.,0.));
#13590 = ADVANCED_FACE('',(#13591),#13602,.T.);
#13591 = FACE_BOUND('',#13592,.T.);
#13592 = EDGE_LOOP('',(#13593,#13594,#13595,#13601));
#13593 = ORIENTED_EDGE('',*,*,#13562,.T.);
#13594 = ORIENTED_EDGE('',*,*,#11011,.T.);
#13595 = ORIENTED_EDGE('',*,*,#13596,.F.);
#13596 = EDGE_CURVE('',#8474,#11004,#13597,.T.);
#13597 = LINE('',#13598,#13599);
#13598 = CARTESIAN_POINT('',(157.118174,-128.587381,0.));
#13599 = VECTOR('',#13600,1.);
#13600 = DIRECTION('',(0.,0.,1.));
#13601 = ORIENTED_EDGE('',*,*,#8481,.F.);
#13602 = PLANE('',#13603);
#13603 = AXIS2_PLACEMENT_3D('',#13604,#13605,#13606);
#13604 = CARTESIAN_POINT('',(158.793868,-125.721062,0.));
#13605 = DIRECTION('',(0.863296818346,-0.504696545891,0.));
#13606 = DIRECTION('',(-0.504696545891,-0.863296818346,0.));
#13607 = ADVANCED_FACE('',(#13608),#13619,.T.);
#13608 = FACE_BOUND('',#13609,.T.);
#13609 = EDGE_LOOP('',(#13610,#13616,#13617,#13618));
#13610 = ORIENTED_EDGE('',*,*,#13611,.T.);
#13611 = EDGE_CURVE('',#7930,#10460,#13612,.T.);
#13612 = LINE('',#13613,#13614);
#13613 = CARTESIAN_POINT('',(26.708574,-119.592231,0.));
#13614 = VECTOR('',#13615,1.);
#13615 = DIRECTION('',(0.,0.,1.));
#13616 = ORIENTED_EDGE('',*,*,#10459,.T.);
#13617 = ORIENTED_EDGE('',*,*,#13577,.F.);
#13618 = ORIENTED_EDGE('',*,*,#7929,.F.);
#13619 = PLANE('',#13620);
#13620 = AXIS2_PLACEMENT_3D('',#13621,#13622,#13623);
#13621 = CARTESIAN_POINT('',(26.708574,-119.592231,0.));
#13622 = DIRECTION('',(-0.994972696411,-0.100146559583,0.));
#13623 = DIRECTION('',(-0.100146559583,0.994972696411,0.));
#13624 = ADVANCED_FACE('',(#13625),#13636,.T.);
#13625 = FACE_BOUND('',#13626,.T.);
#13626 = EDGE_LOOP('',(#13627,#13628,#13629,#13635));
#13627 = ORIENTED_EDGE('',*,*,#13596,.T.);
#13628 = ORIENTED_EDGE('',*,*,#11003,.T.);
#13629 = ORIENTED_EDGE('',*,*,#13630,.F.);
#13630 = EDGE_CURVE('',#8466,#10996,#13631,.T.);
#13631 = LINE('',#13632,#13633);
#13632 = CARTESIAN_POINT('',(155.442479,-131.453701,0.));
#13633 = VECTOR('',#13634,1.);
#13634 = DIRECTION('',(0.,0.,1.));
#13635 = ORIENTED_EDGE('',*,*,#8473,.F.);
#13636 = PLANE('',#13637);
#13637 = AXIS2_PLACEMENT_3D('',#13638,#13639,#13640);
#13638 = CARTESIAN_POINT('',(157.118174,-128.587381,0.));
#13639 = DIRECTION('',(0.863296763836,-0.504696639132,0.));
#13640 = DIRECTION('',(-0.504696639132,-0.863296763836,0.));
#13641 = ADVANCED_FACE('',(#13642),#13653,.T.);
#13642 = FACE_BOUND('',#13643,.T.);
#13643 = EDGE_LOOP('',(#13644,#13650,#13651,#13652));
#13644 = ORIENTED_EDGE('',*,*,#13645,.T.);
#13645 = EDGE_CURVE('',#7938,#10468,#13646,.T.);
#13646 = LINE('',#13647,#13648);
#13647 = CARTESIAN_POINT('',(26.795909,-119.873887,0.));
#13648 = VECTOR('',#13649,1.);
#13649 = DIRECTION('',(0.,0.,1.));
#13650 = ORIENTED_EDGE('',*,*,#10467,.T.);
#13651 = ORIENTED_EDGE('',*,*,#13611,.F.);
#13652 = ORIENTED_EDGE('',*,*,#7937,.F.);
#13653 = PLANE('',#13654);
#13654 = AXIS2_PLACEMENT_3D('',#13655,#13656,#13657);
#13655 = CARTESIAN_POINT('',(26.795909,-119.873887,0.));
#13656 = DIRECTION('',(-0.955136569186,-0.296165720844,0.));
#13657 = DIRECTION('',(-0.296165720844,0.955136569186,0.));
#13658 = ADVANCED_FACE('',(#13659),#13670,.T.);
#13659 = FACE_BOUND('',#13660,.T.);
#13660 = EDGE_LOOP('',(#13661,#13662,#13663,#13669));
#13661 = ORIENTED_EDGE('',*,*,#13630,.T.);
#13662 = ORIENTED_EDGE('',*,*,#10995,.T.);
#13663 = ORIENTED_EDGE('',*,*,#13664,.F.);
#13664 = EDGE_CURVE('',#8458,#10988,#13665,.T.);
#13665 = LINE('',#13666,#13667);
#13666 = CARTESIAN_POINT('',(153.766785,-134.32002,0.));
#13667 = VECTOR('',#13668,1.);
#13668 = DIRECTION('',(0.,0.,1.));
#13669 = ORIENTED_EDGE('',*,*,#8465,.F.);
#13670 = PLANE('',#13671);
#13671 = AXIS2_PLACEMENT_3D('',#13672,#13673,#13674);
#13672 = CARTESIAN_POINT('',(155.442479,-131.453701,0.));
#13673 = DIRECTION('',(0.863296818346,-0.504696545891,0.));
#13674 = DIRECTION('',(-0.504696545891,-0.863296818346,0.));
#13675 = ADVANCED_FACE('',(#13676),#13687,.T.);
#13676 = FACE_BOUND('',#13677,.T.);
#13677 = EDGE_LOOP('',(#13678,#13684,#13685,#13686));
#13678 = ORIENTED_EDGE('',*,*,#13679,.T.);
#13679 = EDGE_CURVE('',#7946,#10476,#13680,.T.);
#13680 = LINE('',#13681,#13682);
#13681 = CARTESIAN_POINT('',(26.934125,-120.128696,0.));
#13682 = VECTOR('',#13683,1.);
#13683 = DIRECTION('',(0.,0.,1.));
#13684 = ORIENTED_EDGE('',*,*,#10475,.T.);
#13685 = ORIENTED_EDGE('',*,*,#13645,.F.);
#13686 = ORIENTED_EDGE('',*,*,#7945,.F.);
#13687 = PLANE('',#13688);
#13688 = AXIS2_PLACEMENT_3D('',#13689,#13690,#13691);
#13689 = CARTESIAN_POINT('',(26.934125,-120.128696,0.));
#13690 = DIRECTION('',(-0.879010879534,-0.476801713148,0.));
#13691 = DIRECTION('',(-0.476801713148,0.879010879534,0.));
#13692 = ADVANCED_FACE('',(#13693),#13704,.T.);
#13693 = FACE_BOUND('',#13694,.T.);
#13694 = EDGE_LOOP('',(#13695,#13696,#13697,#13703));
#13695 = ORIENTED_EDGE('',*,*,#13664,.T.);
#13696 = ORIENTED_EDGE('',*,*,#10987,.T.);
#13697 = ORIENTED_EDGE('',*,*,#13698,.F.);
#13698 = EDGE_CURVE('',#8450,#10980,#13699,.T.);
#13699 = LINE('',#13700,#13701);
#13700 = CARTESIAN_POINT('',(152.09109,-137.18634,0.));
#13701 = VECTOR('',#13702,1.);
#13702 = DIRECTION('',(0.,0.,1.));
#13703 = ORIENTED_EDGE('',*,*,#8457,.F.);
#13704 = PLANE('',#13705);
#13705 = AXIS2_PLACEMENT_3D('',#13706,#13707,#13708);
#13706 = CARTESIAN_POINT('',(153.766785,-134.32002,0.));
#13707 = DIRECTION('',(0.863296763836,-0.504696639132,0.));
#13708 = DIRECTION('',(-0.504696639132,-0.863296763836,0.));
#13709 = ADVANCED_FACE('',(#13710),#13721,.T.);
#13710 = FACE_BOUND('',#13711,.T.);
#13711 = EDGE_LOOP('',(#13712,#13718,#13719,#13720));
#13712 = ORIENTED_EDGE('',*,*,#13713,.T.);
#13713 = EDGE_CURVE('',#7954,#10484,#13714,.T.);
#13714 = LINE('',#13715,#13716);
#13715 = CARTESIAN_POINT('',(27.117214,-120.350648,0.));
#13716 = VECTOR('',#13717,1.);
#13717 = DIRECTION('',(0.,0.,1.));
#13718 = ORIENTED_EDGE('',*,*,#10483,.T.);
#13719 = ORIENTED_EDGE('',*,*,#13679,.F.);
#13720 = ORIENTED_EDGE('',*,*,#7953,.F.);
#13721 = PLANE('',#13722);
#13722 = AXIS2_PLACEMENT_3D('',#13723,#13724,#13725);
#13723 = CARTESIAN_POINT('',(27.117214,-120.350648,0.));
#13724 = DIRECTION('',(-0.771409788208,-0.636338698066,0.));
#13725 = DIRECTION('',(-0.636338698066,0.771409788208,0.));
#13726 = ADVANCED_FACE('',(#13727),#13738,.T.);
#13727 = FACE_BOUND('',#13728,.T.);
#13728 = EDGE_LOOP('',(#13729,#13730,#13731,#13737));
#13729 = ORIENTED_EDGE('',*,*,#13698,.T.);
#13730 = ORIENTED_EDGE('',*,*,#10979,.T.);
#13731 = ORIENTED_EDGE('',*,*,#13732,.F.);
#13732 = EDGE_CURVE('',#8442,#10972,#13733,.T.);
#13733 = LINE('',#13734,#13735);
#13734 = CARTESIAN_POINT('',(150.415396,-140.052659,0.));
#13735 = VECTOR('',#13736,1.);
#13736 = DIRECTION('',(0.,0.,1.));
#13737 = ORIENTED_EDGE('',*,*,#8449,.F.);
#13738 = PLANE('',#13739);
#13739 = AXIS2_PLACEMENT_3D('',#13740,#13741,#13742);
#13740 = CARTESIAN_POINT('',(152.09109,-137.18634,0.));
#13741 = DIRECTION('',(0.863296818346,-0.504696545891,0.));
#13742 = DIRECTION('',(-0.504696545891,-0.863296818346,0.));
#13743 = ADVANCED_FACE('',(#13744),#13755,.T.);
#13744 = FACE_BOUND('',#13745,.T.);
#13745 = EDGE_LOOP('',(#13746,#13752,#13753,#13754));
#13746 = ORIENTED_EDGE('',*,*,#13747,.T.);
#13747 = EDGE_CURVE('',#7962,#10492,#13748,.T.);
#13748 = LINE('',#13749,#13750);
#13749 = CARTESIAN_POINT('',(27.339166,-120.533736,0.));
#13750 = VECTOR('',#13751,1.);
#13751 = DIRECTION('',(0.,0.,1.));
#13752 = ORIENTED_EDGE('',*,*,#10491,.T.);
#13753 = ORIENTED_EDGE('',*,*,#13713,.F.);
#13754 = ORIENTED_EDGE('',*,*,#7961,.F.);
#13755 = PLANE('',#13756);
#13756 = AXIS2_PLACEMENT_3D('',#13757,#13758,#13759);
#13757 = CARTESIAN_POINT('',(27.339166,-120.533736,0.));
#13758 = DIRECTION('',(-0.636336629841,-0.77141149429,0.));
#13759 = DIRECTION('',(-0.77141149429,0.636336629841,0.));
#13760 = ADVANCED_FACE('',(#13761),#13772,.T.);
#13761 = FACE_BOUND('',#13762,.T.);
#13762 = EDGE_LOOP('',(#13763,#13764,#13765,#13771));
#13763 = ORIENTED_EDGE('',*,*,#13732,.T.);
#13764 = ORIENTED_EDGE('',*,*,#10971,.T.);
#13765 = ORIENTED_EDGE('',*,*,#13766,.F.);
#13766 = EDGE_CURVE('',#8434,#10964,#13767,.T.);
#13767 = LINE('',#13768,#13769);
#13768 = CARTESIAN_POINT('',(148.739701,-142.918979,0.));
#13769 = VECTOR('',#13770,1.);
#13770 = DIRECTION('',(0.,0.,1.));
#13771 = ORIENTED_EDGE('',*,*,#8441,.F.);
#13772 = PLANE('',#13773);
#13773 = AXIS2_PLACEMENT_3D('',#13774,#13775,#13776);
#13774 = CARTESIAN_POINT('',(150.415396,-140.052659,0.));
#13775 = DIRECTION('',(0.863296763836,-0.504696639132,0.));
#13776 = DIRECTION('',(-0.504696639132,-0.863296763836,0.));
#13777 = ADVANCED_FACE('',(#13778),#13789,.T.);
#13778 = FACE_BOUND('',#13779,.T.);
#13779 = EDGE_LOOP('',(#13780,#13786,#13787,#13788));
#13780 = ORIENTED_EDGE('',*,*,#13781,.T.);
#13781 = EDGE_CURVE('',#7970,#10500,#13782,.T.);
#13782 = LINE('',#13783,#13784);
#13783 = CARTESIAN_POINT('',(27.593974,-120.671952,0.));
#13784 = VECTOR('',#13785,1.);
#13785 = DIRECTION('',(0.,0.,1.));
#13786 = ORIENTED_EDGE('',*,*,#10499,.T.);
#13787 = ORIENTED_EDGE('',*,*,#13747,.F.);
#13788 = ORIENTED_EDGE('',*,*,#7969,.F.);
#13789 = PLANE('',#13790);
#13790 = AXIS2_PLACEMENT_3D('',#13791,#13792,#13793);
#13791 = CARTESIAN_POINT('',(27.593974,-120.671952,0.));
#13792 = DIRECTION('',(-0.476803158963,-0.879010095279,0.));
#13793 = DIRECTION('',(-0.879010095279,0.476803158963,0.));
#13794 = ADVANCED_FACE('',(#13795),#13806,.T.);
#13795 = FACE_BOUND('',#13796,.T.);
#13796 = EDGE_LOOP('',(#13797,#13798,#13799,#13805));
#13797 = ORIENTED_EDGE('',*,*,#13766,.T.);
#13798 = ORIENTED_EDGE('',*,*,#10963,.T.);
#13799 = ORIENTED_EDGE('',*,*,#13800,.F.);
#13800 = EDGE_CURVE('',#8426,#10956,#13801,.T.);
#13801 = LINE('',#13802,#13803);
#13802 = CARTESIAN_POINT('',(148.646289,-143.08815,0.));
#13803 = VECTOR('',#13804,1.);
#13804 = DIRECTION('',(0.,0.,1.));
#13805 = ORIENTED_EDGE('',*,*,#8433,.F.);
#13806 = PLANE('',#13807);
#13807 = AXIS2_PLACEMENT_3D('',#13808,#13809,#13810);
#13808 = CARTESIAN_POINT('',(148.739701,-142.918979,0.));
#13809 = DIRECTION('',(0.875410682516,-0.48337990953,0.));
#13810 = DIRECTION('',(-0.48337990953,-0.875410682516,0.));
#13811 = ADVANCED_FACE('',(#13812),#13823,.T.);
#13812 = FACE_BOUND('',#13813,.T.);
#13813 = EDGE_LOOP('',(#13814,#13820,#13821,#13822));
#13814 = ORIENTED_EDGE('',*,*,#13815,.T.);
#13815 = EDGE_CURVE('',#7978,#10508,#13816,.T.);
#13816 = LINE('',#13817,#13818);
#13817 = CARTESIAN_POINT('',(27.875631,-120.759288,0.));
#13818 = VECTOR('',#13819,1.);
#13819 = DIRECTION('',(0.,0.,1.));
#13820 = ORIENTED_EDGE('',*,*,#10507,.T.);
#13821 = ORIENTED_EDGE('',*,*,#13781,.F.);
#13822 = ORIENTED_EDGE('',*,*,#7977,.F.);
#13823 = PLANE('',#13824);
#13824 = AXIS2_PLACEMENT_3D('',#13825,#13826,#13827);
#13825 = CARTESIAN_POINT('',(27.875631,-120.759288,0.));
#13826 = DIRECTION('',(-0.296167855245,-0.955135907355,0.));
#13827 = DIRECTION('',(-0.955135907355,0.296167855245,0.));
#13828 = ADVANCED_FACE('',(#13829),#13840,.T.);
#13829 = FACE_BOUND('',#13830,.T.);
#13830 = EDGE_LOOP('',(#13831,#13832,#13833,#13839));
#13831 = ORIENTED_EDGE('',*,*,#13800,.T.);
#13832 = ORIENTED_EDGE('',*,*,#10955,.T.);
#13833 = ORIENTED_EDGE('',*,*,#13834,.F.);
#13834 = EDGE_CURVE('',#8418,#10948,#13835,.T.);
#13835 = LINE('',#13836,#13837);
#13836 = CARTESIAN_POINT('',(148.540831,-143.222884,0.));
#13837 = VECTOR('',#13838,1.);
#13838 = DIRECTION('',(0.,0.,1.));
#13839 = ORIENTED_EDGE('',*,*,#8425,.F.);
#13840 = PLANE('',#13841);
#13841 = AXIS2_PLACEMENT_3D('',#13842,#13843,#13844);
#13842 = CARTESIAN_POINT('',(148.646289,-143.08815,0.));
#13843 = DIRECTION('',(0.787465286294,-0.616359004869,0.));
#13844 = DIRECTION('',(-0.616359004869,-0.787465286294,0.));
#13845 = ADVANCED_FACE('',(#13846),#13857,.T.);
#13846 = FACE_BOUND('',#13847,.T.);
#13847 = EDGE_LOOP('',(#13848,#13854,#13855,#13856));
#13848 = ORIENTED_EDGE('',*,*,#13849,.T.);
#13849 = EDGE_CURVE('',#7986,#10516,#13850,.T.);
#13850 = LINE('',#13851,#13852);
#13851 = CARTESIAN_POINT('',(28.178127,-120.789735,0.));
#13852 = VECTOR('',#13853,1.);
#13853 = DIRECTION('',(0.,0.,1.));
#13854 = ORIENTED_EDGE('',*,*,#10515,.T.);
#13855 = ORIENTED_EDGE('',*,*,#13815,.F.);
#13856 = ORIENTED_EDGE('',*,*,#7985,.F.);
#13857 = PLANE('',#13858);
#13858 = AXIS2_PLACEMENT_3D('',#13859,#13860,#13861);
#13859 = CARTESIAN_POINT('',(28.178127,-120.789735,0.));
#13860 = DIRECTION('',(-0.100146559583,-0.994972696411,0.));
#13861 = DIRECTION('',(-0.994972696411,0.100146559583,0.));
#13862 = ADVANCED_FACE('',(#13863),#13874,.T.);
#13863 = FACE_BOUND('',#13864,.T.);
#13864 = EDGE_LOOP('',(#13865,#13866,#13867,#13873));
#13865 = ORIENTED_EDGE('',*,*,#13834,.T.);
#13866 = ORIENTED_EDGE('',*,*,#10947,.T.);
#13867 = ORIENTED_EDGE('',*,*,#13868,.F.);
#13868 = EDGE_CURVE('',#8410,#10940,#13869,.T.);
#13869 = LINE('',#13870,#13871);
#13870 = CARTESIAN_POINT('',(148.423798,-143.322532,0.));
#13871 = VECTOR('',#13872,1.);
#13872 = DIRECTION('',(0.,0.,1.));
#13873 = ORIENTED_EDGE('',*,*,#8417,.F.);
#13874 = PLANE('',#13875);
#13875 = AXIS2_PLACEMENT_3D('',#13876,#13877,#13878);
#13876 = CARTESIAN_POINT('',(148.540831,-143.222884,0.));
#13877 = DIRECTION('',(0.648290083406,-0.761393438215,0.));
#13878 = DIRECTION('',(-0.761393438215,-0.648290083406,0.));
#13879 = ADVANCED_FACE('',(#13880),#13891,.T.);
#13880 = FACE_BOUND('',#13881,.T.);
#13881 = EDGE_LOOP('',(#13882,#13888,#13889,#13890));
#13882 = ORIENTED_EDGE('',*,*,#13883,.T.);
#13883 = EDGE_CURVE('',#7994,#10524,#13884,.T.);
#13884 = LINE('',#13885,#13886);
#13885 = CARTESIAN_POINT('',(33.445708,-120.789735,0.));
#13886 = VECTOR('',#13887,1.);
#13887 = DIRECTION('',(0.,0.,1.));
#13888 = ORIENTED_EDGE('',*,*,#10523,.T.);
#13889 = ORIENTED_EDGE('',*,*,#13849,.F.);
#13890 = ORIENTED_EDGE('',*,*,#7993,.F.);
#13891 = PLANE('',#13892);
#13892 = AXIS2_PLACEMENT_3D('',#13893,#13894,#13895);
#13893 = CARTESIAN_POINT('',(33.445708,-120.789735,0.));
#13894 = DIRECTION('',(0.,-1.,0.));
#13895 = DIRECTION('',(-1.,0.,0.));
#13896 = ADVANCED_FACE('',(#13897),#13908,.T.);
#13897 = FACE_BOUND('',#13898,.T.);
#13898 = EDGE_LOOP('',(#13899,#13900,#13901,#13907));
#13899 = ORIENTED_EDGE('',*,*,#13868,.T.);
#13900 = ORIENTED_EDGE('',*,*,#10939,.T.);
#13901 = ORIENTED_EDGE('',*,*,#13902,.F.);
#13902 = EDGE_CURVE('',#8402,#10932,#13903,.T.);
#13903 = LINE('',#13904,#13905);
#13904 = CARTESIAN_POINT('',(148.295656,-143.386445,0.));
#13905 = VECTOR('',#13906,1.);
#13906 = DIRECTION('',(0.,0.,1.));
#13907 = ORIENTED_EDGE('',*,*,#8409,.F.);
#13908 = PLANE('',#13909);
#13909 = AXIS2_PLACEMENT_3D('',#13910,#13911,#13912);
#13910 = CARTESIAN_POINT('',(148.423798,-143.322532,0.));
#13911 = DIRECTION('',(0.44633067471,-0.894868106937,0.));
#13912 = DIRECTION('',(-0.894868106937,-0.44633067471,0.));
#13913 = ADVANCED_FACE('',(#13914),#13925,.T.);
#13914 = FACE_BOUND('',#13915,.T.);
#13915 = EDGE_LOOP('',(#13916,#13922,#13923,#13924));
#13916 = ORIENTED_EDGE('',*,*,#13917,.T.);
#13917 = EDGE_CURVE('',#8002,#10532,#13918,.T.);
#13918 = LINE('',#13919,#13920);
#13919 = CARTESIAN_POINT('',(38.71329,-120.789735,0.));
#13920 = VECTOR('',#13921,1.);
#13921 = DIRECTION('',(0.,0.,1.));
#13922 = ORIENTED_EDGE('',*,*,#10531,.T.);
#13923 = ORIENTED_EDGE('',*,*,#13883,.F.);
#13924 = ORIENTED_EDGE('',*,*,#8001,.F.);
#13925 = PLANE('',#13926);
#13926 = AXIS2_PLACEMENT_3D('',#13927,#13928,#13929);
#13927 = CARTESIAN_POINT('',(38.71329,-120.789735,0.));
#13928 = DIRECTION('',(0.,-1.,0.));
#13929 = DIRECTION('',(-1.,0.,0.));
#13930 = ADVANCED_FACE('',(#13931),#13942,.T.);
#13931 = FACE_BOUND('',#13932,.T.);
#13932 = EDGE_LOOP('',(#13933,#13934,#13935,#13941));
#13933 = ORIENTED_EDGE('',*,*,#13902,.T.);
#13934 = ORIENTED_EDGE('',*,*,#10931,.T.);
#13935 = ORIENTED_EDGE('',*,*,#13936,.F.);
#13936 = EDGE_CURVE('',#8394,#10924,#13937,.T.);
#13937 = LINE('',#13938,#13939);
#13938 = CARTESIAN_POINT('',(148.156874,-143.413974,0.));
#13939 = VECTOR('',#13940,1.);
#13940 = DIRECTION('',(0.,0.,1.));
#13941 = ORIENTED_EDGE('',*,*,#8401,.F.);
#13942 = PLANE('',#13943);
#13943 = AXIS2_PLACEMENT_3D('',#13944,#13945,#13946);
#13944 = CARTESIAN_POINT('',(148.295656,-143.386445,0.));
#13945 = DIRECTION('',(0.194570481858,-0.98088853984,0.));
#13946 = DIRECTION('',(-0.98088853984,-0.194570481858,0.));
#13947 = ADVANCED_FACE('',(#13948),#13959,.T.);
#13948 = FACE_BOUND('',#13949,.T.);
#13949 = EDGE_LOOP('',(#13950,#13956,#13957,#13958));
#13950 = ORIENTED_EDGE('',*,*,#13951,.T.);
#13951 = EDGE_CURVE('',#8010,#10540,#13952,.T.);
#13952 = LINE('',#13953,#13954);
#13953 = CARTESIAN_POINT('',(43.980871,-120.789735,0.));
#13954 = VECTOR('',#13955,1.);
#13955 = DIRECTION('',(0.,0.,1.));
#13956 = ORIENTED_EDGE('',*,*,#10539,.T.);
#13957 = ORIENTED_EDGE('',*,*,#13917,.F.);
#13958 = ORIENTED_EDGE('',*,*,#8009,.F.);
#13959 = PLANE('',#13960);
#13960 = AXIS2_PLACEMENT_3D('',#13961,#13962,#13963);
#13961 = CARTESIAN_POINT('',(43.980871,-120.789735,0.));
#13962 = DIRECTION('',(0.,-1.,0.));
#13963 = DIRECTION('',(-1.,0.,0.));
#13964 = ADVANCED_FACE('',(#13965),#13976,.T.);
#13965 = FACE_BOUND('',#13966,.T.);
#13966 = EDGE_LOOP('',(#13967,#13968,#13969,#13975));
#13967 = ORIENTED_EDGE('',*,*,#13936,.T.);
#13968 = ORIENTED_EDGE('',*,*,#10923,.T.);
#13969 = ORIENTED_EDGE('',*,*,#13970,.F.);
#13970 = EDGE_CURVE('',#8386,#10916,#13971,.T.);
#13971 = LINE('',#13972,#13973);
#13972 = CARTESIAN_POINT('',(148.00792,-143.404468,0.));
#13973 = VECTOR('',#13974,1.);
#13974 = DIRECTION('',(0.,0.,1.));
#13975 = ORIENTED_EDGE('',*,*,#8393,.F.);
#13976 = PLANE('',#13977);
#13977 = AXIS2_PLACEMENT_3D('',#13978,#13979,#13980);
#13978 = CARTESIAN_POINT('',(148.156874,-143.413974,0.));
#13979 = DIRECTION('',(-6.368879649127E-02,-0.99796980776,0.));
#13980 = DIRECTION('',(-0.99796980776,6.368879649127E-02,0.));
#13981 = ADVANCED_FACE('',(#13982),#13993,.T.);
#13982 = FACE_BOUND('',#13983,.T.);
#13983 = EDGE_LOOP('',(#13984,#13990,#13991,#13992));
#13984 = ORIENTED_EDGE('',*,*,#13985,.T.);
#13985 = EDGE_CURVE('',#8018,#10548,#13986,.T.);
#13986 = LINE('',#13987,#13988);
#13987 = CARTESIAN_POINT('',(49.248453,-120.789735,0.));
#13988 = VECTOR('',#13989,1.);
#13989 = DIRECTION('',(0.,0.,1.));
#13990 = ORIENTED_EDGE('',*,*,#10547,.T.);
#13991 = ORIENTED_EDGE('',*,*,#13951,.F.);
#13992 = ORIENTED_EDGE('',*,*,#8017,.F.);
#13993 = PLANE('',#13994);
#13994 = AXIS2_PLACEMENT_3D('',#13995,#13996,#13997);
#13995 = CARTESIAN_POINT('',(49.248453,-120.789735,0.));
#13996 = DIRECTION('',(0.,-1.,0.));
#13997 = DIRECTION('',(-1.,0.,0.));
#13998 = ADVANCED_FACE('',(#13999),#14010,.T.);
#13999 = FACE_BOUND('',#14000,.T.);
#14000 = EDGE_LOOP('',(#14001,#14002,#14003,#14009));
#14001 = ORIENTED_EDGE('',*,*,#13970,.T.);
#14002 = ORIENTED_EDGE('',*,*,#10915,.T.);
#14003 = ORIENTED_EDGE('',*,*,#14004,.F.);
#14004 = EDGE_CURVE('',#8378,#10908,#14005,.T.);
#14005 = LINE('',#14006,#14007);
#14006 = CARTESIAN_POINT('',(147.849262,-143.357278,0.));
#14007 = VECTOR('',#14008,1.);
#14008 = DIRECTION('',(0.,0.,1.));
#14009 = ORIENTED_EDGE('',*,*,#8385,.F.);
#14010 = PLANE('',#14011);
#14011 = AXIS2_PLACEMENT_3D('',#14012,#14013,#14014);
#14012 = CARTESIAN_POINT('',(148.00792,-143.404468,0.));
#14013 = DIRECTION('',(-0.285089080886,-0.958501025539,0.));
#14014 = DIRECTION('',(-0.958501025539,0.285089080886,0.));
#14015 = ADVANCED_FACE('',(#14016),#14027,.T.);
#14016 = FACE_BOUND('',#14017,.T.);
#14017 = EDGE_LOOP('',(#14018,#14024,#14025,#14026));
#14018 = ORIENTED_EDGE('',*,*,#14019,.T.);
#14019 = EDGE_CURVE('',#8026,#10556,#14020,.T.);
#14020 = LINE('',#14021,#14022);
#14021 = CARTESIAN_POINT('',(54.516034,-120.789735,0.));
#14022 = VECTOR('',#14023,1.);
#14023 = DIRECTION('',(0.,0.,1.));
#14024 = ORIENTED_EDGE('',*,*,#10555,.T.);
#14025 = ORIENTED_EDGE('',*,*,#13985,.F.);
#14026 = ORIENTED_EDGE('',*,*,#8025,.F.);
#14027 = PLANE('',#14028);
#14028 = AXIS2_PLACEMENT_3D('',#14029,#14030,#14031);
#14029 = CARTESIAN_POINT('',(54.516034,-120.789735,0.));
#14030 = DIRECTION('',(0.,-1.,0.));
#14031 = DIRECTION('',(-1.,0.,0.));
#14032 = ADVANCED_FACE('',(#14033),#14044,.T.);
#14033 = FACE_BOUND('',#14034,.T.);
#14034 = EDGE_LOOP('',(#14035,#14036,#14037,#14043));
#14035 = ORIENTED_EDGE('',*,*,#14004,.T.);
#14036 = ORIENTED_EDGE('',*,*,#10907,.T.);
#14037 = ORIENTED_EDGE('',*,*,#14038,.F.);
#14038 = EDGE_CURVE('',#8370,#10900,#14039,.T.);
#14039 = LINE('',#14040,#14041);
#14040 = CARTESIAN_POINT('',(147.681368,-143.271756,0.));
#14041 = VECTOR('',#14042,1.);
#14042 = DIRECTION('',(0.,0.,1.));
#14043 = ORIENTED_EDGE('',*,*,#8377,.F.);
#14044 = PLANE('',#14045);
#14045 = AXIS2_PLACEMENT_3D('',#14046,#14047,#14048);
#14046 = CARTESIAN_POINT('',(147.849262,-143.357278,0.));
#14047 = DIRECTION('',(-0.453888255115,-0.891058613038,0.));
#14048 = DIRECTION('',(-0.891058613038,0.453888255115,0.));
#14049 = ADVANCED_FACE('',(#14050),#14061,.T.);
#14050 = FACE_BOUND('',#14051,.T.);
#14051 = EDGE_LOOP('',(#14052,#14058,#14059,#14060));
#14052 = ORIENTED_EDGE('',*,*,#14053,.T.);
#14053 = EDGE_CURVE('',#8034,#10564,#14054,.T.);
#14054 = LINE('',#14055,#14056);
#14055 = CARTESIAN_POINT('',(59.783615,-120.789735,0.));
#14056 = VECTOR('',#14057,1.);
#14057 = DIRECTION('',(0.,0.,1.));
#14058 = ORIENTED_EDGE('',*,*,#10563,.T.);
#14059 = ORIENTED_EDGE('',*,*,#14019,.F.);
#14060 = ORIENTED_EDGE('',*,*,#8033,.F.);
#14061 = PLANE('',#14062);
#14062 = AXIS2_PLACEMENT_3D('',#14063,#14064,#14065);
#14063 = CARTESIAN_POINT('',(59.783615,-120.789735,0.));
#14064 = DIRECTION('',(0.,-1.,0.));
#14065 = DIRECTION('',(-1.,0.,0.));
#14066 = ADVANCED_FACE('',(#14067),#14078,.T.);
#14067 = FACE_BOUND('',#14068,.T.);
#14068 = EDGE_LOOP('',(#14069,#14070,#14071,#14077));
#14069 = ORIENTED_EDGE('',*,*,#14038,.T.);
#14070 = ORIENTED_EDGE('',*,*,#10899,.T.);
#14071 = ORIENTED_EDGE('',*,*,#14072,.F.);
#14072 = EDGE_CURVE('',#8362,#10892,#14073,.T.);
#14073 = LINE('',#14074,#14075);
#14074 = CARTESIAN_POINT('',(146.005674,-142.301617,0.));
#14075 = VECTOR('',#14076,1.);
#14076 = DIRECTION('',(0.,0.,1.));
#14077 = ORIENTED_EDGE('',*,*,#8369,.F.);
#14078 = PLANE('',#14079);
#14079 = AXIS2_PLACEMENT_3D('',#14080,#14081,#14082);
#14080 = CARTESIAN_POINT('',(147.681368,-143.271756,0.));
#14081 = DIRECTION('',(-0.50103641305,-0.865426202976,0.));
#14082 = DIRECTION('',(-0.865426202976,0.50103641305,0.));
#14083 = ADVANCED_FACE('',(#14084),#14095,.T.);
#14084 = FACE_BOUND('',#14085,.T.);
#14085 = EDGE_LOOP('',(#14086,#14092,#14093,#14094));
#14086 = ORIENTED_EDGE('',*,*,#14087,.T.);
#14087 = EDGE_CURVE('',#8042,#10572,#14088,.T.);
#14088 = LINE('',#14089,#14090);
#14089 = CARTESIAN_POINT('',(65.051197,-120.789735,0.));
#14090 = VECTOR('',#14091,1.);
#14091 = DIRECTION('',(0.,0.,1.));
#14092 = ORIENTED_EDGE('',*,*,#10571,.T.);
#14093 = ORIENTED_EDGE('',*,*,#14053,.F.);
#14094 = ORIENTED_EDGE('',*,*,#8041,.F.);
#14095 = PLANE('',#14096);
#14096 = AXIS2_PLACEMENT_3D('',#14097,#14098,#14099);
#14097 = CARTESIAN_POINT('',(65.051197,-120.789735,0.));
#14098 = DIRECTION('',(0.,-1.,0.));
#14099 = DIRECTION('',(-1.,0.,0.));
#14100 = ADVANCED_FACE('',(#14101),#14112,.T.);
#14101 = FACE_BOUND('',#14102,.T.);
#14102 = EDGE_LOOP('',(#14103,#14104,#14105,#14111));
#14103 = ORIENTED_EDGE('',*,*,#14072,.T.);
#14104 = ORIENTED_EDGE('',*,*,#10891,.T.);
#14105 = ORIENTED_EDGE('',*,*,#14106,.F.);
#14106 = EDGE_CURVE('',#8354,#10884,#14107,.T.);
#14107 = LINE('',#14108,#14109);
#14108 = CARTESIAN_POINT('',(144.329979,-141.331479,0.));
#14109 = VECTOR('',#14110,1.);
#14110 = DIRECTION('',(0.,0.,1.));
#14111 = ORIENTED_EDGE('',*,*,#8361,.F.);
#14112 = PLANE('',#14113);
#14113 = AXIS2_PLACEMENT_3D('',#14114,#14115,#14116);
#14114 = CARTESIAN_POINT('',(146.005674,-142.301617,0.));
#14115 = DIRECTION('',(-0.5010358023,-0.865426556568,0.));
#14116 = DIRECTION('',(-0.865426556568,0.5010358023,0.));
#14117 = ADVANCED_FACE('',(#14118),#14129,.T.);
#14118 = FACE_BOUND('',#14119,.T.);
#14119 = EDGE_LOOP('',(#14120,#14126,#14127,#14128));
#14120 = ORIENTED_EDGE('',*,*,#14121,.T.);
#14121 = EDGE_CURVE('',#8050,#10580,#14122,.T.);
#14122 = LINE('',#14123,#14124);
#14123 = CARTESIAN_POINT('',(70.318778,-120.789735,0.));
#14124 = VECTOR('',#14125,1.);
#14125 = DIRECTION('',(0.,0.,1.));
#14126 = ORIENTED_EDGE('',*,*,#10579,.T.);
#14127 = ORIENTED_EDGE('',*,*,#14087,.F.);
#14128 = ORIENTED_EDGE('',*,*,#8049,.F.);
#14129 = PLANE('',#14130);
#14130 = AXIS2_PLACEMENT_3D('',#14131,#14132,#14133);
#14131 = CARTESIAN_POINT('',(70.318778,-120.789735,0.));
#14132 = DIRECTION('',(0.,-1.,0.));
#14133 = DIRECTION('',(-1.,0.,0.));
#14134 = ADVANCED_FACE('',(#14135),#14146,.T.);
#14135 = FACE_BOUND('',#14136,.T.);
#14136 = EDGE_LOOP('',(#14137,#14138,#14139,#14145));
#14137 = ORIENTED_EDGE('',*,*,#14106,.T.);
#14138 = ORIENTED_EDGE('',*,*,#10883,.T.);
#14139 = ORIENTED_EDGE('',*,*,#14140,.F.);
#14140 = EDGE_CURVE('',#8346,#10876,#14141,.T.);
#14141 = LINE('',#14142,#14143);
#14142 = CARTESIAN_POINT('',(142.654285,-140.36134,0.));
#14143 = VECTOR('',#14144,1.);
#14144 = DIRECTION('',(0.,0.,1.));
#14145 = ORIENTED_EDGE('',*,*,#8353,.F.);
#14146 = PLANE('',#14147);
#14147 = AXIS2_PLACEMENT_3D('',#14148,#14149,#14150);
#14148 = CARTESIAN_POINT('',(144.329979,-141.331479,0.));
#14149 = DIRECTION('',(-0.50103641305,-0.865426202976,0.));
#14150 = DIRECTION('',(-0.865426202976,0.50103641305,0.));
#14151 = ADVANCED_FACE('',(#14152),#14163,.T.);
#14152 = FACE_BOUND('',#14153,.T.);
#14153 = EDGE_LOOP('',(#14154,#14160,#14161,#14162));
#14154 = ORIENTED_EDGE('',*,*,#14155,.T.);
#14155 = EDGE_CURVE('',#8058,#10588,#14156,.T.);
#14156 = LINE('',#14157,#14158);
#14157 = CARTESIAN_POINT('',(71.024602,-120.860778,0.));
#14158 = VECTOR('',#14159,1.);
#14159 = DIRECTION('',(0.,0.,1.));
#14160 = ORIENTED_EDGE('',*,*,#10587,.T.);
#14161 = ORIENTED_EDGE('',*,*,#14121,.F.);
#14162 = ORIENTED_EDGE('',*,*,#8057,.F.);
#14163 = PLANE('',#14164);
#14164 = AXIS2_PLACEMENT_3D('',#14165,#14166,#14167);
#14165 = CARTESIAN_POINT('',(71.024602,-120.860778,0.));
#14166 = DIRECTION('',(-0.100146559583,-0.994972696411,0.));
#14167 = DIRECTION('',(-0.994972696411,0.100146559583,0.));
#14168 = ADVANCED_FACE('',(#14169),#14180,.T.);
#14169 = FACE_BOUND('',#14170,.T.);
#14170 = EDGE_LOOP('',(#14171,#14172,#14173,#14179));
#14171 = ORIENTED_EDGE('',*,*,#14140,.T.);
#14172 = ORIENTED_EDGE('',*,*,#10875,.T.);
#14173 = ORIENTED_EDGE('',*,*,#14174,.F.);
#14174 = EDGE_CURVE('',#8338,#10868,#14175,.T.);
#14175 = LINE('',#14176,#14177);
#14176 = CARTESIAN_POINT('',(140.97859,-139.391201,0.));
#14177 = VECTOR('',#14178,1.);
#14178 = DIRECTION('',(0.,0.,1.));
#14179 = ORIENTED_EDGE('',*,*,#8345,.F.);
#14180 = PLANE('',#14181);
#14181 = AXIS2_PLACEMENT_3D('',#14182,#14183,#14184);
#14182 = CARTESIAN_POINT('',(142.654285,-140.36134,0.));
#14183 = DIRECTION('',(-0.501036189108,-0.865426332627,0.));
#14184 = DIRECTION('',(-0.865426332627,0.501036189108,0.));
#14185 = ADVANCED_FACE('',(#14186),#14197,.T.);
#14186 = FACE_BOUND('',#14187,.T.);
#14187 = EDGE_LOOP('',(#14188,#14194,#14195,#14196));
#14188 = ORIENTED_EDGE('',*,*,#14189,.T.);
#14189 = EDGE_CURVE('',#8066,#10596,#14190,.T.);
#14190 = LINE('',#14191,#14192);
#14191 = CARTESIAN_POINT('',(71.6818,-121.064561,0.));
#14192 = VECTOR('',#14193,1.);
#14193 = DIRECTION('',(0.,0.,1.));
#14194 = ORIENTED_EDGE('',*,*,#10595,.T.);
#14195 = ORIENTED_EDGE('',*,*,#14155,.F.);
#14196 = ORIENTED_EDGE('',*,*,#8065,.F.);
#14197 = PLANE('',#14198);
#14198 = AXIS2_PLACEMENT_3D('',#14199,#14200,#14201);
#14199 = CARTESIAN_POINT('',(71.6818,-121.064561,0.));
#14200 = DIRECTION('',(-0.296167214585,-0.95513610601,0.));
#14201 = DIRECTION('',(-0.95513610601,0.296167214585,0.));
#14202 = ADVANCED_FACE('',(#14203),#14214,.T.);
#14203 = FACE_BOUND('',#14204,.T.);
#14204 = EDGE_LOOP('',(#14205,#14206,#14207,#14213));
#14205 = ORIENTED_EDGE('',*,*,#14174,.T.);
#14206 = ORIENTED_EDGE('',*,*,#10867,.T.);
#14207 = ORIENTED_EDGE('',*,*,#14208,.F.);
#14208 = EDGE_CURVE('',#8330,#10860,#14209,.T.);
#14209 = LINE('',#14210,#14211);
#14210 = CARTESIAN_POINT('',(139.302896,-138.421062,0.));
#14211 = VECTOR('',#14212,1.);
#14212 = DIRECTION('',(0.,0.,1.));
#14213 = ORIENTED_EDGE('',*,*,#8337,.F.);
#14214 = PLANE('',#14215);
#14215 = AXIS2_PLACEMENT_3D('',#14216,#14217,#14218);
#14216 = CARTESIAN_POINT('',(140.97859,-139.391201,0.));
#14217 = DIRECTION('',(-0.50103641305,-0.865426202976,0.));
#14218 = DIRECTION('',(-0.865426202976,0.50103641305,0.));
#14219 = ADVANCED_FACE('',(#14220),#14231,.T.);
#14220 = FACE_BOUND('',#14221,.T.);
#14221 = EDGE_LOOP('',(#14222,#14228,#14229,#14230));
#14222 = ORIENTED_EDGE('',*,*,#14223,.T.);
#14223 = EDGE_CURVE('',#8074,#10604,#14224,.T.);
#14224 = LINE('',#14225,#14226);
#14225 = CARTESIAN_POINT('',(72.276353,-121.387065,0.));
#14226 = VECTOR('',#14227,1.);
#14227 = DIRECTION('',(0.,0.,1.));
#14228 = ORIENTED_EDGE('',*,*,#10603,.T.);
#14229 = ORIENTED_EDGE('',*,*,#14189,.F.);
#14230 = ORIENTED_EDGE('',*,*,#8073,.F.);
#14231 = PLANE('',#14232);
#14232 = AXIS2_PLACEMENT_3D('',#14233,#14234,#14235);
#14233 = CARTESIAN_POINT('',(72.276353,-121.387065,0.));
#14234 = DIRECTION('',(-0.476802539327,-0.879010431389,0.));
#14235 = DIRECTION('',(-0.879010431389,0.476802539327,0.));
#14236 = ADVANCED_FACE('',(#14237),#14248,.T.);
#14237 = FACE_BOUND('',#14238,.T.);
#14238 = EDGE_LOOP('',(#14239,#14240,#14241,#14247));
#14239 = ORIENTED_EDGE('',*,*,#14208,.T.);
#14240 = ORIENTED_EDGE('',*,*,#10859,.T.);
#14241 = ORIENTED_EDGE('',*,*,#14242,.F.);
#14242 = EDGE_CURVE('',#8322,#10852,#14243,.T.);
#14243 = LINE('',#14244,#14245);
#14244 = CARTESIAN_POINT('',(137.627201,-137.450923,0.));
#14245 = VECTOR('',#14246,1.);
#14246 = DIRECTION('',(0.,0.,1.));
#14247 = ORIENTED_EDGE('',*,*,#8329,.F.);
#14248 = PLANE('',#14249);
#14249 = AXIS2_PLACEMENT_3D('',#14250,#14251,#14252);
#14250 = CARTESIAN_POINT('',(139.302896,-138.421062,0.));
#14251 = DIRECTION('',(-0.501036189108,-0.865426332627,0.));
#14252 = DIRECTION('',(-0.865426332627,0.501036189108,0.));
#14253 = ADVANCED_FACE('',(#14254),#14265,.T.);
#14254 = FACE_BOUND('',#14255,.T.);
#14255 = EDGE_LOOP('',(#14256,#14262,#14263,#14264));
#14256 = ORIENTED_EDGE('',*,*,#14257,.T.);
#14257 = EDGE_CURVE('',#8082,#10612,#14258,.T.);
#14258 = LINE('',#14259,#14260);
#14259 = CARTESIAN_POINT('',(72.794242,-121.814271,0.));
#14260 = VECTOR('',#14261,1.);
#14261 = DIRECTION('',(0.,0.,1.));
#14262 = ORIENTED_EDGE('',*,*,#10611,.T.);
#14263 = ORIENTED_EDGE('',*,*,#14223,.F.);
#14264 = ORIENTED_EDGE('',*,*,#8081,.F.);
#14265 = PLANE('',#14266);
#14266 = AXIS2_PLACEMENT_3D('',#14267,#14268,#14269);
#14267 = CARTESIAN_POINT('',(72.794242,-121.814271,0.));
#14268 = DIRECTION('',(-0.636336489587,-0.771411609986,0.));
#14269 = DIRECTION('',(-0.771411609986,0.636336489587,0.));
#14270 = ADVANCED_FACE('',(#14271),#14282,.T.);
#14271 = FACE_BOUND('',#14272,.T.);
#14272 = EDGE_LOOP('',(#14273,#14274,#14275,#14281));
#14273 = ORIENTED_EDGE('',*,*,#14242,.T.);
#14274 = ORIENTED_EDGE('',*,*,#10851,.T.);
#14275 = ORIENTED_EDGE('',*,*,#14276,.F.);
#14276 = EDGE_CURVE('',#8314,#10844,#14277,.T.);
#14277 = LINE('',#14278,#14279);
#14278 = CARTESIAN_POINT('',(135.951507,-136.480784,0.));
#14279 = VECTOR('',#14280,1.);
#14280 = DIRECTION('',(0.,0.,1.));
#14281 = ORIENTED_EDGE('',*,*,#8321,.F.);
#14282 = PLANE('',#14283);
#14283 = AXIS2_PLACEMENT_3D('',#14284,#14285,#14286);
#14284 = CARTESIAN_POINT('',(137.627201,-137.450923,0.));
#14285 = DIRECTION('',(-0.50103641305,-0.865426202976,0.));
#14286 = DIRECTION('',(-0.865426202976,0.50103641305,0.));
#14287 = ADVANCED_FACE('',(#14288),#14299,.T.);
#14288 = FACE_BOUND('',#14289,.T.);
#14289 = EDGE_LOOP('',(#14290,#14296,#14297,#14298));
#14290 = ORIENTED_EDGE('',*,*,#14291,.T.);
#14291 = EDGE_CURVE('',#8090,#10620,#14292,.T.);
#14292 = LINE('',#14293,#14294);
#14293 = CARTESIAN_POINT('',(73.221448,-122.33216,0.));
#14294 = VECTOR('',#14295,1.);
#14295 = DIRECTION('',(0.,0.,1.));
#14296 = ORIENTED_EDGE('',*,*,#10619,.T.);
#14297 = ORIENTED_EDGE('',*,*,#14257,.F.);
#14298 = ORIENTED_EDGE('',*,*,#8089,.F.);
#14299 = PLANE('',#14300);
#14300 = AXIS2_PLACEMENT_3D('',#14301,#14302,#14303);
#14301 = CARTESIAN_POINT('',(73.221448,-122.33216,0.));
#14302 = DIRECTION('',(-0.771411609986,-0.636336489587,0.));
#14303 = DIRECTION('',(-0.636336489587,0.771411609986,0.));
#14304 = ADVANCED_FACE('',(#14305),#14316,.T.);
#14305 = FACE_BOUND('',#14306,.T.);
#14306 = EDGE_LOOP('',(#14307,#14308,#14309,#14315));
#14307 = ORIENTED_EDGE('',*,*,#14276,.T.);
#14308 = ORIENTED_EDGE('',*,*,#10843,.T.);
#14309 = ORIENTED_EDGE('',*,*,#14310,.F.);
#14310 = EDGE_CURVE('',#8306,#10836,#14311,.T.);
#14311 = LINE('',#14312,#14313);
#14312 = CARTESIAN_POINT('',(134.275813,-135.510645,0.));
#14313 = VECTOR('',#14314,1.);
#14314 = DIRECTION('',(0.,0.,1.));
#14315 = ORIENTED_EDGE('',*,*,#8313,.F.);
#14316 = PLANE('',#14317);
#14317 = AXIS2_PLACEMENT_3D('',#14318,#14319,#14320);
#14318 = CARTESIAN_POINT('',(135.951507,-136.480784,0.));
#14319 = DIRECTION('',(-0.50103641305,-0.865426202976,0.));
#14320 = DIRECTION('',(-0.865426202976,0.50103641305,0.));
#14321 = ADVANCED_FACE('',(#14322),#14333,.T.);
#14322 = FACE_BOUND('',#14323,.T.);
#14323 = EDGE_LOOP('',(#14324,#14330,#14331,#14332));
#14324 = ORIENTED_EDGE('',*,*,#14325,.T.);
#14325 = EDGE_CURVE('',#8098,#10628,#14326,.T.);
#14326 = LINE('',#14327,#14328);
#14327 = CARTESIAN_POINT('',(73.543952,-122.926713,0.));
#14328 = VECTOR('',#14329,1.);
#14329 = DIRECTION('',(0.,0.,1.));
#14330 = ORIENTED_EDGE('',*,*,#10627,.T.);
#14331 = ORIENTED_EDGE('',*,*,#14291,.F.);
#14332 = ORIENTED_EDGE('',*,*,#8097,.F.);
#14333 = PLANE('',#14334);
#14334 = AXIS2_PLACEMENT_3D('',#14335,#14336,#14337);
#14335 = CARTESIAN_POINT('',(73.543952,-122.926713,0.));
#14336 = DIRECTION('',(-0.879010431389,-0.476802539327,0.));
#14337 = DIRECTION('',(-0.476802539327,0.879010431389,0.));
#14338 = ADVANCED_FACE('',(#14339),#14350,.T.);
#14339 = FACE_BOUND('',#14340,.T.);
#14340 = EDGE_LOOP('',(#14341,#14342,#14343,#14349));
#14341 = ORIENTED_EDGE('',*,*,#14310,.T.);
#14342 = ORIENTED_EDGE('',*,*,#10835,.T.);
#14343 = ORIENTED_EDGE('',*,*,#14344,.F.);
#14344 = EDGE_CURVE('',#8298,#10828,#14345,.T.);
#14345 = LINE('',#14346,#14347);
#14346 = CARTESIAN_POINT('',(126.905431,-135.511658,0.));
#14347 = VECTOR('',#14348,1.);
#14348 = DIRECTION('',(0.,0.,1.));
#14349 = ORIENTED_EDGE('',*,*,#8305,.F.);
#14350 = PLANE('',#14351);
#14351 = AXIS2_PLACEMENT_3D('',#14352,#14353,#14354);
#14352 = CARTESIAN_POINT('',(134.275813,-135.510645,0.));
#14353 = DIRECTION('',(1.374419928889E-04,-0.999999990555,0.));
#14354 = DIRECTION('',(-0.999999990555,-1.374419928889E-04,0.));
#14355 = ADVANCED_FACE('',(#14356),#14367,.T.);
#14356 = FACE_BOUND('',#14357,.T.);
#14357 = EDGE_LOOP('',(#14358,#14364,#14365,#14366));
#14358 = ORIENTED_EDGE('',*,*,#14359,.T.);
#14359 = EDGE_CURVE('',#8106,#10636,#14360,.T.);
#14360 = LINE('',#14361,#14362);
#14361 = CARTESIAN_POINT('',(73.747735,-123.583911,0.));
#14362 = VECTOR('',#14363,1.);
#14363 = DIRECTION('',(0.,0.,1.));
#14364 = ORIENTED_EDGE('',*,*,#10635,.T.);
#14365 = ORIENTED_EDGE('',*,*,#14325,.F.);
#14366 = ORIENTED_EDGE('',*,*,#8105,.F.);
#14367 = PLANE('',#14368);
#14368 = AXIS2_PLACEMENT_3D('',#14369,#14370,#14371);
#14369 = CARTESIAN_POINT('',(73.747735,-123.583911,0.));
#14370 = DIRECTION('',(-0.95513610601,-0.296167214585,0.));
#14371 = DIRECTION('',(-0.296167214585,0.95513610601,0.));
#14372 = ADVANCED_FACE('',(#14373),#14384,.T.);
#14373 = FACE_BOUND('',#14374,.T.);
#14374 = EDGE_LOOP('',(#14375,#14376,#14377,#14383));
#14375 = ORIENTED_EDGE('',*,*,#14344,.T.);
#14376 = ORIENTED_EDGE('',*,*,#10827,.T.);
#14377 = ORIENTED_EDGE('',*,*,#14378,.F.);
#14378 = EDGE_CURVE('',#8290,#10820,#14379,.T.);
#14379 = LINE('',#14380,#14381);
#14380 = CARTESIAN_POINT('',(119.535909,-135.511658,0.));
#14381 = VECTOR('',#14382,1.);
#14382 = DIRECTION('',(0.,0.,1.));
#14383 = ORIENTED_EDGE('',*,*,#8297,.F.);
#14384 = PLANE('',#14385);
#14385 = AXIS2_PLACEMENT_3D('',#14386,#14387,#14388);
#14386 = CARTESIAN_POINT('',(126.905431,-135.511658,0.));
#14387 = DIRECTION('',(0.,-1.,0.));
#14388 = DIRECTION('',(-1.,0.,0.));
#14389 = ADVANCED_FACE('',(#14390),#14401,.T.);
#14390 = FACE_BOUND('',#14391,.T.);
#14391 = EDGE_LOOP('',(#14392,#14398,#14399,#14400));
#14392 = ORIENTED_EDGE('',*,*,#14393,.T.);
#14393 = EDGE_CURVE('',#8114,#10644,#14394,.T.);
#14394 = LINE('',#14395,#14396);
#14395 = CARTESIAN_POINT('',(73.818778,-124.289735,0.));
#14396 = VECTOR('',#14397,1.);
#14397 = DIRECTION('',(0.,0.,1.));
#14398 = ORIENTED_EDGE('',*,*,#10643,.T.);
#14399 = ORIENTED_EDGE('',*,*,#14359,.F.);
#14400 = ORIENTED_EDGE('',*,*,#8113,.F.);
#14401 = PLANE('',#14402);
#14402 = AXIS2_PLACEMENT_3D('',#14403,#14404,#14405);
#14403 = CARTESIAN_POINT('',(73.818778,-124.289735,0.));
#14404 = DIRECTION('',(-0.994972696411,-0.100146559583,0.));
#14405 = DIRECTION('',(-0.100146559583,0.994972696411,0.));
#14406 = ADVANCED_FACE('',(#14407),#14418,.T.);
#14407 = FACE_BOUND('',#14408,.T.);
#14408 = EDGE_LOOP('',(#14409,#14410,#14411,#14417));
#14409 = ORIENTED_EDGE('',*,*,#14378,.T.);
#14410 = ORIENTED_EDGE('',*,*,#10819,.T.);
#14411 = ORIENTED_EDGE('',*,*,#14412,.F.);
#14412 = EDGE_CURVE('',#8282,#10812,#14413,.T.);
#14413 = LINE('',#14414,#14415);
#14414 = CARTESIAN_POINT('',(112.166388,-135.511658,0.));
#14415 = VECTOR('',#14416,1.);
#14416 = DIRECTION('',(0.,0.,1.));
#14417 = ORIENTED_EDGE('',*,*,#8289,.F.);
#14418 = PLANE('',#14419);
#14419 = AXIS2_PLACEMENT_3D('',#14420,#14421,#14422);
#14420 = CARTESIAN_POINT('',(119.535909,-135.511658,0.));
#14421 = DIRECTION('',(0.,-1.,0.));
#14422 = DIRECTION('',(-1.,0.,0.));
#14423 = ADVANCED_FACE('',(#14424),#14435,.T.);
#14424 = FACE_BOUND('',#14425,.T.);
#14425 = EDGE_LOOP('',(#14426,#14432,#14433,#14434));
#14426 = ORIENTED_EDGE('',*,*,#14427,.T.);
#14427 = EDGE_CURVE('',#8122,#10652,#14428,.T.);
#14428 = LINE('',#14429,#14430);
#14429 = CARTESIAN_POINT('',(73.818778,-125.507775,0.));
#14430 = VECTOR('',#14431,1.);
#14431 = DIRECTION('',(0.,0.,1.));
#14432 = ORIENTED_EDGE('',*,*,#10651,.T.);
#14433 = ORIENTED_EDGE('',*,*,#14393,.F.);
#14434 = ORIENTED_EDGE('',*,*,#8121,.F.);
#14435 = PLANE('',#14436);
#14436 = AXIS2_PLACEMENT_3D('',#14437,#14438,#14439);
#14437 = CARTESIAN_POINT('',(73.818778,-125.507775,0.));
#14438 = DIRECTION('',(-1.,0.,0.));
#14439 = DIRECTION('',(0.,1.,0.));
#14440 = ADVANCED_FACE('',(#14441),#14452,.T.);
#14441 = FACE_BOUND('',#14442,.T.);
#14442 = EDGE_LOOP('',(#14443,#14444,#14445,#14451));
#14443 = ORIENTED_EDGE('',*,*,#14412,.T.);
#14444 = ORIENTED_EDGE('',*,*,#10811,.T.);
#14445 = ORIENTED_EDGE('',*,*,#14446,.F.);
#14446 = EDGE_CURVE('',#8274,#10804,#14447,.T.);
#14447 = LINE('',#14448,#14449);
#14448 = CARTESIAN_POINT('',(104.796866,-135.511658,0.));
#14449 = VECTOR('',#14450,1.);
#14450 = DIRECTION('',(0.,0.,1.));
#14451 = ORIENTED_EDGE('',*,*,#8281,.F.);
#14452 = PLANE('',#14453);
#14453 = AXIS2_PLACEMENT_3D('',#14454,#14455,#14456);
#14454 = CARTESIAN_POINT('',(112.166388,-135.511658,0.));
#14455 = DIRECTION('',(0.,-1.,0.));
#14456 = DIRECTION('',(-1.,0.,0.));
#14457 = ADVANCED_FACE('',(#14458),#14469,.T.);
#14458 = FACE_BOUND('',#14459,.T.);
#14459 = EDGE_LOOP('',(#14460,#14466,#14467,#14468));
#14460 = ORIENTED_EDGE('',*,*,#14461,.T.);
#14461 = EDGE_CURVE('',#8130,#10660,#14462,.T.);
#14462 = LINE('',#14463,#14464);
#14463 = CARTESIAN_POINT('',(73.818778,-126.725814,0.));
#14464 = VECTOR('',#14465,1.);
#14465 = DIRECTION('',(0.,0.,1.));
#14466 = ORIENTED_EDGE('',*,*,#10659,.T.);
#14467 = ORIENTED_EDGE('',*,*,#14427,.F.);
#14468 = ORIENTED_EDGE('',*,*,#8129,.F.);
#14469 = PLANE('',#14470);
#14470 = AXIS2_PLACEMENT_3D('',#14471,#14472,#14473);
#14471 = CARTESIAN_POINT('',(73.818778,-126.725814,0.));
#14472 = DIRECTION('',(-1.,0.,0.));
#14473 = DIRECTION('',(0.,1.,0.));
#14474 = ADVANCED_FACE('',(#14475),#14486,.T.);
#14475 = FACE_BOUND('',#14476,.T.);
#14476 = EDGE_LOOP('',(#14477,#14478,#14479,#14485));
#14477 = ORIENTED_EDGE('',*,*,#14446,.T.);
#14478 = ORIENTED_EDGE('',*,*,#10803,.T.);
#14479 = ORIENTED_EDGE('',*,*,#14480,.F.);
#14480 = EDGE_CURVE('',#8266,#10796,#14481,.T.);
#14481 = LINE('',#14482,#14483);
#14482 = CARTESIAN_POINT('',(97.427344,-135.511658,0.));
#14483 = VECTOR('',#14484,1.);
#14484 = DIRECTION('',(0.,0.,1.));
#14485 = ORIENTED_EDGE('',*,*,#8273,.F.);
#14486 = PLANE('',#14487);
#14487 = AXIS2_PLACEMENT_3D('',#14488,#14489,#14490);
#14488 = CARTESIAN_POINT('',(104.796866,-135.511658,0.));
#14489 = DIRECTION('',(0.,-1.,0.));
#14490 = DIRECTION('',(-1.,0.,0.));
#14491 = ADVANCED_FACE('',(#14492),#14503,.T.);
#14492 = FACE_BOUND('',#14493,.T.);
#14493 = EDGE_LOOP('',(#14494,#14500,#14501,#14502));
#14494 = ORIENTED_EDGE('',*,*,#14495,.T.);
#14495 = EDGE_CURVE('',#8138,#10668,#14496,.T.);
#14496 = LINE('',#14497,#14498);
#14497 = CARTESIAN_POINT('',(73.818778,-127.943854,0.));
#14498 = VECTOR('',#14499,1.);
#14499 = DIRECTION('',(0.,0.,1.));
#14500 = ORIENTED_EDGE('',*,*,#10667,.T.);
#14501 = ORIENTED_EDGE('',*,*,#14461,.F.);
#14502 = ORIENTED_EDGE('',*,*,#8137,.F.);
#14503 = PLANE('',#14504);
#14504 = AXIS2_PLACEMENT_3D('',#14505,#14506,#14507);
#14505 = CARTESIAN_POINT('',(73.818778,-127.943854,0.));
#14506 = DIRECTION('',(-1.,0.,0.));
#14507 = DIRECTION('',(0.,1.,0.));
#14508 = ADVANCED_FACE('',(#14509),#14520,.T.);
#14509 = FACE_BOUND('',#14510,.T.);
#14510 = EDGE_LOOP('',(#14511,#14512,#14513,#14519));
#14511 = ORIENTED_EDGE('',*,*,#14480,.T.);
#14512 = ORIENTED_EDGE('',*,*,#10795,.T.);
#14513 = ORIENTED_EDGE('',*,*,#14514,.F.);
#14514 = EDGE_CURVE('',#8258,#10788,#14515,.T.);
#14515 = LINE('',#14516,#14517);
#14516 = CARTESIAN_POINT('',(90.057822,-135.511658,0.));
#14517 = VECTOR('',#14518,1.);
#14518 = DIRECTION('',(0.,0.,1.));
#14519 = ORIENTED_EDGE('',*,*,#8265,.F.);
#14520 = PLANE('',#14521);
#14521 = AXIS2_PLACEMENT_3D('',#14522,#14523,#14524);
#14522 = CARTESIAN_POINT('',(97.427344,-135.511658,0.));
#14523 = DIRECTION('',(0.,-1.,0.));
#14524 = DIRECTION('',(-1.,0.,0.));
#14525 = ADVANCED_FACE('',(#14526),#14537,.T.);
#14526 = FACE_BOUND('',#14527,.T.);
#14527 = EDGE_LOOP('',(#14528,#14534,#14535,#14536));
#14528 = ORIENTED_EDGE('',*,*,#14529,.T.);
#14529 = EDGE_CURVE('',#8146,#10676,#14530,.T.);
#14530 = LINE('',#14531,#14532);
#14531 = CARTESIAN_POINT('',(73.818778,-129.161894,0.));
#14532 = VECTOR('',#14533,1.);
#14533 = DIRECTION('',(0.,0.,1.));
#14534 = ORIENTED_EDGE('',*,*,#10675,.T.);
#14535 = ORIENTED_EDGE('',*,*,#14495,.F.);
#14536 = ORIENTED_EDGE('',*,*,#8145,.F.);
#14537 = PLANE('',#14538);
#14538 = AXIS2_PLACEMENT_3D('',#14539,#14540,#14541);
#14539 = CARTESIAN_POINT('',(73.818778,-129.161894,0.));
#14540 = DIRECTION('',(-1.,0.,0.));
#14541 = DIRECTION('',(0.,1.,0.));
#14542 = ADVANCED_FACE('',(#14543),#14554,.T.);
#14543 = FACE_BOUND('',#14544,.T.);
#14544 = EDGE_LOOP('',(#14545,#14546,#14547,#14553));
#14545 = ORIENTED_EDGE('',*,*,#14514,.T.);
#14546 = ORIENTED_EDGE('',*,*,#10787,.T.);
#14547 = ORIENTED_EDGE('',*,*,#14548,.F.);
#14548 = EDGE_CURVE('',#8250,#10780,#14549,.T.);
#14549 = LINE('',#14550,#14551);
#14550 = CARTESIAN_POINT('',(82.6883,-135.511658,0.));
#14551 = VECTOR('',#14552,1.);
#14552 = DIRECTION('',(0.,0.,1.));
#14553 = ORIENTED_EDGE('',*,*,#8257,.F.);
#14554 = PLANE('',#14555);
#14555 = AXIS2_PLACEMENT_3D('',#14556,#14557,#14558);
#14556 = CARTESIAN_POINT('',(90.057822,-135.511658,0.));
#14557 = DIRECTION('',(0.,-1.,0.));
#14558 = DIRECTION('',(-1.,0.,0.));
#14559 = ADVANCED_FACE('',(#14560),#14571,.T.);
#14560 = FACE_BOUND('',#14561,.T.);
#14561 = EDGE_LOOP('',(#14562,#14568,#14569,#14570));
#14562 = ORIENTED_EDGE('',*,*,#14563,.T.);
#14563 = EDGE_CURVE('',#8154,#10684,#14564,.T.);
#14564 = LINE('',#14565,#14566);
#14565 = CARTESIAN_POINT('',(73.818778,-130.379933,0.));
#14566 = VECTOR('',#14567,1.);
#14567 = DIRECTION('',(0.,0.,1.));
#14568 = ORIENTED_EDGE('',*,*,#10683,.T.);
#14569 = ORIENTED_EDGE('',*,*,#14529,.F.);
#14570 = ORIENTED_EDGE('',*,*,#8153,.F.);
#14571 = PLANE('',#14572);
#14572 = AXIS2_PLACEMENT_3D('',#14573,#14574,#14575);
#14573 = CARTESIAN_POINT('',(73.818778,-130.379933,0.));
#14574 = DIRECTION('',(-1.,0.,0.));
#14575 = DIRECTION('',(0.,1.,0.));
#14576 = ADVANCED_FACE('',(#14577),#14588,.T.);
#14577 = FACE_BOUND('',#14578,.T.);
#14578 = EDGE_LOOP('',(#14579,#14580,#14581,#14587));
#14579 = ORIENTED_EDGE('',*,*,#14548,.T.);
#14580 = ORIENTED_EDGE('',*,*,#10779,.T.);
#14581 = ORIENTED_EDGE('',*,*,#14582,.F.);
#14582 = EDGE_CURVE('',#8242,#10772,#14583,.T.);
#14583 = LINE('',#14584,#14585);
#14584 = CARTESIAN_POINT('',(75.318778,-135.511658,0.));
#14585 = VECTOR('',#14586,1.);
#14586 = DIRECTION('',(0.,0.,1.));
#14587 = ORIENTED_EDGE('',*,*,#8249,.F.);
#14588 = PLANE('',#14589);
#14589 = AXIS2_PLACEMENT_3D('',#14590,#14591,#14592);
#14590 = CARTESIAN_POINT('',(82.6883,-135.511658,0.));
#14591 = DIRECTION('',(0.,-1.,0.));
#14592 = DIRECTION('',(-1.,0.,0.));
#14593 = ADVANCED_FACE('',(#14594),#14605,.T.);
#14594 = FACE_BOUND('',#14595,.T.);
#14595 = EDGE_LOOP('',(#14596,#14602,#14603,#14604));
#14596 = ORIENTED_EDGE('',*,*,#14597,.T.);
#14597 = EDGE_CURVE('',#8162,#10692,#14598,.T.);
#14598 = LINE('',#14599,#14600);
#14599 = CARTESIAN_POINT('',(73.818778,-131.597973,0.));
#14600 = VECTOR('',#14601,1.);
#14601 = DIRECTION('',(0.,0.,1.));
#14602 = ORIENTED_EDGE('',*,*,#10691,.T.);
#14603 = ORIENTED_EDGE('',*,*,#14563,.F.);
#14604 = ORIENTED_EDGE('',*,*,#8161,.F.);
#14605 = PLANE('',#14606);
#14606 = AXIS2_PLACEMENT_3D('',#14607,#14608,#14609);
#14607 = CARTESIAN_POINT('',(73.818778,-131.597973,0.));
#14608 = DIRECTION('',(-1.,0.,0.));
#14609 = DIRECTION('',(0.,1.,0.));
#14610 = ADVANCED_FACE('',(#14611),#14622,.T.);
#14611 = FACE_BOUND('',#14612,.T.);
#14612 = EDGE_LOOP('',(#14613,#14614,#14615,#14621));
#14613 = ORIENTED_EDGE('',*,*,#14582,.T.);
#14614 = ORIENTED_EDGE('',*,*,#10771,.T.);
#14615 = ORIENTED_EDGE('',*,*,#14616,.F.);
#14616 = EDGE_CURVE('',#8234,#10764,#14617,.T.);
#14617 = LINE('',#14618,#14619);
#14618 = CARTESIAN_POINT('',(75.016282,-135.481211,0.));
#14619 = VECTOR('',#14620,1.);
#14620 = DIRECTION('',(0.,0.,1.));
#14621 = ORIENTED_EDGE('',*,*,#8241,.F.);
#14622 = PLANE('',#14623);
#14623 = AXIS2_PLACEMENT_3D('',#14624,#14625,#14626);
#14624 = CARTESIAN_POINT('',(75.318778,-135.511658,0.));
#14625 = DIRECTION('',(-0.100146559583,-0.994972696411,0.));
#14626 = DIRECTION('',(-0.994972696411,0.100146559583,0.));
#14627 = ADVANCED_FACE('',(#14628),#14639,.T.);
#14628 = FACE_BOUND('',#14629,.T.);
#14629 = EDGE_LOOP('',(#14630,#14636,#14637,#14638));
#14630 = ORIENTED_EDGE('',*,*,#14631,.T.);
#14631 = EDGE_CURVE('',#8170,#10700,#14632,.T.);
#14632 = LINE('',#14633,#14634);
#14633 = CARTESIAN_POINT('',(73.818778,-132.816013,0.));
#14634 = VECTOR('',#14635,1.);
#14635 = DIRECTION('',(0.,0.,1.));
#14636 = ORIENTED_EDGE('',*,*,#10699,.T.);
#14637 = ORIENTED_EDGE('',*,*,#14597,.F.);
#14638 = ORIENTED_EDGE('',*,*,#8169,.F.);
#14639 = PLANE('',#14640);
#14640 = AXIS2_PLACEMENT_3D('',#14641,#14642,#14643);
#14641 = CARTESIAN_POINT('',(73.818778,-132.816013,0.));
#14642 = DIRECTION('',(-1.,0.,0.));
#14643 = DIRECTION('',(0.,1.,0.));
#14644 = ADVANCED_FACE('',(#14645),#14656,.T.);
#14645 = FACE_BOUND('',#14646,.T.);
#14646 = EDGE_LOOP('',(#14647,#14648,#14649,#14655));
#14647 = ORIENTED_EDGE('',*,*,#14616,.T.);
#14648 = ORIENTED_EDGE('',*,*,#10763,.T.);
#14649 = ORIENTED_EDGE('',*,*,#14650,.F.);
#14650 = EDGE_CURVE('',#8226,#10756,#14651,.T.);
#14651 = LINE('',#14652,#14653);
#14652 = CARTESIAN_POINT('',(74.734626,-135.393876,0.));
#14653 = VECTOR('',#14654,1.);
#14654 = DIRECTION('',(0.,0.,1.));
#14655 = ORIENTED_EDGE('',*,*,#8233,.F.);
#14656 = PLANE('',#14657);
#14657 = AXIS2_PLACEMENT_3D('',#14658,#14659,#14660);
#14658 = CARTESIAN_POINT('',(75.016282,-135.481211,0.));
#14659 = DIRECTION('',(-0.296165720843,-0.955136569186,0.));
#14660 = DIRECTION('',(-0.955136569186,0.296165720843,0.));
#14661 = ADVANCED_FACE('',(#14662),#14673,.T.);
#14662 = FACE_BOUND('',#14663,.T.);
#14663 = EDGE_LOOP('',(#14664,#14670,#14671,#14672));
#14664 = ORIENTED_EDGE('',*,*,#14665,.T.);
#14665 = EDGE_CURVE('',#8178,#10708,#14666,.T.);
#14666 = LINE('',#14667,#14668);
#14667 = CARTESIAN_POINT('',(73.818778,-134.011658,0.));
#14668 = VECTOR('',#14669,1.);
#14669 = DIRECTION('',(0.,0.,1.));
#14670 = ORIENTED_EDGE('',*,*,#10707,.T.);
#14671 = ORIENTED_EDGE('',*,*,#14631,.F.);
#14672 = ORIENTED_EDGE('',*,*,#8177,.F.);
#14673 = PLANE('',#14674);
#14674 = AXIS2_PLACEMENT_3D('',#14675,#14676,#14677);
#14675 = CARTESIAN_POINT('',(73.818778,-134.011658,0.));
#14676 = DIRECTION('',(-1.,0.,0.));
#14677 = DIRECTION('',(0.,1.,0.));
#14678 = ADVANCED_FACE('',(#14679),#14690,.T.);
#14679 = FACE_BOUND('',#14680,.T.);
#14680 = EDGE_LOOP('',(#14681,#14682,#14683,#14689));
#14681 = ORIENTED_EDGE('',*,*,#14650,.T.);
#14682 = ORIENTED_EDGE('',*,*,#10755,.T.);
#14683 = ORIENTED_EDGE('',*,*,#14684,.F.);
#14684 = EDGE_CURVE('',#8218,#10748,#14685,.T.);
#14685 = LINE('',#14686,#14687);
#14686 = CARTESIAN_POINT('',(74.479818,-135.25566,0.));
#14687 = VECTOR('',#14688,1.);
#14688 = DIRECTION('',(0.,0.,1.));
#14689 = ORIENTED_EDGE('',*,*,#8225,.F.);
#14690 = PLANE('',#14691);
#14691 = AXIS2_PLACEMENT_3D('',#14692,#14693,#14694);
#14692 = CARTESIAN_POINT('',(74.734626,-135.393876,0.));
#14693 = DIRECTION('',(-0.476803158963,-0.879010095279,0.));
#14694 = DIRECTION('',(-0.879010095279,0.476803158963,0.));
#14695 = ADVANCED_FACE('',(#14696),#14707,.T.);
#14696 = FACE_BOUND('',#14697,.T.);
#14697 = EDGE_LOOP('',(#14698,#14704,#14705,#14706));
#14698 = ORIENTED_EDGE('',*,*,#14699,.T.);
#14699 = EDGE_CURVE('',#8186,#10716,#14700,.T.);
#14700 = LINE('',#14701,#14702);
#14701 = CARTESIAN_POINT('',(73.849225,-134.314154,0.));
#14702 = VECTOR('',#14703,1.);
#14703 = DIRECTION('',(0.,0.,1.));
#14704 = ORIENTED_EDGE('',*,*,#10715,.T.);
#14705 = ORIENTED_EDGE('',*,*,#14665,.F.);
#14706 = ORIENTED_EDGE('',*,*,#8185,.F.);
#14707 = PLANE('',#14708);
#14708 = AXIS2_PLACEMENT_3D('',#14709,#14710,#14711);
#14709 = CARTESIAN_POINT('',(73.849225,-134.314154,0.));
#14710 = DIRECTION('',(-0.994972696411,-0.100146559583,0.));
#14711 = DIRECTION('',(-0.100146559583,0.994972696411,0.));
#14712 = ADVANCED_FACE('',(#14713),#14724,.T.);
#14713 = FACE_BOUND('',#14714,.T.);
#14714 = EDGE_LOOP('',(#14715,#14716,#14717,#14723));
#14715 = ORIENTED_EDGE('',*,*,#14684,.T.);
#14716 = ORIENTED_EDGE('',*,*,#10747,.T.);
#14717 = ORIENTED_EDGE('',*,*,#14718,.F.);
#14718 = EDGE_CURVE('',#8210,#10740,#14719,.T.);
#14719 = LINE('',#14720,#14721);
#14720 = CARTESIAN_POINT('',(74.257865,-135.072571,0.));
#14721 = VECTOR('',#14722,1.);
#14722 = DIRECTION('',(0.,0.,1.));
#14723 = ORIENTED_EDGE('',*,*,#8217,.F.);
#14724 = PLANE('',#14725);
#14725 = AXIS2_PLACEMENT_3D('',#14726,#14727,#14728);
#14726 = CARTESIAN_POINT('',(74.479818,-135.25566,0.));
#14727 = DIRECTION('',(-0.636336991989,-0.771411195554,0.));
#14728 = DIRECTION('',(-0.771411195554,0.636336991989,0.));
#14729 = ADVANCED_FACE('',(#14730),#14741,.T.);
#14730 = FACE_BOUND('',#14731,.T.);
#14731 = EDGE_LOOP('',(#14732,#14738,#14739,#14740));
#14732 = ORIENTED_EDGE('',*,*,#14733,.T.);
#14733 = EDGE_CURVE('',#8194,#10724,#14734,.T.);
#14734 = LINE('',#14735,#14736);
#14735 = CARTESIAN_POINT('',(73.936561,-134.59581,0.));
#14736 = VECTOR('',#14737,1.);
#14737 = DIRECTION('',(0.,0.,1.));
#14738 = ORIENTED_EDGE('',*,*,#10723,.T.);
#14739 = ORIENTED_EDGE('',*,*,#14699,.F.);
#14740 = ORIENTED_EDGE('',*,*,#8193,.F.);
#14741 = PLANE('',#14742);
#14742 = AXIS2_PLACEMENT_3D('',#14743,#14744,#14745);
#14743 = CARTESIAN_POINT('',(73.936561,-134.59581,0.));
#14744 = DIRECTION('',(-0.955135609899,-0.296168814533,0.));
#14745 = DIRECTION('',(-0.296168814533,0.955135609899,0.));
#14746 = ADVANCED_FACE('',(#14747),#14758,.T.);
#14747 = FACE_BOUND('',#14748,.T.);
#14748 = EDGE_LOOP('',(#14749,#14750,#14751,#14757));
#14749 = ORIENTED_EDGE('',*,*,#14718,.T.);
#14750 = ORIENTED_EDGE('',*,*,#10739,.T.);
#14751 = ORIENTED_EDGE('',*,*,#14752,.F.);
#14752 = EDGE_CURVE('',#8202,#10732,#14753,.T.);
#14753 = LINE('',#14754,#14755);
#14754 = CARTESIAN_POINT('',(74.074777,-134.850619,0.));
#14755 = VECTOR('',#14756,1.);
#14756 = DIRECTION('',(0.,0.,1.));
#14757 = ORIENTED_EDGE('',*,*,#8209,.F.);
#14758 = PLANE('',#14759);
#14759 = AXIS2_PLACEMENT_3D('',#14760,#14761,#14762);
#14760 = CARTESIAN_POINT('',(74.257865,-135.072571,0.));
#14761 = DIRECTION('',(-0.77141149429,-0.636336629841,0.));
#14762 = DIRECTION('',(-0.636336629841,0.77141149429,0.));
#14763 = ADVANCED_FACE('',(#14764),#14770,.T.);
#14764 = FACE_BOUND('',#14765,.T.);
#14765 = EDGE_LOOP('',(#14766,#14767,#14768,#14769));
#14766 = ORIENTED_EDGE('',*,*,#14752,.T.);
#14767 = ORIENTED_EDGE('',*,*,#10731,.T.);
#14768 = ORIENTED_EDGE('',*,*,#14733,.F.);
#14769 = ORIENTED_EDGE('',*,*,#8201,.F.);
#14770 = PLANE('',#14771);
#14771 = AXIS2_PLACEMENT_3D('',#14772,#14773,#14774);
#14772 = CARTESIAN_POINT('',(74.074777,-134.850619,0.));
#14773 = DIRECTION('',(-0.879010879534,-0.476801713148,0.));
#14774 = DIRECTION('',(-0.476801713148,0.879010879534,0.));
#14775 = ADVANCED_FACE('',(#14776),#14787,.F.);
#14776 = FACE_BOUND('',#14777,.T.);
#14777 = EDGE_LOOP('',(#14778,#14779,#14785,#14786));
#14778 = ORIENTED_EDGE('',*,*,#8674,.T.);
#14779 = ORIENTED_EDGE('',*,*,#14780,.T.);
#14780 = EDGE_CURVE('',#8675,#11205,#14781,.T.);
#14781 = LINE('',#14782,#14783);
#14782 = CARTESIAN_POINT('',(38.9881,-118.25,-4.6E-02));
#14783 = VECTOR('',#14784,1.);
#14784 = DIRECTION('',(0.,0.,1.));
#14785 = ORIENTED_EDGE('',*,*,#11204,.F.);
#14786 = ORIENTED_EDGE('',*,*,#14780,.F.);
#14787 = CYLINDRICAL_SURFACE('',#14788,1.5);
#14788 = AXIS2_PLACEMENT_3D('',#14789,#14790,#14791);
#14789 = CARTESIAN_POINT('',(38.9881,-116.75,-4.6E-02));
#14790 = DIRECTION('',(-0.,-0.,-1.));
#14791 = DIRECTION('',(-0.,-1.,0.));
#14792 = ADVANCED_FACE('',(#14793),#14804,.F.);
#14793 = FACE_BOUND('',#14794,.T.);
#14794 = EDGE_LOOP('',(#14795,#14796,#14802,#14803));
#14795 = ORIENTED_EDGE('',*,*,#8685,.T.);
#14796 = ORIENTED_EDGE('',*,*,#14797,.T.);
#14797 = EDGE_CURVE('',#8686,#11216,#14798,.T.);
#14798 = LINE('',#14799,#14800);
#14799 = CARTESIAN_POINT('',(31.9881,-117.2,-4.6E-02));
#14800 = VECTOR('',#14801,1.);
#14801 = DIRECTION('',(0.,0.,1.));
#14802 = ORIENTED_EDGE('',*,*,#11215,.F.);
#14803 = ORIENTED_EDGE('',*,*,#14797,.F.);
#14804 = CYLINDRICAL_SURFACE('',#14805,1.5);
#14805 = AXIS2_PLACEMENT_3D('',#14806,#14807,#14808);
#14806 = CARTESIAN_POINT('',(31.9881,-115.7,-4.6E-02));
#14807 = DIRECTION('',(-0.,-0.,-1.));
#14808 = DIRECTION('',(-2.368475785867E-15,-1.,0.));
#14809 = ADVANCED_FACE('',(#14810),#14821,.F.);
#14810 = FACE_BOUND('',#14811,.T.);
#14811 = EDGE_LOOP('',(#14812,#14813,#14819,#14820));
#14812 = ORIENTED_EDGE('',*,*,#8696,.T.);
#14813 = ORIENTED_EDGE('',*,*,#14814,.T.);
#14814 = EDGE_CURVE('',#8697,#11227,#14815,.T.);
#14815 = LINE('',#14816,#14817);
#14816 = CARTESIAN_POINT('',(36.3881,-113.625,-4.6E-02));
#14817 = VECTOR('',#14818,1.);
#14818 = DIRECTION('',(0.,0.,1.));
#14819 = ORIENTED_EDGE('',*,*,#11226,.F.);
#14820 = ORIENTED_EDGE('',*,*,#14814,.F.);
#14821 = CYLINDRICAL_SURFACE('',#14822,2.625);
#14822 = AXIS2_PLACEMENT_3D('',#14823,#14824,#14825);
#14823 = CARTESIAN_POINT('',(36.3881,-111.,-4.6E-02));
#14824 = DIRECTION('',(-0.,-0.,-1.));
#14825 = DIRECTION('',(-0.,-1.,0.));
#14826 = ADVANCED_FACE('',(#14827),#14838,.F.);
#14827 = FACE_BOUND('',#14828,.T.);
#14828 = EDGE_LOOP('',(#14829,#14830,#14836,#14837));
#14829 = ORIENTED_EDGE('',*,*,#8707,.T.);
#14830 = ORIENTED_EDGE('',*,*,#14831,.T.);
#14831 = EDGE_CURVE('',#8708,#11238,#14832,.T.);
#14832 = LINE('',#14833,#14834);
#14833 = CARTESIAN_POINT('',(51.0381,-115.7,-4.6E-02));
#14834 = VECTOR('',#14835,1.);
#14835 = DIRECTION('',(0.,0.,1.));
#14836 = ORIENTED_EDGE('',*,*,#11237,.F.);
#14837 = ORIENTED_EDGE('',*,*,#14831,.F.);
#14838 = CYLINDRICAL_SURFACE('',#14839,1.5);
#14839 = AXIS2_PLACEMENT_3D('',#14840,#14841,#14842);
#14840 = CARTESIAN_POINT('',(51.0381,-114.2,-4.6E-02));
#14841 = DIRECTION('',(-0.,-0.,-1.));
#14842 = DIRECTION('',(-0.,-1.,0.));
#14843 = ADVANCED_FACE('',(#14844),#14855,.F.);
#14844 = FACE_BOUND('',#14845,.T.);
#14845 = EDGE_LOOP('',(#14846,#14847,#14853,#14854));
#14846 = ORIENTED_EDGE('',*,*,#8718,.T.);
#14847 = ORIENTED_EDGE('',*,*,#14848,.T.);
#14848 = EDGE_CURVE('',#8719,#11249,#14849,.T.);
#14849 = LINE('',#14850,#14851);
#14850 = CARTESIAN_POINT('',(58.0381,-116.75,-4.6E-02));
#14851 = VECTOR('',#14852,1.);
#14852 = DIRECTION('',(0.,0.,1.));
#14853 = ORIENTED_EDGE('',*,*,#11248,.F.);
#14854 = ORIENTED_EDGE('',*,*,#14848,.F.);
#14855 = CYLINDRICAL_SURFACE('',#14856,1.5);
#14856 = AXIS2_PLACEMENT_3D('',#14857,#14858,#14859);
#14857 = CARTESIAN_POINT('',(58.0381,-115.25,-4.6E-02));
#14858 = DIRECTION('',(-0.,-0.,-1.));
#14859 = DIRECTION('',(-0.,-1.,0.));
#14860 = ADVANCED_FACE('',(#14861),#14872,.F.);
#14861 = FACE_BOUND('',#14862,.T.);
#14862 = EDGE_LOOP('',(#14863,#14864,#14870,#14871));
#14863 = ORIENTED_EDGE('',*,*,#8729,.T.);
#14864 = ORIENTED_EDGE('',*,*,#14865,.T.);
#14865 = EDGE_CURVE('',#8730,#11260,#14866,.T.);
#14866 = LINE('',#14867,#14868);
#14867 = CARTESIAN_POINT('',(79.6381,-129.95,-4.6E-02));
#14868 = VECTOR('',#14869,1.);
#14869 = DIRECTION('',(0.,0.,1.));
#14870 = ORIENTED_EDGE('',*,*,#11259,.F.);
#14871 = ORIENTED_EDGE('',*,*,#14865,.F.);
#14872 = CYLINDRICAL_SURFACE('',#14873,1.5);
#14873 = AXIS2_PLACEMENT_3D('',#14874,#14875,#14876);
#14874 = CARTESIAN_POINT('',(79.6381,-128.45,-4.6E-02));
#14875 = DIRECTION('',(-0.,-0.,-1.));
#14876 = DIRECTION('',(-0.,-1.,0.));
#14877 = ADVANCED_FACE('',(#14878),#14889,.F.);
#14878 = FACE_BOUND('',#14879,.T.);
#14879 = EDGE_LOOP('',(#14880,#14881,#14887,#14888));
#14880 = ORIENTED_EDGE('',*,*,#8740,.T.);
#14881 = ORIENTED_EDGE('',*,*,#14882,.T.);
#14882 = EDGE_CURVE('',#8741,#11271,#14883,.T.);
#14883 = LINE('',#14884,#14885);
#14884 = CARTESIAN_POINT('',(86.6381,-131.,-4.6E-02));
#14885 = VECTOR('',#14886,1.);
#14886 = DIRECTION('',(0.,0.,1.));
#14887 = ORIENTED_EDGE('',*,*,#11270,.F.);
#14888 = ORIENTED_EDGE('',*,*,#14882,.F.);
#14889 = CYLINDRICAL_SURFACE('',#14890,1.5);
#14890 = AXIS2_PLACEMENT_3D('',#14891,#14892,#14893);
#14891 = CARTESIAN_POINT('',(86.6381,-129.5,-4.6E-02));
#14892 = DIRECTION('',(-0.,-0.,-1.));
#14893 = DIRECTION('',(-0.,-1.,0.));
#14894 = ADVANCED_FACE('',(#14895),#14906,.F.);
#14895 = FACE_BOUND('',#14896,.T.);
#14896 = EDGE_LOOP('',(#14897,#14898,#14904,#14905));
#14897 = ORIENTED_EDGE('',*,*,#8751,.T.);
#14898 = ORIENTED_EDGE('',*,*,#14899,.T.);
#14899 = EDGE_CURVE('',#8752,#11282,#14900,.T.);
#14900 = LINE('',#14901,#14902);
#14901 = CARTESIAN_POINT('',(84.0381,-126.375,-4.6E-02));
#14902 = VECTOR('',#14903,1.);
#14903 = DIRECTION('',(0.,0.,1.));
#14904 = ORIENTED_EDGE('',*,*,#11281,.F.);
#14905 = ORIENTED_EDGE('',*,*,#14899,.F.);
#14906 = CYLINDRICAL_SURFACE('',#14907,2.625);
#14907 = AXIS2_PLACEMENT_3D('',#14908,#14909,#14910);
#14908 = CARTESIAN_POINT('',(84.0381,-123.75,-4.6E-02));
#14909 = DIRECTION('',(-0.,-0.,-1.));
#14910 = DIRECTION('',(-0.,-1.,0.));
#14911 = ADVANCED_FACE('',(#14912),#14923,.F.);
#14912 = FACE_BOUND('',#14913,.T.);
#14913 = EDGE_LOOP('',(#14914,#14915,#14921,#14922));
#14914 = ORIENTED_EDGE('',*,*,#8762,.T.);
#14915 = ORIENTED_EDGE('',*,*,#14916,.T.);
#14916 = EDGE_CURVE('',#8763,#11293,#14917,.T.);
#14917 = LINE('',#14918,#14919);
#14918 = CARTESIAN_POINT('',(98.7381,-129.95,-4.6E-02));
#14919 = VECTOR('',#14920,1.);
#14920 = DIRECTION('',(0.,0.,1.));
#14921 = ORIENTED_EDGE('',*,*,#11292,.F.);
#14922 = ORIENTED_EDGE('',*,*,#14916,.F.);
#14923 = CYLINDRICAL_SURFACE('',#14924,1.5);
#14924 = AXIS2_PLACEMENT_3D('',#14925,#14926,#14927);
#14925 = CARTESIAN_POINT('',(98.7381,-128.45,-4.6E-02));
#14926 = DIRECTION('',(-0.,-0.,-1.));
#14927 = DIRECTION('',(-0.,-1.,0.));
#14928 = ADVANCED_FACE('',(#14929),#14940,.F.);
#14929 = FACE_BOUND('',#14930,.T.);
#14930 = EDGE_LOOP('',(#14931,#14932,#14938,#14939));
#14931 = ORIENTED_EDGE('',*,*,#8773,.T.);
#14932 = ORIENTED_EDGE('',*,*,#14933,.T.);
#14933 = EDGE_CURVE('',#8774,#11304,#14934,.T.);
#14934 = LINE('',#14935,#14936);
#14935 = CARTESIAN_POINT('',(46.3381,-102.35,-4.6E-02));
#14936 = VECTOR('',#14937,1.);
#14937 = DIRECTION('',(0.,0.,1.));
#14938 = ORIENTED_EDGE('',*,*,#11303,.F.);
#14939 = ORIENTED_EDGE('',*,*,#14933,.F.);
#14940 = CYLINDRICAL_SURFACE('',#14941,2.35);
#14941 = AXIS2_PLACEMENT_3D('',#14942,#14943,#14944);
#14942 = CARTESIAN_POINT('',(46.3381,-100.,-4.6E-02));
#14943 = DIRECTION('',(-0.,-0.,-1.));
#14944 = DIRECTION('',(-0.,-1.,0.));
#14945 = ADVANCED_FACE('',(#14946),#14957,.F.);
#14946 = FACE_BOUND('',#14947,.T.);
#14947 = EDGE_LOOP('',(#14948,#14949,#14955,#14956));
#14948 = ORIENTED_EDGE('',*,*,#8784,.T.);
#14949 = ORIENTED_EDGE('',*,*,#14950,.T.);
#14950 = EDGE_CURVE('',#8785,#11315,#14951,.T.);
#14951 = LINE('',#14952,#14953);
#14952 = CARTESIAN_POINT('',(55.4381,-112.125,-4.6E-02));
#14953 = VECTOR('',#14954,1.);
#14954 = DIRECTION('',(0.,0.,1.));
#14955 = ORIENTED_EDGE('',*,*,#11314,.F.);
#14956 = ORIENTED_EDGE('',*,*,#14950,.F.);
#14957 = CYLINDRICAL_SURFACE('',#14958,2.625);
#14958 = AXIS2_PLACEMENT_3D('',#14959,#14960,#14961);
#14959 = CARTESIAN_POINT('',(55.4381,-109.5,-4.6E-02));
#14960 = DIRECTION('',(-0.,-0.,-1.));
#14961 = DIRECTION('',(-0.,-1.,0.));
#14962 = ADVANCED_FACE('',(#14963),#14974,.F.);
#14963 = FACE_BOUND('',#14964,.T.);
#14964 = EDGE_LOOP('',(#14965,#14966,#14972,#14973));
#14965 = ORIENTED_EDGE('',*,*,#8795,.T.);
#14966 = ORIENTED_EDGE('',*,*,#14967,.T.);
#14967 = EDGE_CURVE('',#8796,#11326,#14968,.T.);
#14968 = LINE('',#14969,#14970);
#14969 = CARTESIAN_POINT('',(32.0381,-98.2,-4.6E-02));
#14970 = VECTOR('',#14971,1.);
#14971 = DIRECTION('',(0.,0.,1.));
#14972 = ORIENTED_EDGE('',*,*,#11325,.F.);
#14973 = ORIENTED_EDGE('',*,*,#14967,.F.);
#14974 = CYLINDRICAL_SURFACE('',#14975,1.5);
#14975 = AXIS2_PLACEMENT_3D('',#14976,#14977,#14978);
#14976 = CARTESIAN_POINT('',(32.0381,-96.7,-4.6E-02));
#14977 = DIRECTION('',(-0.,-0.,-1.));
#14978 = DIRECTION('',(-0.,-1.,0.));
#14979 = ADVANCED_FACE('',(#14980),#14991,.F.);
#14980 = FACE_BOUND('',#14981,.T.);
#14981 = EDGE_LOOP('',(#14982,#14983,#14989,#14990));
#14982 = ORIENTED_EDGE('',*,*,#8806,.T.);
#14983 = ORIENTED_EDGE('',*,*,#14984,.T.);
#14984 = EDGE_CURVE('',#8807,#11337,#14985,.T.);
#14985 = LINE('',#14986,#14987);
#14986 = CARTESIAN_POINT('',(39.0381,-99.25,-4.6E-02));
#14987 = VECTOR('',#14988,1.);
#14988 = DIRECTION('',(0.,0.,1.));
#14989 = ORIENTED_EDGE('',*,*,#11336,.F.);
#14990 = ORIENTED_EDGE('',*,*,#14984,.F.);
#14991 = CYLINDRICAL_SURFACE('',#14992,1.5);
#14992 = AXIS2_PLACEMENT_3D('',#14993,#14994,#14995);
#14993 = CARTESIAN_POINT('',(39.0381,-97.75,-4.6E-02));
#14994 = DIRECTION('',(-0.,-0.,-1.));
#14995 = DIRECTION('',(-0.,-1.,0.));
#14996 = ADVANCED_FACE('',(#14997),#15008,.F.);
#14997 = FACE_BOUND('',#14998,.T.);
#14998 = EDGE_LOOP('',(#14999,#15000,#15006,#15007));
#14999 = ORIENTED_EDGE('',*,*,#8817,.T.);
#15000 = ORIENTED_EDGE('',*,*,#15001,.T.);
#15001 = EDGE_CURVE('',#8818,#11348,#15002,.T.);
#15002 = LINE('',#15003,#15004);
#15003 = CARTESIAN_POINT('',(36.4381,-94.625,-4.6E-02));
#15004 = VECTOR('',#15005,1.);
#15005 = DIRECTION('',(0.,0.,1.));
#15006 = ORIENTED_EDGE('',*,*,#11347,.F.);
#15007 = ORIENTED_EDGE('',*,*,#15001,.F.);
#15008 = CYLINDRICAL_SURFACE('',#15009,2.625);
#15009 = AXIS2_PLACEMENT_3D('',#15010,#15011,#15012);
#15010 = CARTESIAN_POINT('',(36.4381,-92.,-4.6E-02));
#15011 = DIRECTION('',(-0.,-0.,-1.));
#15012 = DIRECTION('',(-0.,-1.,0.));
#15013 = ADVANCED_FACE('',(#15014),#15025,.F.);
#15014 = FACE_BOUND('',#15015,.T.);
#15015 = EDGE_LOOP('',(#15016,#15017,#15023,#15024));
#15016 = ORIENTED_EDGE('',*,*,#8828,.T.);
#15017 = ORIENTED_EDGE('',*,*,#15018,.T.);
#15018 = EDGE_CURVE('',#8829,#11359,#15019,.T.);
#15019 = LINE('',#15020,#15021);
#15020 = CARTESIAN_POINT('',(51.0381,-96.7,-4.6E-02));
#15021 = VECTOR('',#15022,1.);
#15022 = DIRECTION('',(0.,0.,1.));
#15023 = ORIENTED_EDGE('',*,*,#11358,.F.);
#15024 = ORIENTED_EDGE('',*,*,#15018,.F.);
#15025 = CYLINDRICAL_SURFACE('',#15026,1.5);
#15026 = AXIS2_PLACEMENT_3D('',#15027,#15028,#15029);
#15027 = CARTESIAN_POINT('',(51.0381,-95.2,-4.6E-02));
#15028 = DIRECTION('',(-0.,-0.,-1.));
#15029 = DIRECTION('',(-0.,-1.,0.));
#15030 = ADVANCED_FACE('',(#15031),#15042,.F.);
#15031 = FACE_BOUND('',#15032,.T.);
#15032 = EDGE_LOOP('',(#15033,#15034,#15040,#15041));
#15033 = ORIENTED_EDGE('',*,*,#8839,.T.);
#15034 = ORIENTED_EDGE('',*,*,#15035,.T.);
#15035 = EDGE_CURVE('',#8840,#11370,#15036,.T.);
#15036 = LINE('',#15037,#15038);
#15037 = CARTESIAN_POINT('',(58.0381,-97.75,-4.6E-02));
#15038 = VECTOR('',#15039,1.);
#15039 = DIRECTION('',(0.,0.,1.));
#15040 = ORIENTED_EDGE('',*,*,#11369,.F.);
#15041 = ORIENTED_EDGE('',*,*,#15035,.F.);
#15042 = CYLINDRICAL_SURFACE('',#15043,1.5);
#15043 = AXIS2_PLACEMENT_3D('',#15044,#15045,#15046);
#15044 = CARTESIAN_POINT('',(58.0381,-96.25,-4.6E-02));
#15045 = DIRECTION('',(-0.,-0.,-1.));
#15046 = DIRECTION('',(-0.,-1.,0.));
#15047 = ADVANCED_FACE('',(#15048),#15059,.F.);
#15048 = FACE_BOUND('',#15049,.T.);
#15049 = EDGE_LOOP('',(#15050,#15051,#15057,#15058));
#15050 = ORIENTED_EDGE('',*,*,#8850,.T.);
#15051 = ORIENTED_EDGE('',*,*,#15052,.T.);
#15052 = EDGE_CURVE('',#8851,#11381,#15053,.T.);
#15053 = LINE('',#15054,#15055);
#15054 = CARTESIAN_POINT('',(55.4381,-93.125,-4.6E-02));
#15055 = VECTOR('',#15056,1.);
#15056 = DIRECTION('',(0.,0.,1.));
#15057 = ORIENTED_EDGE('',*,*,#11380,.F.);
#15058 = ORIENTED_EDGE('',*,*,#15052,.F.);
#15059 = CYLINDRICAL_SURFACE('',#15060,2.625);
#15060 = AXIS2_PLACEMENT_3D('',#15061,#15062,#15063);
#15061 = CARTESIAN_POINT('',(55.4381,-90.5,-4.6E-02));
#15062 = DIRECTION('',(-0.,-0.,-1.));
#15063 = DIRECTION('',(-0.,-1.,0.));
#15064 = ADVANCED_FACE('',(#15065),#15076,.F.);
#15065 = FACE_BOUND('',#15066,.T.);
#15066 = EDGE_LOOP('',(#15067,#15068,#15074,#15075));
#15067 = ORIENTED_EDGE('',*,*,#8861,.T.);
#15068 = ORIENTED_EDGE('',*,*,#15069,.T.);
#15069 = EDGE_CURVE('',#8862,#11392,#15070,.T.);
#15070 = LINE('',#15071,#15072);
#15071 = CARTESIAN_POINT('',(70.1381,-111.,-4.6E-02));
#15072 = VECTOR('',#15073,1.);
#15073 = DIRECTION('',(0.,0.,1.));
#15074 = ORIENTED_EDGE('',*,*,#11391,.F.);
#15075 = ORIENTED_EDGE('',*,*,#15069,.F.);
#15076 = CYLINDRICAL_SURFACE('',#15077,1.5);
#15077 = AXIS2_PLACEMENT_3D('',#15078,#15079,#15080);
#15078 = CARTESIAN_POINT('',(70.1381,-109.5,-4.6E-02));
#15079 = DIRECTION('',(-0.,-0.,-1.));
#15080 = DIRECTION('',(-0.,-1.,0.));
#15081 = ADVANCED_FACE('',(#15082),#15093,.F.);
#15082 = FACE_BOUND('',#15083,.T.);
#15083 = EDGE_LOOP('',(#15084,#15085,#15091,#15092));
#15084 = ORIENTED_EDGE('',*,*,#8872,.T.);
#15085 = ORIENTED_EDGE('',*,*,#15086,.T.);
#15086 = EDGE_CURVE('',#8873,#11403,#15087,.T.);
#15087 = LINE('',#15088,#15089);
#15088 = CARTESIAN_POINT('',(77.1381,-112.05,-4.6E-02));
#15089 = VECTOR('',#15090,1.);
#15090 = DIRECTION('',(0.,0.,1.));
#15091 = ORIENTED_EDGE('',*,*,#11402,.F.);
#15092 = ORIENTED_EDGE('',*,*,#15086,.F.);
#15093 = CYLINDRICAL_SURFACE('',#15094,1.5);
#15094 = AXIS2_PLACEMENT_3D('',#15095,#15096,#15097);
#15095 = CARTESIAN_POINT('',(77.1381,-110.55,-4.6E-02));
#15096 = DIRECTION('',(-0.,-0.,-1.));
#15097 = DIRECTION('',(-0.,-1.,0.));
#15098 = ADVANCED_FACE('',(#15099),#15110,.F.);
#15099 = FACE_BOUND('',#15100,.T.);
#15100 = EDGE_LOOP('',(#15101,#15102,#15108,#15109));
#15101 = ORIENTED_EDGE('',*,*,#8883,.T.);
#15102 = ORIENTED_EDGE('',*,*,#15103,.T.);
#15103 = EDGE_CURVE('',#8884,#11414,#15104,.T.);
#15104 = LINE('',#15105,#15106);
#15105 = CARTESIAN_POINT('',(74.5381,-107.425,-4.6E-02));
#15106 = VECTOR('',#15107,1.);
#15107 = DIRECTION('',(0.,0.,1.));
#15108 = ORIENTED_EDGE('',*,*,#11413,.F.);
#15109 = ORIENTED_EDGE('',*,*,#15103,.F.);
#15110 = CYLINDRICAL_SURFACE('',#15111,2.625);
#15111 = AXIS2_PLACEMENT_3D('',#15112,#15113,#15114);
#15112 = CARTESIAN_POINT('',(74.5381,-104.8,-4.6E-02));
#15113 = DIRECTION('',(-0.,-0.,-1.));
#15114 = DIRECTION('',(-0.,-1.,0.));
#15115 = ADVANCED_FACE('',(#15116),#15127,.F.);
#15116 = FACE_BOUND('',#15117,.T.);
#15117 = EDGE_LOOP('',(#15118,#15119,#15125,#15126));
#15118 = ORIENTED_EDGE('',*,*,#8894,.T.);
#15119 = ORIENTED_EDGE('',*,*,#15120,.T.);
#15120 = EDGE_CURVE('',#8895,#11425,#15121,.T.);
#15121 = LINE('',#15122,#15123);
#15122 = CARTESIAN_POINT('',(89.1381,-109.6,-4.6E-02));
#15123 = VECTOR('',#15124,1.);
#15124 = DIRECTION('',(0.,0.,1.));
#15125 = ORIENTED_EDGE('',*,*,#11424,.F.);
#15126 = ORIENTED_EDGE('',*,*,#15120,.F.);
#15127 = CYLINDRICAL_SURFACE('',#15128,1.5);
#15128 = AXIS2_PLACEMENT_3D('',#15129,#15130,#15131);
#15129 = CARTESIAN_POINT('',(89.1381,-108.1,-4.6E-02));
#15130 = DIRECTION('',(-0.,-0.,-1.));
#15131 = DIRECTION('',(-0.,-1.,0.));
#15132 = ADVANCED_FACE('',(#15133),#15144,.F.);
#15133 = FACE_BOUND('',#15134,.T.);
#15134 = EDGE_LOOP('',(#15135,#15136,#15142,#15143));
#15135 = ORIENTED_EDGE('',*,*,#8905,.T.);
#15136 = ORIENTED_EDGE('',*,*,#15137,.T.);
#15137 = EDGE_CURVE('',#8906,#11436,#15138,.T.);
#15138 = LINE('',#15139,#15140);
#15139 = CARTESIAN_POINT('',(96.1381,-110.65,-4.6E-02));
#15140 = VECTOR('',#15141,1.);
#15141 = DIRECTION('',(0.,0.,1.));
#15142 = ORIENTED_EDGE('',*,*,#11435,.F.);
#15143 = ORIENTED_EDGE('',*,*,#15137,.F.);
#15144 = CYLINDRICAL_SURFACE('',#15145,1.5);
#15145 = AXIS2_PLACEMENT_3D('',#15146,#15147,#15148);
#15146 = CARTESIAN_POINT('',(96.1381,-109.15,-4.6E-02));
#15147 = DIRECTION('',(-0.,-0.,-1.));
#15148 = DIRECTION('',(-0.,-1.,0.));
#15149 = ADVANCED_FACE('',(#15150),#15161,.F.);
#15150 = FACE_BOUND('',#15151,.T.);
#15151 = EDGE_LOOP('',(#15152,#15153,#15159,#15160));
#15152 = ORIENTED_EDGE('',*,*,#8916,.T.);
#15153 = ORIENTED_EDGE('',*,*,#15154,.T.);
#15154 = EDGE_CURVE('',#8917,#11447,#15155,.T.);
#15155 = LINE('',#15156,#15157);
#15156 = CARTESIAN_POINT('',(93.5381,-106.025,-4.6E-02));
#15157 = VECTOR('',#15158,1.);
#15158 = DIRECTION('',(0.,0.,1.));
#15159 = ORIENTED_EDGE('',*,*,#11446,.F.);
#15160 = ORIENTED_EDGE('',*,*,#15154,.F.);
#15161 = CYLINDRICAL_SURFACE('',#15162,2.625);
#15162 = AXIS2_PLACEMENT_3D('',#15163,#15164,#15165);
#15163 = CARTESIAN_POINT('',(93.5381,-103.4,-4.6E-02));
#15164 = DIRECTION('',(-0.,-0.,-1.));
#15165 = DIRECTION('',(-0.,-1.,0.));
#15166 = ADVANCED_FACE('',(#15167),#15178,.F.);
#15167 = FACE_BOUND('',#15168,.T.);
#15168 = EDGE_LOOP('',(#15169,#15170,#15176,#15177));
#15169 = ORIENTED_EDGE('',*,*,#8927,.T.);
#15170 = ORIENTED_EDGE('',*,*,#15171,.T.);
#15171 = EDGE_CURVE('',#8928,#11458,#15172,.T.);
#15172 = LINE('',#15173,#15174);
#15173 = CARTESIAN_POINT('',(70.1381,-91.9,-4.6E-02));
#15174 = VECTOR('',#15175,1.);
#15175 = DIRECTION('',(0.,0.,1.));
#15176 = ORIENTED_EDGE('',*,*,#11457,.F.);
#15177 = ORIENTED_EDGE('',*,*,#15171,.F.);
#15178 = CYLINDRICAL_SURFACE('',#15179,1.5);
#15179 = AXIS2_PLACEMENT_3D('',#15180,#15181,#15182);
#15180 = CARTESIAN_POINT('',(70.1381,-90.4,-4.6E-02));
#15181 = DIRECTION('',(-0.,-0.,-1.));
#15182 = DIRECTION('',(-0.,-1.,0.));
#15183 = ADVANCED_FACE('',(#15184),#15195,.F.);
#15184 = FACE_BOUND('',#15185,.T.);
#15185 = EDGE_LOOP('',(#15186,#15187,#15193,#15194));
#15186 = ORIENTED_EDGE('',*,*,#8938,.T.);
#15187 = ORIENTED_EDGE('',*,*,#15188,.T.);
#15188 = EDGE_CURVE('',#8939,#11469,#15189,.T.);
#15189 = LINE('',#15190,#15191);
#15190 = CARTESIAN_POINT('',(77.1381,-92.95,-4.6E-02));
#15191 = VECTOR('',#15192,1.);
#15192 = DIRECTION('',(0.,0.,1.));
#15193 = ORIENTED_EDGE('',*,*,#11468,.F.);
#15194 = ORIENTED_EDGE('',*,*,#15188,.F.);
#15195 = CYLINDRICAL_SURFACE('',#15196,1.5);
#15196 = AXIS2_PLACEMENT_3D('',#15197,#15198,#15199);
#15197 = CARTESIAN_POINT('',(77.1381,-91.45,-4.6E-02));
#15198 = DIRECTION('',(-0.,-0.,-1.));
#15199 = DIRECTION('',(-0.,-1.,0.));
#15200 = ADVANCED_FACE('',(#15201),#15212,.F.);
#15201 = FACE_BOUND('',#15202,.T.);
#15202 = EDGE_LOOP('',(#15203,#15204,#15210,#15211));
#15203 = ORIENTED_EDGE('',*,*,#8949,.T.);
#15204 = ORIENTED_EDGE('',*,*,#15205,.T.);
#15205 = EDGE_CURVE('',#8950,#11480,#15206,.T.);
#15206 = LINE('',#15207,#15208);
#15207 = CARTESIAN_POINT('',(89.1381,-90.6,-4.6E-02));
#15208 = VECTOR('',#15209,1.);
#15209 = DIRECTION('',(0.,0.,1.));
#15210 = ORIENTED_EDGE('',*,*,#11479,.F.);
#15211 = ORIENTED_EDGE('',*,*,#15205,.F.);
#15212 = CYLINDRICAL_SURFACE('',#15213,1.5);
#15213 = AXIS2_PLACEMENT_3D('',#15214,#15215,#15216);
#15214 = CARTESIAN_POINT('',(89.1381,-89.1,-4.6E-02));
#15215 = DIRECTION('',(-0.,-0.,-1.));
#15216 = DIRECTION('',(-0.,-1.,0.));
#15217 = ADVANCED_FACE('',(#15218),#15229,.F.);
#15218 = FACE_BOUND('',#15219,.T.);
#15219 = EDGE_LOOP('',(#15220,#15221,#15227,#15228));
#15220 = ORIENTED_EDGE('',*,*,#8960,.T.);
#15221 = ORIENTED_EDGE('',*,*,#15222,.T.);
#15222 = EDGE_CURVE('',#8961,#11491,#15223,.T.);
#15223 = LINE('',#15224,#15225);
#15224 = CARTESIAN_POINT('',(96.1381,-91.65,-4.6E-02));
#15225 = VECTOR('',#15226,1.);
#15226 = DIRECTION('',(0.,0.,1.));
#15227 = ORIENTED_EDGE('',*,*,#11490,.F.);
#15228 = ORIENTED_EDGE('',*,*,#15222,.F.);
#15229 = CYLINDRICAL_SURFACE('',#15230,1.5);
#15230 = AXIS2_PLACEMENT_3D('',#15231,#15232,#15233);
#15231 = CARTESIAN_POINT('',(96.1381,-90.15,-4.6E-02));
#15232 = DIRECTION('',(-0.,-0.,-1.));
#15233 = DIRECTION('',(-0.,-1.,0.));
#15234 = ADVANCED_FACE('',(#15235),#15246,.F.);
#15235 = FACE_BOUND('',#15236,.T.);
#15236 = EDGE_LOOP('',(#15237,#15238,#15244,#15245));
#15237 = ORIENTED_EDGE('',*,*,#8971,.T.);
#15238 = ORIENTED_EDGE('',*,*,#15239,.T.);
#15239 = EDGE_CURVE('',#8972,#11502,#15240,.T.);
#15240 = LINE('',#15241,#15242);
#15241 = CARTESIAN_POINT('',(105.7381,-131.,-4.6E-02));
#15242 = VECTOR('',#15243,1.);
#15243 = DIRECTION('',(0.,0.,1.));
#15244 = ORIENTED_EDGE('',*,*,#11501,.F.);
#15245 = ORIENTED_EDGE('',*,*,#15239,.F.);
#15246 = CYLINDRICAL_SURFACE('',#15247,1.5);
#15247 = AXIS2_PLACEMENT_3D('',#15248,#15249,#15250);
#15248 = CARTESIAN_POINT('',(105.7381,-129.5,-4.6E-02));
#15249 = DIRECTION('',(-0.,-0.,-1.));
#15250 = DIRECTION('',(-0.,-1.,0.));
#15251 = ADVANCED_FACE('',(#15252),#15263,.F.);
#15252 = FACE_BOUND('',#15253,.T.);
#15253 = EDGE_LOOP('',(#15254,#15255,#15261,#15262));
#15254 = ORIENTED_EDGE('',*,*,#8982,.T.);
#15255 = ORIENTED_EDGE('',*,*,#15256,.T.);
#15256 = EDGE_CURVE('',#8983,#11513,#15257,.T.);
#15257 = LINE('',#15258,#15259);
#15258 = CARTESIAN_POINT('',(103.1381,-126.375,-4.6E-02));
#15259 = VECTOR('',#15260,1.);
#15260 = DIRECTION('',(0.,0.,1.));
#15261 = ORIENTED_EDGE('',*,*,#11512,.F.);
#15262 = ORIENTED_EDGE('',*,*,#15256,.F.);
#15263 = CYLINDRICAL_SURFACE('',#15264,2.625);
#15264 = AXIS2_PLACEMENT_3D('',#15265,#15266,#15267);
#15265 = CARTESIAN_POINT('',(103.1381,-123.75,-4.6E-02));
#15266 = DIRECTION('',(-0.,-0.,-1.));
#15267 = DIRECTION('',(-0.,-1.,0.));
#15268 = ADVANCED_FACE('',(#15269),#15280,.F.);
#15269 = FACE_BOUND('',#15270,.T.);
#15270 = EDGE_LOOP('',(#15271,#15272,#15278,#15279));
#15271 = ORIENTED_EDGE('',*,*,#8993,.T.);
#15272 = ORIENTED_EDGE('',*,*,#15273,.T.);
#15273 = EDGE_CURVE('',#8994,#11524,#15274,.T.);
#15274 = LINE('',#15275,#15276);
#15275 = CARTESIAN_POINT('',(124.7381,-133.25,-4.6E-02));
#15276 = VECTOR('',#15277,1.);
#15277 = DIRECTION('',(0.,0.,1.));
#15278 = ORIENTED_EDGE('',*,*,#11523,.F.);
#15279 = ORIENTED_EDGE('',*,*,#15273,.F.);
#15280 = CYLINDRICAL_SURFACE('',#15281,1.5);
#15281 = AXIS2_PLACEMENT_3D('',#15282,#15283,#15284);
#15282 = CARTESIAN_POINT('',(124.7381,-131.75,-4.6E-02));
#15283 = DIRECTION('',(-0.,-0.,-1.));
#15284 = DIRECTION('',(-0.,-1.,0.));
#15285 = ADVANCED_FACE('',(#15286),#15297,.F.);
#15286 = FACE_BOUND('',#15287,.T.);
#15287 = EDGE_LOOP('',(#15288,#15289,#15295,#15296));
#15288 = ORIENTED_EDGE('',*,*,#9004,.T.);
#15289 = ORIENTED_EDGE('',*,*,#15290,.T.);
#15290 = EDGE_CURVE('',#9005,#11535,#15291,.T.);
#15291 = LINE('',#15292,#15293);
#15292 = CARTESIAN_POINT('',(117.7381,-132.2,-4.6E-02));
#15293 = VECTOR('',#15294,1.);
#15294 = DIRECTION('',(0.,0.,1.));
#15295 = ORIENTED_EDGE('',*,*,#11534,.F.);
#15296 = ORIENTED_EDGE('',*,*,#15290,.F.);
#15297 = CYLINDRICAL_SURFACE('',#15298,1.5);
#15298 = AXIS2_PLACEMENT_3D('',#15299,#15300,#15301);
#15299 = CARTESIAN_POINT('',(117.7381,-130.7,-4.6E-02));
#15300 = DIRECTION('',(-0.,-0.,-1.));
#15301 = DIRECTION('',(-0.,-1.,0.));
#15302 = ADVANCED_FACE('',(#15303),#15314,.F.);
#15303 = FACE_BOUND('',#15304,.T.);
#15304 = EDGE_LOOP('',(#15305,#15306,#15312,#15313));
#15305 = ORIENTED_EDGE('',*,*,#9015,.T.);
#15306 = ORIENTED_EDGE('',*,*,#15307,.T.);
#15307 = EDGE_CURVE('',#9016,#11546,#15308,.T.);
#15308 = LINE('',#15309,#15310);
#15309 = CARTESIAN_POINT('',(122.1381,-128.625,-4.6E-02));
#15310 = VECTOR('',#15311,1.);
#15311 = DIRECTION('',(0.,0.,1.));
#15312 = ORIENTED_EDGE('',*,*,#11545,.F.);
#15313 = ORIENTED_EDGE('',*,*,#15307,.F.);
#15314 = CYLINDRICAL_SURFACE('',#15315,2.625);
#15315 = AXIS2_PLACEMENT_3D('',#15316,#15317,#15318);
#15316 = CARTESIAN_POINT('',(122.1381,-126.,-4.6E-02));
#15317 = DIRECTION('',(-0.,-0.,-1.));
#15318 = DIRECTION('',(-0.,-1.,0.));
#15319 = ADVANCED_FACE('',(#15320),#15331,.F.);
#15320 = FACE_BOUND('',#15321,.T.);
#15321 = EDGE_LOOP('',(#15322,#15323,#15329,#15330));
#15322 = ORIENTED_EDGE('',*,*,#9026,.T.);
#15323 = ORIENTED_EDGE('',*,*,#15324,.T.);
#15324 = EDGE_CURVE('',#9027,#11557,#15325,.T.);
#15325 = LINE('',#15326,#15327);
#15326 = CARTESIAN_POINT('',(127.2381,-113.3,-4.6E-02));
#15327 = VECTOR('',#15328,1.);
#15328 = DIRECTION('',(0.,0.,1.));
#15329 = ORIENTED_EDGE('',*,*,#11556,.F.);
#15330 = ORIENTED_EDGE('',*,*,#15324,.F.);
#15331 = CYLINDRICAL_SURFACE('',#15332,1.5);
#15332 = AXIS2_PLACEMENT_3D('',#15333,#15334,#15335);
#15333 = CARTESIAN_POINT('',(127.2381,-111.8,-4.6E-02));
#15334 = DIRECTION('',(-0.,-0.,-1.));
#15335 = DIRECTION('',(-0.,-1.,0.));
#15336 = ADVANCED_FACE('',(#15337),#15348,.F.);
#15337 = FACE_BOUND('',#15338,.T.);
#15338 = EDGE_LOOP('',(#15339,#15340,#15346,#15347));
#15339 = ORIENTED_EDGE('',*,*,#9037,.T.);
#15340 = ORIENTED_EDGE('',*,*,#15341,.T.);
#15341 = EDGE_CURVE('',#9038,#11568,#15342,.T.);
#15342 = LINE('',#15343,#15344);
#15343 = CARTESIAN_POINT('',(149.008419,-134.660512,-4.6E-02));
#15344 = VECTOR('',#15345,1.);
#15345 = DIRECTION('',(0.,0.,1.));
#15346 = ORIENTED_EDGE('',*,*,#11567,.F.);
#15347 = ORIENTED_EDGE('',*,*,#15341,.F.);
#15348 = CYLINDRICAL_SURFACE('',#15349,1.5);
#15349 = AXIS2_PLACEMENT_3D('',#15350,#15351,#15352);
#15350 = CARTESIAN_POINT('',(149.008419,-133.160512,-4.6E-02));
#15351 = DIRECTION('',(-0.,-0.,-1.));
#15352 = DIRECTION('',(-0.,-1.,0.));
#15353 = ADVANCED_FACE('',(#15354),#15365,.F.);
#15354 = FACE_BOUND('',#15355,.T.);
#15355 = EDGE_LOOP('',(#15356,#15357,#15363,#15364));
#15356 = ORIENTED_EDGE('',*,*,#9048,.T.);
#15357 = ORIENTED_EDGE('',*,*,#15358,.T.);
#15358 = EDGE_CURVE('',#9049,#11579,#15359,.T.);
#15359 = LINE('',#15360,#15361);
#15360 = CARTESIAN_POINT('',(147.1381,-129.625,-4.6E-02));
#15361 = VECTOR('',#15362,1.);
#15362 = DIRECTION('',(0.,0.,1.));
#15363 = ORIENTED_EDGE('',*,*,#11578,.F.);
#15364 = ORIENTED_EDGE('',*,*,#15358,.F.);
#15365 = CYLINDRICAL_SURFACE('',#15366,2.625);
#15366 = AXIS2_PLACEMENT_3D('',#15367,#15368,#15369);
#15367 = CARTESIAN_POINT('',(147.1381,-127.,-4.6E-02));
#15368 = DIRECTION('',(-0.,-0.,-1.));
#15369 = DIRECTION('',(-0.,-1.,0.));
#15370 = ADVANCED_FACE('',(#15371),#15382,.F.);
#15371 = FACE_BOUND('',#15372,.T.);
#15372 = EDGE_LOOP('',(#15373,#15374,#15380,#15381));
#15373 = ORIENTED_EDGE('',*,*,#9059,.T.);
#15374 = ORIENTED_EDGE('',*,*,#15375,.T.);
#15375 = EDGE_CURVE('',#9060,#11590,#15376,.T.);
#15376 = LINE('',#15377,#15378);
#15377 = CARTESIAN_POINT('',(153.417746,-129.123334,-4.6E-02));
#15378 = VECTOR('',#15379,1.);
#15379 = DIRECTION('',(0.,0.,1.));
#15380 = ORIENTED_EDGE('',*,*,#11589,.F.);
#15381 = ORIENTED_EDGE('',*,*,#15375,.F.);
#15382 = CYLINDRICAL_SURFACE('',#15383,1.5);
#15383 = AXIS2_PLACEMENT_3D('',#15384,#15385,#15386);
#15384 = CARTESIAN_POINT('',(153.417746,-127.623334,-4.6E-02));
#15385 = DIRECTION('',(-0.,-0.,-1.));
#15386 = DIRECTION('',(-0.,-1.,0.));
#15387 = ADVANCED_FACE('',(#15388),#15399,.F.);
#15388 = FACE_BOUND('',#15389,.T.);
#15389 = EDGE_LOOP('',(#15390,#15391,#15397,#15398));
#15390 = ORIENTED_EDGE('',*,*,#9070,.T.);
#15391 = ORIENTED_EDGE('',*,*,#15392,.T.);
#15392 = EDGE_CURVE('',#9071,#11601,#15393,.T.);
#15393 = LINE('',#15394,#15395);
#15394 = CARTESIAN_POINT('',(134.2381,-114.35,-4.6E-02));
#15395 = VECTOR('',#15396,1.);
#15396 = DIRECTION('',(0.,0.,1.));
#15397 = ORIENTED_EDGE('',*,*,#11600,.F.);
#15398 = ORIENTED_EDGE('',*,*,#15392,.F.);
#15399 = CYLINDRICAL_SURFACE('',#15400,1.5);
#15400 = AXIS2_PLACEMENT_3D('',#15401,#15402,#15403);
#15401 = CARTESIAN_POINT('',(134.2381,-112.85,-4.6E-02));
#15402 = DIRECTION('',(-0.,-0.,-1.));
#15403 = DIRECTION('',(-0.,-1.,0.));
#15404 = ADVANCED_FACE('',(#15405),#15416,.F.);
#15405 = FACE_BOUND('',#15406,.T.);
#15406 = EDGE_LOOP('',(#15407,#15408,#15414,#15415));
#15407 = ORIENTED_EDGE('',*,*,#9081,.T.);
#15408 = ORIENTED_EDGE('',*,*,#15409,.T.);
#15409 = EDGE_CURVE('',#9082,#11612,#15410,.T.);
#15410 = LINE('',#15411,#15412);
#15411 = CARTESIAN_POINT('',(147.1381,-117.15,-4.6E-02));
#15412 = VECTOR('',#15413,1.);
#15413 = DIRECTION('',(0.,0.,1.));
#15414 = ORIENTED_EDGE('',*,*,#11611,.F.);
#15415 = ORIENTED_EDGE('',*,*,#15409,.F.);
#15416 = CYLINDRICAL_SURFACE('',#15417,2.35);
#15417 = AXIS2_PLACEMENT_3D('',#15418,#15419,#15420);
#15418 = CARTESIAN_POINT('',(147.1381,-114.8,-4.6E-02));
#15419 = DIRECTION('',(-0.,-0.,-1.));
#15420 = DIRECTION('',(-0.,-1.,0.));
#15421 = ADVANCED_FACE('',(#15422),#15433,.F.);
#15422 = FACE_BOUND('',#15423,.T.);
#15423 = EDGE_LOOP('',(#15424,#15425,#15431,#15432));
#15424 = ORIENTED_EDGE('',*,*,#9092,.T.);
#15425 = ORIENTED_EDGE('',*,*,#15426,.T.);
#15426 = EDGE_CURVE('',#9093,#11623,#15427,.T.);
#15427 = LINE('',#15428,#15429);
#15428 = CARTESIAN_POINT('',(108.2381,-111.,-4.6E-02));
#15429 = VECTOR('',#15430,1.);
#15430 = DIRECTION('',(0.,0.,1.));
#15431 = ORIENTED_EDGE('',*,*,#11622,.F.);
#15432 = ORIENTED_EDGE('',*,*,#15426,.F.);
#15433 = CYLINDRICAL_SURFACE('',#15434,1.5);
#15434 = AXIS2_PLACEMENT_3D('',#15435,#15436,#15437);
#15435 = CARTESIAN_POINT('',(108.2381,-109.5,-4.6E-02));
#15436 = DIRECTION('',(-0.,-0.,-1.));
#15437 = DIRECTION('',(-0.,-1.,0.));
#15438 = ADVANCED_FACE('',(#15439),#15450,.F.);
#15439 = FACE_BOUND('',#15440,.T.);
#15440 = EDGE_LOOP('',(#15441,#15442,#15448,#15449));
#15441 = ORIENTED_EDGE('',*,*,#9103,.T.);
#15442 = ORIENTED_EDGE('',*,*,#15443,.T.);
#15443 = EDGE_CURVE('',#9104,#11634,#15444,.T.);
#15444 = LINE('',#15445,#15446);
#15445 = CARTESIAN_POINT('',(115.2381,-112.05,-4.6E-02));
#15446 = VECTOR('',#15447,1.);
#15447 = DIRECTION('',(0.,0.,1.));
#15448 = ORIENTED_EDGE('',*,*,#11633,.F.);
#15449 = ORIENTED_EDGE('',*,*,#15443,.F.);
#15450 = CYLINDRICAL_SURFACE('',#15451,1.5);
#15451 = AXIS2_PLACEMENT_3D('',#15452,#15453,#15454);
#15452 = CARTESIAN_POINT('',(115.2381,-110.55,-4.6E-02));
#15453 = DIRECTION('',(-0.,-0.,-1.));
#15454 = DIRECTION('',(-0.,-1.,0.));
#15455 = ADVANCED_FACE('',(#15456),#15467,.F.);
#15456 = FACE_BOUND('',#15457,.T.);
#15457 = EDGE_LOOP('',(#15458,#15459,#15465,#15466));
#15458 = ORIENTED_EDGE('',*,*,#9114,.T.);
#15459 = ORIENTED_EDGE('',*,*,#15460,.T.);
#15460 = EDGE_CURVE('',#9115,#11645,#15461,.T.);
#15461 = LINE('',#15462,#15463);
#15462 = CARTESIAN_POINT('',(112.6381,-107.425,-4.6E-02));
#15463 = VECTOR('',#15464,1.);
#15464 = DIRECTION('',(0.,0.,1.));
#15465 = ORIENTED_EDGE('',*,*,#11644,.F.);
#15466 = ORIENTED_EDGE('',*,*,#15460,.F.);
#15467 = CYLINDRICAL_SURFACE('',#15468,2.625);
#15468 = AXIS2_PLACEMENT_3D('',#15469,#15470,#15471);
#15469 = CARTESIAN_POINT('',(112.6381,-104.8,-4.6E-02));
#15470 = DIRECTION('',(-0.,-0.,-1.));
#15471 = DIRECTION('',(-0.,-1.,0.));
#15472 = ADVANCED_FACE('',(#15473),#15484,.F.);
#15473 = FACE_BOUND('',#15474,.T.);
#15474 = EDGE_LOOP('',(#15475,#15476,#15482,#15483));
#15475 = ORIENTED_EDGE('',*,*,#9125,.T.);
#15476 = ORIENTED_EDGE('',*,*,#15477,.T.);
#15477 = EDGE_CURVE('',#9126,#11656,#15478,.T.);
#15478 = LINE('',#15479,#15480);
#15479 = CARTESIAN_POINT('',(131.6381,-109.725,-4.6E-02));
#15480 = VECTOR('',#15481,1.);
#15481 = DIRECTION('',(0.,0.,1.));
#15482 = ORIENTED_EDGE('',*,*,#11655,.F.);
#15483 = ORIENTED_EDGE('',*,*,#15477,.F.);
#15484 = CYLINDRICAL_SURFACE('',#15485,2.625);
#15485 = AXIS2_PLACEMENT_3D('',#15486,#15487,#15488);
#15486 = CARTESIAN_POINT('',(131.6381,-107.1,-4.6E-02));
#15487 = DIRECTION('',(-0.,-0.,-1.));
#15488 = DIRECTION('',(-0.,-1.,0.));
#15489 = ADVANCED_FACE('',(#15490),#15501,.F.);
#15490 = FACE_BOUND('',#15491,.T.);
#15491 = EDGE_LOOP('',(#15492,#15493,#15499,#15500));
#15492 = ORIENTED_EDGE('',*,*,#9136,.T.);
#15493 = ORIENTED_EDGE('',*,*,#15494,.T.);
#15494 = EDGE_CURVE('',#9137,#11667,#15495,.T.);
#15495 = LINE('',#15496,#15497);
#15496 = CARTESIAN_POINT('',(108.2381,-91.9,-4.6E-02));
#15497 = VECTOR('',#15498,1.);
#15498 = DIRECTION('',(0.,0.,1.));
#15499 = ORIENTED_EDGE('',*,*,#11666,.F.);
#15500 = ORIENTED_EDGE('',*,*,#15494,.F.);
#15501 = CYLINDRICAL_SURFACE('',#15502,1.5);
#15502 = AXIS2_PLACEMENT_3D('',#15503,#15504,#15505);
#15503 = CARTESIAN_POINT('',(108.2381,-90.4,-4.6E-02));
#15504 = DIRECTION('',(-0.,-0.,-1.));
#15505 = DIRECTION('',(-0.,-1.,0.));
#15506 = ADVANCED_FACE('',(#15507),#15518,.F.);
#15507 = FACE_BOUND('',#15508,.T.);
#15508 = EDGE_LOOP('',(#15509,#15510,#15516,#15517));
#15509 = ORIENTED_EDGE('',*,*,#9147,.T.);
#15510 = ORIENTED_EDGE('',*,*,#15511,.T.);
#15511 = EDGE_CURVE('',#9148,#11678,#15512,.T.);
#15512 = LINE('',#15513,#15514);
#15513 = CARTESIAN_POINT('',(115.2381,-92.95,-4.6E-02));
#15514 = VECTOR('',#15515,1.);
#15515 = DIRECTION('',(0.,0.,1.));
#15516 = ORIENTED_EDGE('',*,*,#11677,.F.);
#15517 = ORIENTED_EDGE('',*,*,#15511,.F.);
#15518 = CYLINDRICAL_SURFACE('',#15519,1.5);
#15519 = AXIS2_PLACEMENT_3D('',#15520,#15521,#15522);
#15520 = CARTESIAN_POINT('',(115.2381,-91.45,-4.6E-02));
#15521 = DIRECTION('',(-0.,-0.,-1.));
#15522 = DIRECTION('',(-0.,-1.,0.));
#15523 = ADVANCED_FACE('',(#15524),#15535,.F.);
#15524 = FACE_BOUND('',#15525,.T.);
#15525 = EDGE_LOOP('',(#15526,#15527,#15533,#15534));
#15526 = ORIENTED_EDGE('',*,*,#9158,.T.);
#15527 = ORIENTED_EDGE('',*,*,#15528,.T.);
#15528 = EDGE_CURVE('',#9159,#11689,#15529,.T.);
#15529 = LINE('',#15530,#15531);
#15530 = CARTESIAN_POINT('',(122.5381,-99.95,-4.6E-02));
#15531 = VECTOR('',#15532,1.);
#15532 = DIRECTION('',(0.,0.,1.));
#15533 = ORIENTED_EDGE('',*,*,#11688,.F.);
#15534 = ORIENTED_EDGE('',*,*,#15528,.F.);
#15535 = CYLINDRICAL_SURFACE('',#15536,2.35);
#15536 = AXIS2_PLACEMENT_3D('',#15537,#15538,#15539);
#15537 = CARTESIAN_POINT('',(122.5381,-97.6,-4.6E-02));
#15538 = DIRECTION('',(-0.,-0.,-1.));
#15539 = DIRECTION('',(-0.,-1.,0.));
#15540 = ADVANCED_FACE('',(#15541),#15552,.F.);
#15541 = FACE_BOUND('',#15542,.T.);
#15542 = EDGE_LOOP('',(#15543,#15544,#15550,#15551));
#15543 = ORIENTED_EDGE('',*,*,#9169,.T.);
#15544 = ORIENTED_EDGE('',*,*,#15545,.T.);
#15545 = EDGE_CURVE('',#9170,#11700,#15546,.T.);
#15546 = LINE('',#15547,#15548);
#15547 = CARTESIAN_POINT('',(127.2381,-94.3,-4.6E-02));
#15548 = VECTOR('',#15549,1.);
#15549 = DIRECTION('',(0.,0.,1.));
#15550 = ORIENTED_EDGE('',*,*,#11699,.F.);
#15551 = ORIENTED_EDGE('',*,*,#15545,.F.);
#15552 = CYLINDRICAL_SURFACE('',#15553,1.5);
#15553 = AXIS2_PLACEMENT_3D('',#15554,#15555,#15556);
#15554 = CARTESIAN_POINT('',(127.2381,-92.8,-4.6E-02));
#15555 = DIRECTION('',(-0.,-0.,-1.));
#15556 = DIRECTION('',(-0.,-1.,0.));
#15557 = ADVANCED_FACE('',(#15558),#15569,.F.);
#15558 = FACE_BOUND('',#15559,.T.);
#15559 = EDGE_LOOP('',(#15560,#15561,#15567,#15568));
#15560 = ORIENTED_EDGE('',*,*,#9180,.T.);
#15561 = ORIENTED_EDGE('',*,*,#15562,.T.);
#15562 = EDGE_CURVE('',#9181,#11711,#15563,.T.);
#15563 = LINE('',#15564,#15565);
#15564 = CARTESIAN_POINT('',(131.6381,-90.725,-4.6E-02));
#15565 = VECTOR('',#15566,1.);
#15566 = DIRECTION('',(0.,0.,1.));
#15567 = ORIENTED_EDGE('',*,*,#11710,.F.);
#15568 = ORIENTED_EDGE('',*,*,#15562,.F.);
#15569 = CYLINDRICAL_SURFACE('',#15570,2.625);
#15570 = AXIS2_PLACEMENT_3D('',#15571,#15572,#15573);
#15571 = CARTESIAN_POINT('',(131.6381,-88.1,-4.6E-02));
#15572 = DIRECTION('',(-0.,-0.,-1.));
#15573 = DIRECTION('',(-0.,-1.,0.));
#15574 = ADVANCED_FACE('',(#15575),#15586,.F.);
#15575 = FACE_BOUND('',#15576,.T.);
#15576 = EDGE_LOOP('',(#15577,#15578,#15584,#15585));
#15577 = ORIENTED_EDGE('',*,*,#9191,.T.);
#15578 = ORIENTED_EDGE('',*,*,#15579,.T.);
#15579 = EDGE_CURVE('',#9192,#11722,#15580,.T.);
#15580 = LINE('',#15581,#15582);
#15581 = CARTESIAN_POINT('',(146.3381,-103.7,-4.6E-02));
#15582 = VECTOR('',#15583,1.);
#15583 = DIRECTION('',(0.,0.,1.));
#15584 = ORIENTED_EDGE('',*,*,#11721,.F.);
#15585 = ORIENTED_EDGE('',*,*,#15579,.F.);
#15586 = CYLINDRICAL_SURFACE('',#15587,1.5);
#15587 = AXIS2_PLACEMENT_3D('',#15588,#15589,#15590);
#15588 = CARTESIAN_POINT('',(146.3381,-102.2,-4.6E-02));
#15589 = DIRECTION('',(-0.,-0.,-1.));
#15590 = DIRECTION('',(-0.,-1.,0.));
#15591 = ADVANCED_FACE('',(#15592),#15603,.F.);
#15592 = FACE_BOUND('',#15593,.T.);
#15593 = EDGE_LOOP('',(#15594,#15595,#15601,#15602));
#15594 = ORIENTED_EDGE('',*,*,#9202,.T.);
#15595 = ORIENTED_EDGE('',*,*,#15596,.T.);
#15596 = EDGE_CURVE('',#9203,#11733,#15597,.T.);
#15597 = LINE('',#15598,#15599);
#15598 = CARTESIAN_POINT('',(153.3381,-104.75,-4.6E-02));
#15599 = VECTOR('',#15600,1.);
#15600 = DIRECTION('',(0.,0.,1.));
#15601 = ORIENTED_EDGE('',*,*,#11732,.F.);
#15602 = ORIENTED_EDGE('',*,*,#15596,.F.);
#15603 = CYLINDRICAL_SURFACE('',#15604,1.5);
#15604 = AXIS2_PLACEMENT_3D('',#15605,#15606,#15607);
#15605 = CARTESIAN_POINT('',(153.3381,-103.25,-4.6E-02));
#15606 = DIRECTION('',(-0.,-0.,-1.));
#15607 = DIRECTION('',(-0.,-1.,0.));
#15608 = ADVANCED_FACE('',(#15609),#15620,.F.);
#15609 = FACE_BOUND('',#15610,.T.);
#15610 = EDGE_LOOP('',(#15611,#15612,#15618,#15619));
#15611 = ORIENTED_EDGE('',*,*,#9213,.T.);
#15612 = ORIENTED_EDGE('',*,*,#15613,.T.);
#15613 = EDGE_CURVE('',#9214,#11744,#15614,.T.);
#15614 = LINE('',#15615,#15616);
#15615 = CARTESIAN_POINT('',(134.2381,-95.35,-4.6E-02));
#15616 = VECTOR('',#15617,1.);
#15617 = DIRECTION('',(0.,0.,1.));
#15618 = ORIENTED_EDGE('',*,*,#11743,.F.);
#15619 = ORIENTED_EDGE('',*,*,#15613,.F.);
#15620 = CYLINDRICAL_SURFACE('',#15621,1.5);
#15621 = AXIS2_PLACEMENT_3D('',#15622,#15623,#15624);
#15622 = CARTESIAN_POINT('',(134.2381,-93.85,-4.6E-02));
#15623 = DIRECTION('',(-0.,-0.,-1.));
#15624 = DIRECTION('',(-0.,-1.,0.));
#15625 = ADVANCED_FACE('',(#15626),#15637,.F.);
#15626 = FACE_BOUND('',#15627,.T.);
#15627 = EDGE_LOOP('',(#15628,#15629,#15635,#15636));
#15628 = ORIENTED_EDGE('',*,*,#9224,.T.);
#15629 = ORIENTED_EDGE('',*,*,#15630,.T.);
#15630 = EDGE_CURVE('',#9225,#11755,#15631,.T.);
#15631 = LINE('',#15632,#15633);
#15632 = CARTESIAN_POINT('',(150.7381,-100.125,-4.6E-02));
#15633 = VECTOR('',#15634,1.);
#15634 = DIRECTION('',(0.,0.,1.));
#15635 = ORIENTED_EDGE('',*,*,#11754,.F.);
#15636 = ORIENTED_EDGE('',*,*,#15630,.F.);
#15637 = CYLINDRICAL_SURFACE('',#15638,2.625);
#15638 = AXIS2_PLACEMENT_3D('',#15639,#15640,#15641);
#15639 = CARTESIAN_POINT('',(150.7381,-97.5,-4.6E-02));
#15640 = DIRECTION('',(-0.,-0.,-1.));
#15641 = DIRECTION('',(-0.,-1.,0.));
#15642 = ADVANCED_FACE('',(#15643),#15654,.F.);
#15643 = FACE_BOUND('',#15644,.T.);
#15644 = EDGE_LOOP('',(#15645,#15646,#15652,#15653));
#15645 = ORIENTED_EDGE('',*,*,#9235,.T.);
#15646 = ORIENTED_EDGE('',*,*,#15647,.T.);
#15647 = EDGE_CURVE('',#9236,#11766,#15648,.T.);
#15648 = LINE('',#15649,#15650);
#15649 = CARTESIAN_POINT('',(32.0381,-79.,-4.6E-02));
#15650 = VECTOR('',#15651,1.);
#15651 = DIRECTION('',(0.,0.,1.));
#15652 = ORIENTED_EDGE('',*,*,#11765,.F.);
#15653 = ORIENTED_EDGE('',*,*,#15647,.F.);
#15654 = CYLINDRICAL_SURFACE('',#15655,1.5);
#15655 = AXIS2_PLACEMENT_3D('',#15656,#15657,#15658);
#15656 = CARTESIAN_POINT('',(32.0381,-77.5,-4.6E-02));
#15657 = DIRECTION('',(-0.,-0.,-1.));
#15658 = DIRECTION('',(-0.,-1.,0.));
#15659 = ADVANCED_FACE('',(#15660),#15671,.F.);
#15660 = FACE_BOUND('',#15661,.T.);
#15661 = EDGE_LOOP('',(#15662,#15663,#15669,#15670));
#15662 = ORIENTED_EDGE('',*,*,#9246,.T.);
#15663 = ORIENTED_EDGE('',*,*,#15664,.T.);
#15664 = EDGE_CURVE('',#9247,#11777,#15665,.T.);
#15665 = LINE('',#15666,#15667);
#15666 = CARTESIAN_POINT('',(39.0381,-80.05,-4.6E-02));
#15667 = VECTOR('',#15668,1.);
#15668 = DIRECTION('',(0.,0.,1.));
#15669 = ORIENTED_EDGE('',*,*,#11776,.F.);
#15670 = ORIENTED_EDGE('',*,*,#15664,.F.);
#15671 = CYLINDRICAL_SURFACE('',#15672,1.5);
#15672 = AXIS2_PLACEMENT_3D('',#15673,#15674,#15675);
#15673 = CARTESIAN_POINT('',(39.0381,-78.55,-4.6E-02));
#15674 = DIRECTION('',(-0.,-0.,-1.));
#15675 = DIRECTION('',(-0.,-1.,0.));
#15676 = ADVANCED_FACE('',(#15677),#15688,.F.);
#15677 = FACE_BOUND('',#15678,.T.);
#15678 = EDGE_LOOP('',(#15679,#15680,#15686,#15687));
#15679 = ORIENTED_EDGE('',*,*,#9257,.T.);
#15680 = ORIENTED_EDGE('',*,*,#15681,.T.);
#15681 = EDGE_CURVE('',#9258,#11788,#15682,.T.);
#15682 = LINE('',#15683,#15684);
#15683 = CARTESIAN_POINT('',(51.0381,-77.5,-4.6E-02));
#15684 = VECTOR('',#15685,1.);
#15685 = DIRECTION('',(0.,0.,1.));
#15686 = ORIENTED_EDGE('',*,*,#11787,.F.);
#15687 = ORIENTED_EDGE('',*,*,#15681,.F.);
#15688 = CYLINDRICAL_SURFACE('',#15689,1.5);
#15689 = AXIS2_PLACEMENT_3D('',#15690,#15691,#15692);
#15690 = CARTESIAN_POINT('',(51.0381,-76.,-4.6E-02));
#15691 = DIRECTION('',(-0.,-0.,-1.));
#15692 = DIRECTION('',(-0.,-1.,0.));
#15693 = ADVANCED_FACE('',(#15694),#15705,.F.);
#15694 = FACE_BOUND('',#15695,.T.);
#15695 = EDGE_LOOP('',(#15696,#15697,#15703,#15704));
#15696 = ORIENTED_EDGE('',*,*,#9268,.T.);
#15697 = ORIENTED_EDGE('',*,*,#15698,.T.);
#15698 = EDGE_CURVE('',#9269,#11799,#15699,.T.);
#15699 = LINE('',#15700,#15701);
#15700 = CARTESIAN_POINT('',(58.0381,-78.55,-4.6E-02));
#15701 = VECTOR('',#15702,1.);
#15702 = DIRECTION('',(0.,0.,1.));
#15703 = ORIENTED_EDGE('',*,*,#11798,.F.);
#15704 = ORIENTED_EDGE('',*,*,#15698,.F.);
#15705 = CYLINDRICAL_SURFACE('',#15706,1.5);
#15706 = AXIS2_PLACEMENT_3D('',#15707,#15708,#15709);
#15707 = CARTESIAN_POINT('',(58.0381,-77.05,-4.6E-02));
#15708 = DIRECTION('',(-0.,-0.,-1.));
#15709 = DIRECTION('',(-0.,-1.,0.));
#15710 = ADVANCED_FACE('',(#15711),#15722,.F.);
#15711 = FACE_BOUND('',#15712,.T.);
#15712 = EDGE_LOOP('',(#15713,#15714,#15720,#15721));
#15713 = ORIENTED_EDGE('',*,*,#9279,.T.);
#15714 = ORIENTED_EDGE('',*,*,#15715,.T.);
#15715 = EDGE_CURVE('',#9280,#11810,#15716,.T.);
#15716 = LINE('',#15717,#15718);
#15717 = CARTESIAN_POINT('',(36.4381,-75.425,-4.6E-02));
#15718 = VECTOR('',#15719,1.);
#15719 = DIRECTION('',(0.,0.,1.));
#15720 = ORIENTED_EDGE('',*,*,#11809,.F.);
#15721 = ORIENTED_EDGE('',*,*,#15715,.F.);
#15722 = CYLINDRICAL_SURFACE('',#15723,2.625);
#15723 = AXIS2_PLACEMENT_3D('',#15724,#15725,#15726);
#15724 = CARTESIAN_POINT('',(36.4381,-72.8,-4.6E-02));
#15725 = DIRECTION('',(-0.,-0.,-1.));
#15726 = DIRECTION('',(-0.,-1.,0.));
#15727 = ADVANCED_FACE('',(#15728),#15739,.F.);
#15728 = FACE_BOUND('',#15729,.T.);
#15729 = EDGE_LOOP('',(#15730,#15731,#15737,#15738));
#15730 = ORIENTED_EDGE('',*,*,#9290,.T.);
#15731 = ORIENTED_EDGE('',*,*,#15732,.T.);
#15732 = EDGE_CURVE('',#9291,#11821,#15733,.T.);
#15733 = LINE('',#15734,#15735);
#15734 = CARTESIAN_POINT('',(55.4381,-73.925,-4.6E-02));
#15735 = VECTOR('',#15736,1.);
#15736 = DIRECTION('',(0.,0.,1.));
#15737 = ORIENTED_EDGE('',*,*,#11820,.F.);
#15738 = ORIENTED_EDGE('',*,*,#15732,.F.);
#15739 = CYLINDRICAL_SURFACE('',#15740,2.625);
#15740 = AXIS2_PLACEMENT_3D('',#15741,#15742,#15743);
#15741 = CARTESIAN_POINT('',(55.4381,-71.3,-4.6E-02));
#15742 = DIRECTION('',(-0.,-0.,-1.));
#15743 = DIRECTION('',(-0.,-1.,0.));
#15744 = ADVANCED_FACE('',(#15745),#15756,.F.);
#15745 = FACE_BOUND('',#15746,.T.);
#15746 = EDGE_LOOP('',(#15747,#15748,#15754,#15755));
#15747 = ORIENTED_EDGE('',*,*,#9301,.T.);
#15748 = ORIENTED_EDGE('',*,*,#15749,.T.);
#15749 = EDGE_CURVE('',#9302,#11832,#15750,.T.);
#15750 = LINE('',#15751,#15752);
#15751 = CARTESIAN_POINT('',(74.5381,-88.325,-4.6E-02));
#15752 = VECTOR('',#15753,1.);
#15753 = DIRECTION('',(0.,0.,1.));
#15754 = ORIENTED_EDGE('',*,*,#11831,.F.);
#15755 = ORIENTED_EDGE('',*,*,#15749,.F.);
#15756 = CYLINDRICAL_SURFACE('',#15757,2.625);
#15757 = AXIS2_PLACEMENT_3D('',#15758,#15759,#15760);
#15758 = CARTESIAN_POINT('',(74.5381,-85.7,-4.6E-02));
#15759 = DIRECTION('',(-0.,-0.,-1.));
#15760 = DIRECTION('',(-0.,-1.,0.));
#15761 = ADVANCED_FACE('',(#15762),#15773,.F.);
#15762 = FACE_BOUND('',#15763,.T.);
#15763 = EDGE_LOOP('',(#15764,#15765,#15771,#15772));
#15764 = ORIENTED_EDGE('',*,*,#9312,.T.);
#15765 = ORIENTED_EDGE('',*,*,#15766,.T.);
#15766 = EDGE_CURVE('',#9313,#11843,#15767,.T.);
#15767 = LINE('',#15768,#15769);
#15768 = CARTESIAN_POINT('',(93.5381,-87.025,-4.6E-02));
#15769 = VECTOR('',#15770,1.);
#15770 = DIRECTION('',(0.,0.,1.));
#15771 = ORIENTED_EDGE('',*,*,#11842,.F.);
#15772 = ORIENTED_EDGE('',*,*,#15766,.F.);
#15773 = CYLINDRICAL_SURFACE('',#15774,2.625);
#15774 = AXIS2_PLACEMENT_3D('',#15775,#15776,#15777);
#15775 = CARTESIAN_POINT('',(93.5381,-84.4,-4.6E-02));
#15776 = DIRECTION('',(-0.,-0.,-1.));
#15777 = DIRECTION('',(-0.,-1.,0.));
#15778 = ADVANCED_FACE('',(#15779),#15790,.F.);
#15779 = FACE_BOUND('',#15780,.T.);
#15780 = EDGE_LOOP('',(#15781,#15782,#15788,#15789));
#15781 = ORIENTED_EDGE('',*,*,#9323,.T.);
#15782 = ORIENTED_EDGE('',*,*,#15783,.T.);
#15783 = EDGE_CURVE('',#9324,#11854,#15784,.T.);
#15784 = LINE('',#15785,#15786);
#15785 = CARTESIAN_POINT('',(70.1381,-72.8,-4.6E-02));
#15786 = VECTOR('',#15787,1.);
#15787 = DIRECTION('',(0.,0.,1.));
#15788 = ORIENTED_EDGE('',*,*,#11853,.F.);
#15789 = ORIENTED_EDGE('',*,*,#15783,.F.);
#15790 = CYLINDRICAL_SURFACE('',#15791,1.5);
#15791 = AXIS2_PLACEMENT_3D('',#15792,#15793,#15794);
#15792 = CARTESIAN_POINT('',(70.1381,-71.3,-4.6E-02));
#15793 = DIRECTION('',(-0.,-0.,-1.));
#15794 = DIRECTION('',(-0.,-1.,0.));
#15795 = ADVANCED_FACE('',(#15796),#15807,.F.);
#15796 = FACE_BOUND('',#15797,.T.);
#15797 = EDGE_LOOP('',(#15798,#15799,#15805,#15806));
#15798 = ORIENTED_EDGE('',*,*,#9334,.T.);
#15799 = ORIENTED_EDGE('',*,*,#15800,.T.);
#15800 = EDGE_CURVE('',#9335,#11865,#15801,.T.);
#15801 = LINE('',#15802,#15803);
#15802 = CARTESIAN_POINT('',(77.1381,-73.85,-4.6E-02));
#15803 = VECTOR('',#15804,1.);
#15804 = DIRECTION('',(0.,0.,1.));
#15805 = ORIENTED_EDGE('',*,*,#11864,.F.);
#15806 = ORIENTED_EDGE('',*,*,#15800,.F.);
#15807 = CYLINDRICAL_SURFACE('',#15808,1.5);
#15808 = AXIS2_PLACEMENT_3D('',#15809,#15810,#15811);
#15809 = CARTESIAN_POINT('',(77.1381,-72.35,-4.6E-02));
#15810 = DIRECTION('',(-0.,-0.,-1.));
#15811 = DIRECTION('',(-0.,-1.,0.));
#15812 = ADVANCED_FACE('',(#15813),#15824,.F.);
#15813 = FACE_BOUND('',#15814,.T.);
#15814 = EDGE_LOOP('',(#15815,#15816,#15822,#15823));
#15815 = ORIENTED_EDGE('',*,*,#9345,.T.);
#15816 = ORIENTED_EDGE('',*,*,#15817,.T.);
#15817 = EDGE_CURVE('',#9346,#11876,#15818,.T.);
#15818 = LINE('',#15819,#15820);
#15819 = CARTESIAN_POINT('',(74.5381,-69.225,-4.6E-02));
#15820 = VECTOR('',#15821,1.);
#15821 = DIRECTION('',(0.,0.,1.));
#15822 = ORIENTED_EDGE('',*,*,#11875,.F.);
#15823 = ORIENTED_EDGE('',*,*,#15817,.F.);
#15824 = CYLINDRICAL_SURFACE('',#15825,2.625);
#15825 = AXIS2_PLACEMENT_3D('',#15826,#15827,#15828);
#15826 = CARTESIAN_POINT('',(74.5381,-66.6,-4.6E-02));
#15827 = DIRECTION('',(-0.,-0.,-1.));
#15828 = DIRECTION('',(-0.,-1.,0.));
#15829 = ADVANCED_FACE('',(#15830),#15841,.F.);
#15830 = FACE_BOUND('',#15831,.T.);
#15831 = EDGE_LOOP('',(#15832,#15833,#15839,#15840));
#15832 = ORIENTED_EDGE('',*,*,#9356,.T.);
#15833 = ORIENTED_EDGE('',*,*,#15834,.T.);
#15834 = EDGE_CURVE('',#9357,#11887,#15835,.T.);
#15835 = LINE('',#15836,#15837);
#15836 = CARTESIAN_POINT('',(89.1381,-71.5,-4.6E-02));
#15837 = VECTOR('',#15838,1.);
#15838 = DIRECTION('',(0.,0.,1.));
#15839 = ORIENTED_EDGE('',*,*,#11886,.F.);
#15840 = ORIENTED_EDGE('',*,*,#15834,.F.);
#15841 = CYLINDRICAL_SURFACE('',#15842,1.5);
#15842 = AXIS2_PLACEMENT_3D('',#15843,#15844,#15845);
#15843 = CARTESIAN_POINT('',(89.1381,-70.,-4.6E-02));
#15844 = DIRECTION('',(-0.,-0.,-1.));
#15845 = DIRECTION('',(-0.,-1.,0.));
#15846 = ADVANCED_FACE('',(#15847),#15858,.F.);
#15847 = FACE_BOUND('',#15848,.T.);
#15848 = EDGE_LOOP('',(#15849,#15850,#15856,#15857));
#15849 = ORIENTED_EDGE('',*,*,#9367,.T.);
#15850 = ORIENTED_EDGE('',*,*,#15851,.T.);
#15851 = EDGE_CURVE('',#9368,#11898,#15852,.T.);
#15852 = LINE('',#15853,#15854);
#15853 = CARTESIAN_POINT('',(96.1381,-72.55,-4.6E-02));
#15854 = VECTOR('',#15855,1.);
#15855 = DIRECTION('',(0.,0.,1.));
#15856 = ORIENTED_EDGE('',*,*,#11897,.F.);
#15857 = ORIENTED_EDGE('',*,*,#15851,.F.);
#15858 = CYLINDRICAL_SURFACE('',#15859,1.5);
#15859 = AXIS2_PLACEMENT_3D('',#15860,#15861,#15862);
#15860 = CARTESIAN_POINT('',(96.1381,-71.05,-4.6E-02));
#15861 = DIRECTION('',(-0.,-0.,-1.));
#15862 = DIRECTION('',(-0.,-1.,0.));
#15863 = ADVANCED_FACE('',(#15864),#15875,.F.);
#15864 = FACE_BOUND('',#15865,.T.);
#15865 = EDGE_LOOP('',(#15866,#15867,#15873,#15874));
#15866 = ORIENTED_EDGE('',*,*,#9378,.T.);
#15867 = ORIENTED_EDGE('',*,*,#15868,.T.);
#15868 = EDGE_CURVE('',#9379,#11909,#15869,.T.);
#15869 = LINE('',#15870,#15871);
#15870 = CARTESIAN_POINT('',(93.5381,-67.925,-4.6E-02));
#15871 = VECTOR('',#15872,1.);
#15872 = DIRECTION('',(0.,0.,1.));
#15873 = ORIENTED_EDGE('',*,*,#11908,.F.);
#15874 = ORIENTED_EDGE('',*,*,#15868,.F.);
#15875 = CYLINDRICAL_SURFACE('',#15876,2.625);
#15876 = AXIS2_PLACEMENT_3D('',#15877,#15878,#15879);
#15877 = CARTESIAN_POINT('',(93.5381,-65.3,-4.6E-02));
#15878 = DIRECTION('',(-0.,-0.,-1.));
#15879 = DIRECTION('',(-0.,-1.,0.));
#15880 = ADVANCED_FACE('',(#15881),#15892,.F.);
#15881 = FACE_BOUND('',#15882,.T.);
#15882 = EDGE_LOOP('',(#15883,#15884,#15890,#15891));
#15883 = ORIENTED_EDGE('',*,*,#9389,.T.);
#15884 = ORIENTED_EDGE('',*,*,#15885,.T.);
#15885 = EDGE_CURVE('',#9390,#11920,#15886,.T.);
#15886 = LINE('',#15887,#15888);
#15887 = CARTESIAN_POINT('',(39.0381,-61.15,-4.6E-02));
#15888 = VECTOR('',#15889,1.);
#15889 = DIRECTION('',(0.,0.,1.));
#15890 = ORIENTED_EDGE('',*,*,#11919,.F.);
#15891 = ORIENTED_EDGE('',*,*,#15885,.F.);
#15892 = CYLINDRICAL_SURFACE('',#15893,1.5);
#15893 = AXIS2_PLACEMENT_3D('',#15894,#15895,#15896);
#15894 = CARTESIAN_POINT('',(39.0381,-59.65,-4.6E-02));
#15895 = DIRECTION('',(-0.,-0.,-1.));
#15896 = DIRECTION('',(-0.,-1.,0.));
#15897 = ADVANCED_FACE('',(#15898),#15909,.F.);
#15898 = FACE_BOUND('',#15899,.T.);
#15899 = EDGE_LOOP('',(#15900,#15901,#15907,#15908));
#15900 = ORIENTED_EDGE('',*,*,#9400,.T.);
#15901 = ORIENTED_EDGE('',*,*,#15902,.T.);
#15902 = EDGE_CURVE('',#9401,#11931,#15903,.T.);
#15903 = LINE('',#15904,#15905);
#15904 = CARTESIAN_POINT('',(32.0381,-60.1,-4.6E-02));
#15905 = VECTOR('',#15906,1.);
#15906 = DIRECTION('',(0.,0.,1.));
#15907 = ORIENTED_EDGE('',*,*,#11930,.F.);
#15908 = ORIENTED_EDGE('',*,*,#15902,.F.);
#15909 = CYLINDRICAL_SURFACE('',#15910,1.5);
#15910 = AXIS2_PLACEMENT_3D('',#15911,#15912,#15913);
#15911 = CARTESIAN_POINT('',(32.0381,-58.6,-4.6E-02));
#15912 = DIRECTION('',(-0.,-0.,-1.));
#15913 = DIRECTION('',(-0.,-1.,0.));
#15914 = ADVANCED_FACE('',(#15915),#15926,.F.);
#15915 = FACE_BOUND('',#15916,.T.);
#15916 = EDGE_LOOP('',(#15917,#15918,#15924,#15925));
#15917 = ORIENTED_EDGE('',*,*,#9411,.T.);
#15918 = ORIENTED_EDGE('',*,*,#15919,.T.);
#15919 = EDGE_CURVE('',#9412,#11942,#15920,.T.);
#15920 = LINE('',#15921,#15922);
#15921 = CARTESIAN_POINT('',(46.3381,-64.15,-4.6E-02));
#15922 = VECTOR('',#15923,1.);
#15923 = DIRECTION('',(0.,0.,1.));
#15924 = ORIENTED_EDGE('',*,*,#11941,.F.);
#15925 = ORIENTED_EDGE('',*,*,#15919,.F.);
#15926 = CYLINDRICAL_SURFACE('',#15927,2.35);
#15927 = AXIS2_PLACEMENT_3D('',#15928,#15929,#15930);
#15928 = CARTESIAN_POINT('',(46.3381,-61.8,-4.6E-02));
#15929 = DIRECTION('',(-0.,-0.,-1.));
#15930 = DIRECTION('',(-0.,-1.,0.));
#15931 = ADVANCED_FACE('',(#15932),#15943,.F.);
#15932 = FACE_BOUND('',#15933,.T.);
#15933 = EDGE_LOOP('',(#15934,#15935,#15941,#15942));
#15934 = ORIENTED_EDGE('',*,*,#9422,.T.);
#15935 = ORIENTED_EDGE('',*,*,#15936,.T.);
#15936 = EDGE_CURVE('',#9423,#11953,#15937,.T.);
#15937 = LINE('',#15938,#15939);
#15938 = CARTESIAN_POINT('',(36.4381,-56.525,-4.6E-02));
#15939 = VECTOR('',#15940,1.);
#15940 = DIRECTION('',(0.,0.,1.));
#15941 = ORIENTED_EDGE('',*,*,#11952,.F.);
#15942 = ORIENTED_EDGE('',*,*,#15936,.F.);
#15943 = CYLINDRICAL_SURFACE('',#15944,2.625);
#15944 = AXIS2_PLACEMENT_3D('',#15945,#15946,#15947);
#15945 = CARTESIAN_POINT('',(36.4381,-53.9,-4.6E-02));
#15946 = DIRECTION('',(-0.,-0.,-1.));
#15947 = DIRECTION('',(-0.,-1.,0.));
#15948 = ADVANCED_FACE('',(#15949),#15960,.F.);
#15949 = FACE_BOUND('',#15950,.T.);
#15950 = EDGE_LOOP('',(#15951,#15952,#15958,#15959));
#15951 = ORIENTED_EDGE('',*,*,#9433,.T.);
#15952 = ORIENTED_EDGE('',*,*,#15953,.T.);
#15953 = EDGE_CURVE('',#9434,#11964,#15954,.T.);
#15954 = LINE('',#15955,#15956);
#15955 = CARTESIAN_POINT('',(51.0381,-58.6,-4.6E-02));
#15956 = VECTOR('',#15957,1.);
#15957 = DIRECTION('',(0.,0.,1.));
#15958 = ORIENTED_EDGE('',*,*,#11963,.F.);
#15959 = ORIENTED_EDGE('',*,*,#15953,.F.);
#15960 = CYLINDRICAL_SURFACE('',#15961,1.5);
#15961 = AXIS2_PLACEMENT_3D('',#15962,#15963,#15964);
#15962 = CARTESIAN_POINT('',(51.0381,-57.1,-4.6E-02));
#15963 = DIRECTION('',(-0.,-0.,-1.));
#15964 = DIRECTION('',(-0.,-1.,0.));
#15965 = ADVANCED_FACE('',(#15966),#15977,.F.);
#15966 = FACE_BOUND('',#15967,.T.);
#15967 = EDGE_LOOP('',(#15968,#15969,#15975,#15976));
#15968 = ORIENTED_EDGE('',*,*,#9444,.T.);
#15969 = ORIENTED_EDGE('',*,*,#15970,.T.);
#15970 = EDGE_CURVE('',#9445,#11975,#15971,.T.);
#15971 = LINE('',#15972,#15973);
#15972 = CARTESIAN_POINT('',(58.0381,-59.65,-4.6E-02));
#15973 = VECTOR('',#15974,1.);
#15974 = DIRECTION('',(0.,0.,1.));
#15975 = ORIENTED_EDGE('',*,*,#11974,.F.);
#15976 = ORIENTED_EDGE('',*,*,#15970,.F.);
#15977 = CYLINDRICAL_SURFACE('',#15978,1.5);
#15978 = AXIS2_PLACEMENT_3D('',#15979,#15980,#15981);
#15979 = CARTESIAN_POINT('',(58.0381,-58.15,-4.6E-02));
#15980 = DIRECTION('',(-0.,-0.,-1.));
#15981 = DIRECTION('',(-0.,-1.,0.));
#15982 = ADVANCED_FACE('',(#15983),#15994,.F.);
#15983 = FACE_BOUND('',#15984,.T.);
#15984 = EDGE_LOOP('',(#15985,#15986,#15992,#15993));
#15985 = ORIENTED_EDGE('',*,*,#9455,.T.);
#15986 = ORIENTED_EDGE('',*,*,#15987,.T.);
#15987 = EDGE_CURVE('',#9456,#11986,#15988,.T.);
#15988 = LINE('',#15989,#15990);
#15989 = CARTESIAN_POINT('',(55.4381,-55.025,-4.6E-02));
#15990 = VECTOR('',#15991,1.);
#15991 = DIRECTION('',(0.,0.,1.));
#15992 = ORIENTED_EDGE('',*,*,#11985,.F.);
#15993 = ORIENTED_EDGE('',*,*,#15987,.F.);
#15994 = CYLINDRICAL_SURFACE('',#15995,2.625);
#15995 = AXIS2_PLACEMENT_3D('',#15996,#15997,#15998);
#15996 = CARTESIAN_POINT('',(55.4381,-52.4,-4.6E-02));
#15997 = DIRECTION('',(-0.,-0.,-1.));
#15998 = DIRECTION('',(-0.,-1.,0.));
#15999 = ADVANCED_FACE('',(#16000),#16011,.F.);
#16000 = FACE_BOUND('',#16001,.T.);
#16001 = EDGE_LOOP('',(#16002,#16003,#16009,#16010));
#16002 = ORIENTED_EDGE('',*,*,#9466,.T.);
#16003 = ORIENTED_EDGE('',*,*,#16004,.T.);
#16004 = EDGE_CURVE('',#9467,#11997,#16005,.T.);
#16005 = LINE('',#16006,#16007);
#16006 = CARTESIAN_POINT('',(70.1381,-53.8,-4.6E-02));
#16007 = VECTOR('',#16008,1.);
#16008 = DIRECTION('',(0.,0.,1.));
#16009 = ORIENTED_EDGE('',*,*,#11996,.F.);
#16010 = ORIENTED_EDGE('',*,*,#16004,.F.);
#16011 = CYLINDRICAL_SURFACE('',#16012,1.5);
#16012 = AXIS2_PLACEMENT_3D('',#16013,#16014,#16015);
#16013 = CARTESIAN_POINT('',(70.1381,-52.3,-4.6E-02));
#16014 = DIRECTION('',(-0.,-0.,-1.));
#16015 = DIRECTION('',(-0.,-1.,0.));
#16016 = ADVANCED_FACE('',(#16017),#16028,.F.);
#16017 = FACE_BOUND('',#16018,.T.);
#16018 = EDGE_LOOP('',(#16019,#16020,#16026,#16027));
#16019 = ORIENTED_EDGE('',*,*,#9477,.T.);
#16020 = ORIENTED_EDGE('',*,*,#16021,.T.);
#16021 = EDGE_CURVE('',#9478,#12008,#16022,.T.);
#16022 = LINE('',#16023,#16024);
#16023 = CARTESIAN_POINT('',(77.1381,-54.85,-4.6E-02));
#16024 = VECTOR('',#16025,1.);
#16025 = DIRECTION('',(0.,0.,1.));
#16026 = ORIENTED_EDGE('',*,*,#12007,.F.);
#16027 = ORIENTED_EDGE('',*,*,#16021,.F.);
#16028 = CYLINDRICAL_SURFACE('',#16029,1.5);
#16029 = AXIS2_PLACEMENT_3D('',#16030,#16031,#16032);
#16030 = CARTESIAN_POINT('',(77.1381,-53.35,-4.6E-02));
#16031 = DIRECTION('',(-0.,-0.,-1.));
#16032 = DIRECTION('',(-0.,-1.,0.));
#16033 = ADVANCED_FACE('',(#16034),#16045,.F.);
#16034 = FACE_BOUND('',#16035,.T.);
#16035 = EDGE_LOOP('',(#16036,#16037,#16043,#16044));
#16036 = ORIENTED_EDGE('',*,*,#9488,.T.);
#16037 = ORIENTED_EDGE('',*,*,#16038,.T.);
#16038 = EDGE_CURVE('',#9489,#12019,#16039,.T.);
#16039 = LINE('',#16040,#16041);
#16040 = CARTESIAN_POINT('',(89.1381,-52.41,-4.6E-02));
#16041 = VECTOR('',#16042,1.);
#16042 = DIRECTION('',(0.,0.,1.));
#16043 = ORIENTED_EDGE('',*,*,#12018,.F.);
#16044 = ORIENTED_EDGE('',*,*,#16038,.F.);
#16045 = CYLINDRICAL_SURFACE('',#16046,1.5);
#16046 = AXIS2_PLACEMENT_3D('',#16047,#16048,#16049);
#16047 = CARTESIAN_POINT('',(89.1381,-50.91,-4.6E-02));
#16048 = DIRECTION('',(-0.,-0.,-1.));
#16049 = DIRECTION('',(-0.,-1.,0.));
#16050 = ADVANCED_FACE('',(#16051),#16062,.F.);
#16051 = FACE_BOUND('',#16052,.T.);
#16052 = EDGE_LOOP('',(#16053,#16054,#16060,#16061));
#16053 = ORIENTED_EDGE('',*,*,#9499,.T.);
#16054 = ORIENTED_EDGE('',*,*,#16055,.T.);
#16055 = EDGE_CURVE('',#9500,#12030,#16056,.T.);
#16056 = LINE('',#16057,#16058);
#16057 = CARTESIAN_POINT('',(96.1381,-53.46,-4.6E-02));
#16058 = VECTOR('',#16059,1.);
#16059 = DIRECTION('',(0.,0.,1.));
#16060 = ORIENTED_EDGE('',*,*,#12029,.F.);
#16061 = ORIENTED_EDGE('',*,*,#16055,.F.);
#16062 = CYLINDRICAL_SURFACE('',#16063,1.5);
#16063 = AXIS2_PLACEMENT_3D('',#16064,#16065,#16066);
#16064 = CARTESIAN_POINT('',(96.1381,-51.96,-4.6E-02));
#16065 = DIRECTION('',(-0.,-0.,-1.));
#16066 = DIRECTION('',(-0.,-1.,0.));
#16067 = ADVANCED_FACE('',(#16068),#16079,.F.);
#16068 = FACE_BOUND('',#16069,.T.);
#16069 = EDGE_LOOP('',(#16070,#16071,#16077,#16078));
#16070 = ORIENTED_EDGE('',*,*,#9510,.T.);
#16071 = ORIENTED_EDGE('',*,*,#16072,.T.);
#16072 = EDGE_CURVE('',#9511,#12041,#16073,.T.);
#16073 = LINE('',#16074,#16075);
#16074 = CARTESIAN_POINT('',(74.5381,-50.225,-4.6E-02));
#16075 = VECTOR('',#16076,1.);
#16076 = DIRECTION('',(0.,0.,1.));
#16077 = ORIENTED_EDGE('',*,*,#12040,.F.);
#16078 = ORIENTED_EDGE('',*,*,#16072,.F.);
#16079 = CYLINDRICAL_SURFACE('',#16080,2.625);
#16080 = AXIS2_PLACEMENT_3D('',#16081,#16082,#16083);
#16081 = CARTESIAN_POINT('',(74.5381,-47.6,-4.6E-02));
#16082 = DIRECTION('',(-0.,-0.,-1.));
#16083 = DIRECTION('',(-0.,-1.,0.));
#16084 = ADVANCED_FACE('',(#16085),#16096,.F.);
#16085 = FACE_BOUND('',#16086,.T.);
#16086 = EDGE_LOOP('',(#16087,#16088,#16094,#16095));
#16087 = ORIENTED_EDGE('',*,*,#9521,.T.);
#16088 = ORIENTED_EDGE('',*,*,#16089,.T.);
#16089 = EDGE_CURVE('',#9522,#12052,#16090,.T.);
#16090 = LINE('',#16091,#16092);
#16091 = CARTESIAN_POINT('',(93.5381,-48.835,-4.6E-02));
#16092 = VECTOR('',#16093,1.);
#16093 = DIRECTION('',(0.,0.,1.));
#16094 = ORIENTED_EDGE('',*,*,#12051,.F.);
#16095 = ORIENTED_EDGE('',*,*,#16089,.F.);
#16096 = CYLINDRICAL_SURFACE('',#16097,2.625);
#16097 = AXIS2_PLACEMENT_3D('',#16098,#16099,#16100);
#16098 = CARTESIAN_POINT('',(93.5381,-46.21,-4.6E-02));
#16099 = DIRECTION('',(-0.,-0.,-1.));
#16100 = DIRECTION('',(-0.,-1.,0.));
#16101 = ADVANCED_FACE('',(#16102),#16113,.F.);
#16102 = FACE_BOUND('',#16103,.T.);
#16103 = EDGE_LOOP('',(#16104,#16105,#16111,#16112));
#16104 = ORIENTED_EDGE('',*,*,#9532,.T.);
#16105 = ORIENTED_EDGE('',*,*,#16106,.T.);
#16106 = EDGE_CURVE('',#9533,#12063,#16107,.T.);
#16107 = LINE('',#16108,#16109);
#16108 = CARTESIAN_POINT('',(112.6381,-88.325,-4.6E-02));
#16109 = VECTOR('',#16110,1.);
#16110 = DIRECTION('',(0.,0.,1.));
#16111 = ORIENTED_EDGE('',*,*,#12062,.F.);
#16112 = ORIENTED_EDGE('',*,*,#16106,.F.);
#16113 = CYLINDRICAL_SURFACE('',#16114,2.625);
#16114 = AXIS2_PLACEMENT_3D('',#16115,#16116,#16117);
#16115 = CARTESIAN_POINT('',(112.6381,-85.7,-4.6E-02));
#16116 = DIRECTION('',(-0.,-0.,-1.));
#16117 = DIRECTION('',(-0.,-1.,0.));
#16118 = ADVANCED_FACE('',(#16119),#16130,.F.);
#16119 = FACE_BOUND('',#16120,.T.);
#16120 = EDGE_LOOP('',(#16121,#16122,#16128,#16129));
#16121 = ORIENTED_EDGE('',*,*,#9543,.T.);
#16122 = ORIENTED_EDGE('',*,*,#16123,.T.);
#16123 = EDGE_CURVE('',#9544,#12074,#16124,.T.);
#16124 = LINE('',#16125,#16126);
#16125 = CARTESIAN_POINT('',(115.2381,-73.95,-4.6E-02));
#16126 = VECTOR('',#16127,1.);
#16127 = DIRECTION('',(0.,0.,1.));
#16128 = ORIENTED_EDGE('',*,*,#12073,.F.);
#16129 = ORIENTED_EDGE('',*,*,#16123,.F.);
#16130 = CYLINDRICAL_SURFACE('',#16131,1.5);
#16131 = AXIS2_PLACEMENT_3D('',#16132,#16133,#16134);
#16132 = CARTESIAN_POINT('',(115.2381,-72.45,-4.6E-02));
#16133 = DIRECTION('',(-0.,-0.,-1.));
#16134 = DIRECTION('',(-0.,-1.,0.));
#16135 = ADVANCED_FACE('',(#16136),#16147,.F.);
#16136 = FACE_BOUND('',#16137,.T.);
#16137 = EDGE_LOOP('',(#16138,#16139,#16145,#16146));
#16138 = ORIENTED_EDGE('',*,*,#9554,.T.);
#16139 = ORIENTED_EDGE('',*,*,#16140,.T.);
#16140 = EDGE_CURVE('',#9555,#12085,#16141,.T.);
#16141 = LINE('',#16142,#16143);
#16142 = CARTESIAN_POINT('',(108.2381,-72.9,-4.6E-02));
#16143 = VECTOR('',#16144,1.);
#16144 = DIRECTION('',(0.,0.,1.));
#16145 = ORIENTED_EDGE('',*,*,#12084,.F.);
#16146 = ORIENTED_EDGE('',*,*,#16140,.F.);
#16147 = CYLINDRICAL_SURFACE('',#16148,1.5);
#16148 = AXIS2_PLACEMENT_3D('',#16149,#16150,#16151);
#16149 = CARTESIAN_POINT('',(108.2381,-71.4,-4.6E-02));
#16150 = DIRECTION('',(-0.,-0.,-1.));
#16151 = DIRECTION('',(-0.,-1.,0.));
#16152 = ADVANCED_FACE('',(#16153),#16164,.F.);
#16153 = FACE_BOUND('',#16154,.T.);
#16154 = EDGE_LOOP('',(#16155,#16156,#16162,#16163));
#16155 = ORIENTED_EDGE('',*,*,#9565,.T.);
#16156 = ORIENTED_EDGE('',*,*,#16157,.T.);
#16157 = EDGE_CURVE('',#9566,#12096,#16158,.T.);
#16158 = LINE('',#16159,#16160);
#16159 = CARTESIAN_POINT('',(112.6381,-69.325,-4.6E-02));
#16160 = VECTOR('',#16161,1.);
#16161 = DIRECTION('',(0.,0.,1.));
#16162 = ORIENTED_EDGE('',*,*,#12095,.F.);
#16163 = ORIENTED_EDGE('',*,*,#16157,.F.);
#16164 = CYLINDRICAL_SURFACE('',#16165,2.625);
#16165 = AXIS2_PLACEMENT_3D('',#16166,#16167,#16168);
#16166 = CARTESIAN_POINT('',(112.6381,-66.7,-4.6E-02));
#16167 = DIRECTION('',(-0.,-0.,-1.));
#16168 = DIRECTION('',(-0.,-1.,0.));
#16169 = ADVANCED_FACE('',(#16170),#16181,.F.);
#16170 = FACE_BOUND('',#16171,.T.);
#16171 = EDGE_LOOP('',(#16172,#16173,#16179,#16180));
#16172 = ORIENTED_EDGE('',*,*,#9576,.T.);
#16173 = ORIENTED_EDGE('',*,*,#16174,.T.);
#16174 = EDGE_CURVE('',#9577,#12107,#16175,.T.);
#16175 = LINE('',#16176,#16177);
#16176 = CARTESIAN_POINT('',(127.2381,-75.3,-4.6E-02));
#16177 = VECTOR('',#16178,1.);
#16178 = DIRECTION('',(0.,0.,1.));
#16179 = ORIENTED_EDGE('',*,*,#12106,.F.);
#16180 = ORIENTED_EDGE('',*,*,#16174,.F.);
#16181 = CYLINDRICAL_SURFACE('',#16182,1.5);
#16182 = AXIS2_PLACEMENT_3D('',#16183,#16184,#16185);
#16183 = CARTESIAN_POINT('',(127.2381,-73.8,-4.6E-02));
#16184 = DIRECTION('',(-0.,-0.,-1.));
#16185 = DIRECTION('',(-0.,-1.,0.));
#16186 = ADVANCED_FACE('',(#16187),#16198,.F.);
#16187 = FACE_BOUND('',#16188,.T.);
#16188 = EDGE_LOOP('',(#16189,#16190,#16196,#16197));
#16189 = ORIENTED_EDGE('',*,*,#9587,.T.);
#16190 = ORIENTED_EDGE('',*,*,#16191,.T.);
#16191 = EDGE_CURVE('',#9588,#12118,#16192,.T.);
#16192 = LINE('',#16193,#16194);
#16193 = CARTESIAN_POINT('',(131.6381,-71.725,-4.6E-02));
#16194 = VECTOR('',#16195,1.);
#16195 = DIRECTION('',(0.,0.,1.));
#16196 = ORIENTED_EDGE('',*,*,#12117,.F.);
#16197 = ORIENTED_EDGE('',*,*,#16191,.F.);
#16198 = CYLINDRICAL_SURFACE('',#16199,2.625);
#16199 = AXIS2_PLACEMENT_3D('',#16200,#16201,#16202);
#16200 = CARTESIAN_POINT('',(131.6381,-69.1,-4.6E-02));
#16201 = DIRECTION('',(-0.,-0.,-1.));
#16202 = DIRECTION('',(-0.,-1.,0.));
#16203 = ADVANCED_FACE('',(#16204),#16215,.F.);
#16204 = FACE_BOUND('',#16205,.T.);
#16205 = EDGE_LOOP('',(#16206,#16207,#16213,#16214));
#16206 = ORIENTED_EDGE('',*,*,#9598,.T.);
#16207 = ORIENTED_EDGE('',*,*,#16208,.T.);
#16208 = EDGE_CURVE('',#9599,#12129,#16209,.T.);
#16209 = LINE('',#16210,#16211);
#16210 = CARTESIAN_POINT('',(144.1381,-86.2,-4.6E-02));
#16211 = VECTOR('',#16212,1.);
#16212 = DIRECTION('',(0.,0.,1.));
#16213 = ORIENTED_EDGE('',*,*,#12128,.F.);
#16214 = ORIENTED_EDGE('',*,*,#16208,.F.);
#16215 = CYLINDRICAL_SURFACE('',#16216,1.2);
#16216 = AXIS2_PLACEMENT_3D('',#16217,#16218,#16219);
#16217 = CARTESIAN_POINT('',(144.1381,-85.,-4.6E-02));
#16218 = DIRECTION('',(-0.,-0.,-1.));
#16219 = DIRECTION('',(-0.,-1.,0.));
#16220 = ADVANCED_FACE('',(#16221),#16232,.F.);
#16221 = FACE_BOUND('',#16222,.T.);
#16222 = EDGE_LOOP('',(#16223,#16224,#16230,#16231));
#16223 = ORIENTED_EDGE('',*,*,#9609,.T.);
#16224 = ORIENTED_EDGE('',*,*,#16225,.T.);
#16225 = EDGE_CURVE('',#9610,#12140,#16226,.T.);
#16226 = LINE('',#16227,#16228);
#16227 = CARTESIAN_POINT('',(134.2381,-76.35,-4.6E-02));
#16228 = VECTOR('',#16229,1.);
#16229 = DIRECTION('',(0.,0.,1.));
#16230 = ORIENTED_EDGE('',*,*,#12139,.F.);
#16231 = ORIENTED_EDGE('',*,*,#16225,.F.);
#16232 = CYLINDRICAL_SURFACE('',#16233,1.5);
#16233 = AXIS2_PLACEMENT_3D('',#16234,#16235,#16236);
#16234 = CARTESIAN_POINT('',(134.2381,-74.85,-4.6E-02));
#16235 = DIRECTION('',(-0.,-0.,-1.));
#16236 = DIRECTION('',(-0.,-1.,0.));
#16237 = ADVANCED_FACE('',(#16238),#16249,.F.);
#16238 = FACE_BOUND('',#16239,.T.);
#16239 = EDGE_LOOP('',(#16240,#16241,#16247,#16248));
#16240 = ORIENTED_EDGE('',*,*,#9620,.T.);
#16241 = ORIENTED_EDGE('',*,*,#16242,.T.);
#16242 = EDGE_CURVE('',#9621,#12151,#16243,.T.);
#16243 = LINE('',#16244,#16245);
#16244 = CARTESIAN_POINT('',(146.0581,-75.0064,-4.6E-02));
#16245 = VECTOR('',#16246,1.);
#16246 = DIRECTION('',(0.,0.,1.));
#16247 = ORIENTED_EDGE('',*,*,#12150,.F.);
#16248 = ORIENTED_EDGE('',*,*,#16242,.F.);
#16249 = CYLINDRICAL_SURFACE('',#16250,0.4064);
#16250 = AXIS2_PLACEMENT_3D('',#16251,#16252,#16253);
#16251 = CARTESIAN_POINT('',(146.0581,-74.6,-4.6E-02));
#16252 = DIRECTION('',(-0.,-0.,-1.));
#16253 = DIRECTION('',(-0.,-1.,0.));
#16254 = ADVANCED_FACE('',(#16255),#16266,.F.);
#16255 = FACE_BOUND('',#16256,.T.);
#16256 = EDGE_LOOP('',(#16257,#16258,#16264,#16265));
#16257 = ORIENTED_EDGE('',*,*,#9631,.T.);
#16258 = ORIENTED_EDGE('',*,*,#16259,.T.);
#16259 = EDGE_CURVE('',#9632,#12162,#16260,.T.);
#16260 = LINE('',#16261,#16262);
#16261 = CARTESIAN_POINT('',(148.5981,-75.0064,-4.6E-02));
#16262 = VECTOR('',#16263,1.);
#16263 = DIRECTION('',(0.,0.,1.));
#16264 = ORIENTED_EDGE('',*,*,#12161,.F.);
#16265 = ORIENTED_EDGE('',*,*,#16259,.F.);
#16266 = CYLINDRICAL_SURFACE('',#16267,0.4064);
#16267 = AXIS2_PLACEMENT_3D('',#16268,#16269,#16270);
#16268 = CARTESIAN_POINT('',(148.5981,-74.6,-4.6E-02));
#16269 = DIRECTION('',(-0.,-0.,-1.));
#16270 = DIRECTION('',(-0.,-1.,0.));
#16271 = ADVANCED_FACE('',(#16272),#16283,.F.);
#16272 = FACE_BOUND('',#16273,.T.);
#16273 = EDGE_LOOP('',(#16274,#16275,#16281,#16282));
#16274 = ORIENTED_EDGE('',*,*,#9642,.T.);
#16275 = ORIENTED_EDGE('',*,*,#16276,.T.);
#16276 = EDGE_CURVE('',#9643,#12173,#16277,.T.);
#16277 = LINE('',#16278,#16279);
#16278 = CARTESIAN_POINT('',(166.1381,-86.2,-4.6E-02));
#16279 = VECTOR('',#16280,1.);
#16280 = DIRECTION('',(0.,0.,1.));
#16281 = ORIENTED_EDGE('',*,*,#12172,.F.);
#16282 = ORIENTED_EDGE('',*,*,#16276,.F.);
#16283 = CYLINDRICAL_SURFACE('',#16284,1.2);
#16284 = AXIS2_PLACEMENT_3D('',#16285,#16286,#16287);
#16285 = CARTESIAN_POINT('',(166.1381,-85.,-4.6E-02));
#16286 = DIRECTION('',(-0.,-0.,-1.));
#16287 = DIRECTION('',(-0.,-1.,0.));
#16288 = ADVANCED_FACE('',(#16289),#16300,.F.);
#16289 = FACE_BOUND('',#16290,.T.);
#16290 = EDGE_LOOP('',(#16291,#16292,#16298,#16299));
#16291 = ORIENTED_EDGE('',*,*,#9653,.T.);
#16292 = ORIENTED_EDGE('',*,*,#16293,.T.);
#16293 = EDGE_CURVE('',#9654,#12184,#16294,.T.);
#16294 = LINE('',#16295,#16296);
#16295 = CARTESIAN_POINT('',(150.9522,-80.639,-4.6E-02));
#16296 = VECTOR('',#16297,1.);
#16297 = DIRECTION('',(0.,0.,1.));
#16298 = ORIENTED_EDGE('',*,*,#12183,.F.);
#16299 = ORIENTED_EDGE('',*,*,#16293,.F.);
#16300 = CYLINDRICAL_SURFACE('',#16301,0.375);
#16301 = AXIS2_PLACEMENT_3D('',#16302,#16303,#16304);
#16302 = CARTESIAN_POINT('',(150.9522,-80.264,-4.6E-02));
#16303 = DIRECTION('',(-0.,-0.,-1.));
#16304 = DIRECTION('',(-0.,-1.,0.));
#16305 = ADVANCED_FACE('',(#16306),#16317,.F.);
#16306 = FACE_BOUND('',#16307,.T.);
#16307 = EDGE_LOOP('',(#16308,#16309,#16315,#16316));
#16308 = ORIENTED_EDGE('',*,*,#9664,.T.);
#16309 = ORIENTED_EDGE('',*,*,#16310,.T.);
#16310 = EDGE_CURVE('',#9665,#12195,#16311,.T.);
#16311 = LINE('',#16312,#16313);
#16312 = CARTESIAN_POINT('',(150.9522,-78.639,-4.6E-02));
#16313 = VECTOR('',#16314,1.);
#16314 = DIRECTION('',(0.,0.,1.));
#16315 = ORIENTED_EDGE('',*,*,#12194,.F.);
#16316 = ORIENTED_EDGE('',*,*,#16310,.F.);
#16317 = CYLINDRICAL_SURFACE('',#16318,0.375);
#16318 = AXIS2_PLACEMENT_3D('',#16319,#16320,#16321);
#16319 = CARTESIAN_POINT('',(150.9522,-78.264,-4.6E-02));
#16320 = DIRECTION('',(-0.,-0.,-1.));
#16321 = DIRECTION('',(-0.,-1.,0.));
#16322 = ADVANCED_FACE('',(#16323),#16334,.F.);
#16323 = FACE_BOUND('',#16324,.T.);
#16324 = EDGE_LOOP('',(#16325,#16326,#16332,#16333));
#16325 = ORIENTED_EDGE('',*,*,#9675,.T.);
#16326 = ORIENTED_EDGE('',*,*,#16327,.T.);
#16327 = EDGE_CURVE('',#9676,#12206,#16328,.T.);
#16328 = LINE('',#16329,#16330);
#16329 = CARTESIAN_POINT('',(151.1381,-75.0064,-4.6E-02));
#16330 = VECTOR('',#16331,1.);
#16331 = DIRECTION('',(0.,0.,1.));
#16332 = ORIENTED_EDGE('',*,*,#12205,.F.);
#16333 = ORIENTED_EDGE('',*,*,#16327,.F.);
#16334 = CYLINDRICAL_SURFACE('',#16335,0.4064);
#16335 = AXIS2_PLACEMENT_3D('',#16336,#16337,#16338);
#16336 = CARTESIAN_POINT('',(151.1381,-74.6,-4.6E-02));
#16337 = DIRECTION('',(-0.,-0.,-1.));
#16338 = DIRECTION('',(-0.,-1.,0.));
#16339 = ADVANCED_FACE('',(#16340),#16351,.F.);
#16340 = FACE_BOUND('',#16341,.T.);
#16341 = EDGE_LOOP('',(#16342,#16343,#16349,#16350));
#16342 = ORIENTED_EDGE('',*,*,#9686,.T.);
#16343 = ORIENTED_EDGE('',*,*,#16344,.T.);
#16344 = EDGE_CURVE('',#9687,#12217,#16345,.T.);
#16345 = LINE('',#16346,#16347);
#16346 = CARTESIAN_POINT('',(153.6781,-75.0064,-4.6E-02));
#16347 = VECTOR('',#16348,1.);
#16348 = DIRECTION('',(0.,0.,1.));
#16349 = ORIENTED_EDGE('',*,*,#12216,.F.);
#16350 = ORIENTED_EDGE('',*,*,#16344,.F.);
#16351 = CYLINDRICAL_SURFACE('',#16352,0.4064);
#16352 = AXIS2_PLACEMENT_3D('',#16353,#16354,#16355);
#16353 = CARTESIAN_POINT('',(153.6781,-74.6,-4.6E-02));
#16354 = DIRECTION('',(-0.,-0.,-1.));
#16355 = DIRECTION('',(-0.,-1.,0.));
#16356 = ADVANCED_FACE('',(#16357),#16368,.F.);
#16357 = FACE_BOUND('',#16358,.T.);
#16358 = EDGE_LOOP('',(#16359,#16360,#16366,#16367));
#16359 = ORIENTED_EDGE('',*,*,#9697,.T.);
#16360 = ORIENTED_EDGE('',*,*,#16361,.T.);
#16361 = EDGE_CURVE('',#9698,#12228,#16362,.T.);
#16362 = LINE('',#16363,#16364);
#16363 = CARTESIAN_POINT('',(156.2181,-75.0064,-4.6E-02));
#16364 = VECTOR('',#16365,1.);
#16365 = DIRECTION('',(0.,0.,1.));
#16366 = ORIENTED_EDGE('',*,*,#12227,.F.);
#16367 = ORIENTED_EDGE('',*,*,#16361,.F.);
#16368 = CYLINDRICAL_SURFACE('',#16369,0.4064);
#16369 = AXIS2_PLACEMENT_3D('',#16370,#16371,#16372);
#16370 = CARTESIAN_POINT('',(156.2181,-74.6,-4.6E-02));
#16371 = DIRECTION('',(-0.,-0.,-1.));
#16372 = DIRECTION('',(-0.,-1.,0.));
#16373 = ADVANCED_FACE('',(#16374),#16385,.F.);
#16374 = FACE_BOUND('',#16375,.T.);
#16375 = EDGE_LOOP('',(#16376,#16377,#16383,#16384));
#16376 = ORIENTED_EDGE('',*,*,#9708,.T.);
#16377 = ORIENTED_EDGE('',*,*,#16378,.T.);
#16378 = EDGE_CURVE('',#9709,#12239,#16379,.T.);
#16379 = LINE('',#16380,#16381);
#16380 = CARTESIAN_POINT('',(143.5295,-69.8684,-4.6E-02));
#16381 = VECTOR('',#16382,1.);
#16382 = DIRECTION('',(0.,0.,1.));
#16383 = ORIENTED_EDGE('',*,*,#12238,.F.);
#16384 = ORIENTED_EDGE('',*,*,#16378,.F.);
#16385 = CYLINDRICAL_SURFACE('',#16386,0.4064);
#16386 = AXIS2_PLACEMENT_3D('',#16387,#16388,#16389);
#16387 = CARTESIAN_POINT('',(143.5295,-69.462,-4.6E-02));
#16388 = DIRECTION('',(-0.,0.,-1.));
#16389 = DIRECTION('',(6.99353086378E-14,-1.,-0.));
#16390 = ADVANCED_FACE('',(#16391),#16402,.F.);
#16391 = FACE_BOUND('',#16392,.T.);
#16392 = EDGE_LOOP('',(#16393,#16394,#16400,#16401));
#16393 = ORIENTED_EDGE('',*,*,#9719,.T.);
#16394 = ORIENTED_EDGE('',*,*,#16395,.T.);
#16395 = EDGE_CURVE('',#9720,#12250,#16396,.T.);
#16396 = LINE('',#16397,#16398);
#16397 = CARTESIAN_POINT('',(143.5295,-67.3284,-4.6E-02));
#16398 = VECTOR('',#16399,1.);
#16399 = DIRECTION('',(0.,0.,1.));
#16400 = ORIENTED_EDGE('',*,*,#12249,.F.);
#16401 = ORIENTED_EDGE('',*,*,#16395,.F.);
#16402 = CYLINDRICAL_SURFACE('',#16403,0.4064);
#16403 = AXIS2_PLACEMENT_3D('',#16404,#16405,#16406);
#16404 = CARTESIAN_POINT('',(143.5295,-66.922,-4.6E-02));
#16405 = DIRECTION('',(-0.,0.,-1.));
#16406 = DIRECTION('',(6.99353086378E-14,-1.,-0.));
#16407 = ADVANCED_FACE('',(#16408),#16419,.F.);
#16408 = FACE_BOUND('',#16409,.T.);
#16409 = EDGE_LOOP('',(#16410,#16411,#16417,#16418));
#16410 = ORIENTED_EDGE('',*,*,#9730,.T.);
#16411 = ORIENTED_EDGE('',*,*,#16412,.T.);
#16412 = EDGE_CURVE('',#9731,#12261,#16413,.T.);
#16413 = LINE('',#16414,#16415);
#16414 = CARTESIAN_POINT('',(143.5295,-64.7884,-4.6E-02));
#16415 = VECTOR('',#16416,1.);
#16416 = DIRECTION('',(0.,0.,1.));
#16417 = ORIENTED_EDGE('',*,*,#12260,.F.);
#16418 = ORIENTED_EDGE('',*,*,#16412,.F.);
#16419 = CYLINDRICAL_SURFACE('',#16420,0.4064);
#16420 = AXIS2_PLACEMENT_3D('',#16421,#16422,#16423);
#16421 = CARTESIAN_POINT('',(143.5295,-64.382,-4.6E-02));
#16422 = DIRECTION('',(-0.,0.,-1.));
#16423 = DIRECTION('',(6.99353086378E-14,-1.,-0.));
#16424 = ADVANCED_FACE('',(#16425),#16436,.F.);
#16425 = FACE_BOUND('',#16426,.T.);
#16426 = EDGE_LOOP('',(#16427,#16428,#16434,#16435));
#16427 = ORIENTED_EDGE('',*,*,#9741,.T.);
#16428 = ORIENTED_EDGE('',*,*,#16429,.T.);
#16429 = EDGE_CURVE('',#9742,#12272,#16430,.T.);
#16430 = LINE('',#16431,#16432);
#16431 = CARTESIAN_POINT('',(158.7495,-69.8684,-4.6E-02));
#16432 = VECTOR('',#16433,1.);
#16433 = DIRECTION('',(0.,0.,1.));
#16434 = ORIENTED_EDGE('',*,*,#12271,.F.);
#16435 = ORIENTED_EDGE('',*,*,#16429,.F.);
#16436 = CYLINDRICAL_SURFACE('',#16437,0.4064);
#16437 = AXIS2_PLACEMENT_3D('',#16438,#16439,#16440);
#16438 = CARTESIAN_POINT('',(158.7495,-69.462,-4.6E-02));
#16439 = DIRECTION('',(-0.,-0.,-1.));
#16440 = DIRECTION('',(-0.,-1.,0.));
#16441 = ADVANCED_FACE('',(#16442),#16453,.F.);
#16442 = FACE_BOUND('',#16443,.T.);
#16443 = EDGE_LOOP('',(#16444,#16445,#16451,#16452));
#16444 = ORIENTED_EDGE('',*,*,#9752,.T.);
#16445 = ORIENTED_EDGE('',*,*,#16446,.T.);
#16446 = EDGE_CURVE('',#9753,#12283,#16447,.T.);
#16447 = LINE('',#16448,#16449);
#16448 = CARTESIAN_POINT('',(167.1381,-71.6,-4.6E-02));
#16449 = VECTOR('',#16450,1.);
#16450 = DIRECTION('',(0.,0.,1.));
#16451 = ORIENTED_EDGE('',*,*,#12282,.F.);
#16452 = ORIENTED_EDGE('',*,*,#16446,.F.);
#16453 = CYLINDRICAL_SURFACE('',#16454,0.65);
#16454 = AXIS2_PLACEMENT_3D('',#16455,#16456,#16457);
#16455 = CARTESIAN_POINT('',(167.1381,-70.95,-4.6E-02));
#16456 = DIRECTION('',(-0.,-0.,-1.));
#16457 = DIRECTION('',(-0.,-1.,0.));
#16458 = ADVANCED_FACE('',(#16459),#16470,.F.);
#16459 = FACE_BOUND('',#16460,.T.);
#16460 = EDGE_LOOP('',(#16461,#16462,#16468,#16469));
#16461 = ORIENTED_EDGE('',*,*,#9763,.T.);
#16462 = ORIENTED_EDGE('',*,*,#16463,.T.);
#16463 = EDGE_CURVE('',#9764,#12294,#16464,.T.);
#16464 = LINE('',#16465,#16466);
#16465 = CARTESIAN_POINT('',(158.7495,-67.3284,-4.6E-02));
#16466 = VECTOR('',#16467,1.);
#16467 = DIRECTION('',(0.,0.,1.));
#16468 = ORIENTED_EDGE('',*,*,#12293,.F.);
#16469 = ORIENTED_EDGE('',*,*,#16463,.F.);
#16470 = CYLINDRICAL_SURFACE('',#16471,0.4064);
#16471 = AXIS2_PLACEMENT_3D('',#16472,#16473,#16474);
#16472 = CARTESIAN_POINT('',(158.7495,-66.922,-4.6E-02));
#16473 = DIRECTION('',(-0.,-0.,-1.));
#16474 = DIRECTION('',(-0.,-1.,0.));
#16475 = ADVANCED_FACE('',(#16476),#16487,.F.);
#16476 = FACE_BOUND('',#16477,.T.);
#16477 = EDGE_LOOP('',(#16478,#16479,#16485,#16486));
#16478 = ORIENTED_EDGE('',*,*,#9774,.T.);
#16479 = ORIENTED_EDGE('',*,*,#16480,.T.);
#16480 = EDGE_CURVE('',#9775,#12305,#16481,.T.);
#16481 = LINE('',#16482,#16483);
#16482 = CARTESIAN_POINT('',(158.7495,-64.7884,-4.6E-02));
#16483 = VECTOR('',#16484,1.);
#16484 = DIRECTION('',(0.,0.,1.));
#16485 = ORIENTED_EDGE('',*,*,#12304,.F.);
#16486 = ORIENTED_EDGE('',*,*,#16480,.F.);
#16487 = CYLINDRICAL_SURFACE('',#16488,0.4064);
#16488 = AXIS2_PLACEMENT_3D('',#16489,#16490,#16491);
#16489 = CARTESIAN_POINT('',(158.7495,-64.382,-4.6E-02));
#16490 = DIRECTION('',(-0.,-0.,-1.));
#16491 = DIRECTION('',(-0.,-1.,0.));
#16492 = ADVANCED_FACE('',(#16493),#16504,.F.);
#16493 = FACE_BOUND('',#16494,.T.);
#16494 = EDGE_LOOP('',(#16495,#16496,#16502,#16503));
#16495 = ORIENTED_EDGE('',*,*,#9785,.T.);
#16496 = ORIENTED_EDGE('',*,*,#16497,.T.);
#16497 = EDGE_CURVE('',#9786,#12316,#16498,.T.);
#16498 = LINE('',#16499,#16500);
#16499 = CARTESIAN_POINT('',(167.1381,-65.1,-4.6E-02));
#16500 = VECTOR('',#16501,1.);
#16501 = DIRECTION('',(0.,0.,1.));
#16502 = ORIENTED_EDGE('',*,*,#12315,.F.);
#16503 = ORIENTED_EDGE('',*,*,#16497,.F.);
#16504 = CYLINDRICAL_SURFACE('',#16505,0.65);
#16505 = AXIS2_PLACEMENT_3D('',#16506,#16507,#16508);
#16506 = CARTESIAN_POINT('',(167.1381,-64.45,-4.6E-02));
#16507 = DIRECTION('',(-0.,-0.,-1.));
#16508 = DIRECTION('',(-0.,-1.,0.));
#16509 = ADVANCED_FACE('',(#16510),#16521,.F.);
#16510 = FACE_BOUND('',#16511,.T.);
#16511 = EDGE_LOOP('',(#16512,#16513,#16519,#16520));
#16512 = ORIENTED_EDGE('',*,*,#9796,.T.);
#16513 = ORIENTED_EDGE('',*,*,#16514,.T.);
#16514 = EDGE_CURVE('',#9797,#12327,#16515,.T.);
#16515 = LINE('',#16516,#16517);
#16516 = CARTESIAN_POINT('',(108.2381,-53.8,-4.6E-02));
#16517 = VECTOR('',#16518,1.);
#16518 = DIRECTION('',(0.,0.,1.));
#16519 = ORIENTED_EDGE('',*,*,#12326,.F.);
#16520 = ORIENTED_EDGE('',*,*,#16514,.F.);
#16521 = CYLINDRICAL_SURFACE('',#16522,1.5);
#16522 = AXIS2_PLACEMENT_3D('',#16523,#16524,#16525);
#16523 = CARTESIAN_POINT('',(108.2381,-52.3,-4.6E-02));
#16524 = DIRECTION('',(-0.,-0.,-1.));
#16525 = DIRECTION('',(-0.,-1.,0.));
#16526 = ADVANCED_FACE('',(#16527),#16538,.F.);
#16527 = FACE_BOUND('',#16528,.T.);
#16528 = EDGE_LOOP('',(#16529,#16530,#16536,#16537));
#16529 = ORIENTED_EDGE('',*,*,#9807,.T.);
#16530 = ORIENTED_EDGE('',*,*,#16531,.T.);
#16531 = EDGE_CURVE('',#9808,#12338,#16532,.T.);
#16532 = LINE('',#16533,#16534);
#16533 = CARTESIAN_POINT('',(115.2381,-54.85,-4.6E-02));
#16534 = VECTOR('',#16535,1.);
#16535 = DIRECTION('',(0.,0.,1.));
#16536 = ORIENTED_EDGE('',*,*,#12337,.F.);
#16537 = ORIENTED_EDGE('',*,*,#16531,.F.);
#16538 = CYLINDRICAL_SURFACE('',#16539,1.5);
#16539 = AXIS2_PLACEMENT_3D('',#16540,#16541,#16542);
#16540 = CARTESIAN_POINT('',(115.2381,-53.35,-4.6E-02));
#16541 = DIRECTION('',(-0.,-0.,-1.));
#16542 = DIRECTION('',(-0.,-1.,0.));
#16543 = ADVANCED_FACE('',(#16544),#16555,.F.);
#16544 = FACE_BOUND('',#16545,.T.);
#16545 = EDGE_LOOP('',(#16546,#16547,#16553,#16554));
#16546 = ORIENTED_EDGE('',*,*,#9818,.T.);
#16547 = ORIENTED_EDGE('',*,*,#16548,.T.);
#16548 = EDGE_CURVE('',#9819,#12349,#16549,.T.);
#16549 = LINE('',#16550,#16551);
#16550 = CARTESIAN_POINT('',(122.5381,-61.95,-4.6E-02));
#16551 = VECTOR('',#16552,1.);
#16552 = DIRECTION('',(0.,0.,1.));
#16553 = ORIENTED_EDGE('',*,*,#12348,.F.);
#16554 = ORIENTED_EDGE('',*,*,#16548,.F.);
#16555 = CYLINDRICAL_SURFACE('',#16556,2.35);
#16556 = AXIS2_PLACEMENT_3D('',#16557,#16558,#16559);
#16557 = CARTESIAN_POINT('',(122.5381,-59.6,-4.6E-02));
#16558 = DIRECTION('',(-0.,-0.,-1.));
#16559 = DIRECTION('',(-0.,-1.,0.));
#16560 = ADVANCED_FACE('',(#16561),#16572,.F.);
#16561 = FACE_BOUND('',#16562,.T.);
#16562 = EDGE_LOOP('',(#16563,#16564,#16570,#16571));
#16563 = ORIENTED_EDGE('',*,*,#9829,.T.);
#16564 = ORIENTED_EDGE('',*,*,#16565,.T.);
#16565 = EDGE_CURVE('',#9830,#12360,#16566,.T.);
#16566 = LINE('',#16567,#16568);
#16567 = CARTESIAN_POINT('',(127.2381,-56.2,-4.6E-02));
#16568 = VECTOR('',#16569,1.);
#16569 = DIRECTION('',(0.,0.,1.));
#16570 = ORIENTED_EDGE('',*,*,#12359,.F.);
#16571 = ORIENTED_EDGE('',*,*,#16565,.F.);
#16572 = CYLINDRICAL_SURFACE('',#16573,1.5);
#16573 = AXIS2_PLACEMENT_3D('',#16574,#16575,#16576);
#16574 = CARTESIAN_POINT('',(127.2381,-54.7,-4.6E-02));
#16575 = DIRECTION('',(-0.,-0.,-1.));
#16576 = DIRECTION('',(-0.,-1.,0.));
#16577 = ADVANCED_FACE('',(#16578),#16589,.F.);
#16578 = FACE_BOUND('',#16579,.T.);
#16579 = EDGE_LOOP('',(#16580,#16581,#16587,#16588));
#16580 = ORIENTED_EDGE('',*,*,#9840,.T.);
#16581 = ORIENTED_EDGE('',*,*,#16582,.T.);
#16582 = EDGE_CURVE('',#9841,#12371,#16583,.T.);
#16583 = LINE('',#16584,#16585);
#16584 = CARTESIAN_POINT('',(112.6381,-50.225,-4.6E-02));
#16585 = VECTOR('',#16586,1.);
#16586 = DIRECTION('',(0.,0.,1.));
#16587 = ORIENTED_EDGE('',*,*,#12370,.F.);
#16588 = ORIENTED_EDGE('',*,*,#16582,.F.);
#16589 = CYLINDRICAL_SURFACE('',#16590,2.625);
#16590 = AXIS2_PLACEMENT_3D('',#16591,#16592,#16593);
#16591 = CARTESIAN_POINT('',(112.6381,-47.6,-4.6E-02));
#16592 = DIRECTION('',(-0.,-0.,-1.));
#16593 = DIRECTION('',(-0.,-1.,0.));
#16594 = ADVANCED_FACE('',(#16595),#16606,.F.);
#16595 = FACE_BOUND('',#16596,.T.);
#16596 = EDGE_LOOP('',(#16597,#16598,#16604,#16605));
#16597 = ORIENTED_EDGE('',*,*,#9851,.T.);
#16598 = ORIENTED_EDGE('',*,*,#16599,.T.);
#16599 = EDGE_CURVE('',#9852,#12382,#16600,.T.);
#16600 = LINE('',#16601,#16602);
#16601 = CARTESIAN_POINT('',(131.6381,-52.625,-4.6E-02));
#16602 = VECTOR('',#16603,1.);
#16603 = DIRECTION('',(0.,0.,1.));
#16604 = ORIENTED_EDGE('',*,*,#12381,.F.);
#16605 = ORIENTED_EDGE('',*,*,#16599,.F.);
#16606 = CYLINDRICAL_SURFACE('',#16607,2.625);
#16607 = AXIS2_PLACEMENT_3D('',#16608,#16609,#16610);
#16608 = CARTESIAN_POINT('',(131.6381,-50.,-4.6E-02));
#16609 = DIRECTION('',(-0.,-0.,-1.));
#16610 = DIRECTION('',(-0.,-1.,0.));
#16611 = ADVANCED_FACE('',(#16612),#16623,.F.);
#16612 = FACE_BOUND('',#16613,.T.);
#16613 = EDGE_LOOP('',(#16614,#16615,#16621,#16622));
#16614 = ORIENTED_EDGE('',*,*,#9862,.T.);
#16615 = ORIENTED_EDGE('',*,*,#16616,.T.);
#16616 = EDGE_CURVE('',#9863,#12393,#16617,.T.);
#16617 = LINE('',#16618,#16619);
#16618 = CARTESIAN_POINT('',(143.5295,-62.2484,-4.6E-02));
#16619 = VECTOR('',#16620,1.);
#16620 = DIRECTION('',(0.,0.,1.));
#16621 = ORIENTED_EDGE('',*,*,#12392,.F.);
#16622 = ORIENTED_EDGE('',*,*,#16616,.F.);
#16623 = CYLINDRICAL_SURFACE('',#16624,0.4064);
#16624 = AXIS2_PLACEMENT_3D('',#16625,#16626,#16627);
#16625 = CARTESIAN_POINT('',(143.5295,-61.842,-4.6E-02));
#16626 = DIRECTION('',(-0.,0.,-1.));
#16627 = DIRECTION('',(6.99353086378E-14,-1.,-0.));
#16628 = ADVANCED_FACE('',(#16629),#16640,.F.);
#16629 = FACE_BOUND('',#16630,.T.);
#16630 = EDGE_LOOP('',(#16631,#16632,#16638,#16639));
#16631 = ORIENTED_EDGE('',*,*,#9873,.T.);
#16632 = ORIENTED_EDGE('',*,*,#16633,.T.);
#16633 = EDGE_CURVE('',#9874,#12404,#16634,.T.);
#16634 = LINE('',#16635,#16636);
#16635 = CARTESIAN_POINT('',(143.5295,-59.7084,-4.6E-02));
#16636 = VECTOR('',#16637,1.);
#16637 = DIRECTION('',(0.,0.,1.));
#16638 = ORIENTED_EDGE('',*,*,#12403,.F.);
#16639 = ORIENTED_EDGE('',*,*,#16633,.F.);
#16640 = CYLINDRICAL_SURFACE('',#16641,0.4064);
#16641 = AXIS2_PLACEMENT_3D('',#16642,#16643,#16644);
#16642 = CARTESIAN_POINT('',(143.5295,-59.302,-4.6E-02));
#16643 = DIRECTION('',(-0.,0.,-1.));
#16644 = DIRECTION('',(6.99353086378E-14,-1.,-0.));
#16645 = ADVANCED_FACE('',(#16646),#16657,.F.);
#16646 = FACE_BOUND('',#16647,.T.);
#16647 = EDGE_LOOP('',(#16648,#16649,#16655,#16656));
#16648 = ORIENTED_EDGE('',*,*,#9884,.T.);
#16649 = ORIENTED_EDGE('',*,*,#16650,.T.);
#16650 = EDGE_CURVE('',#9885,#12415,#16651,.T.);
#16651 = LINE('',#16652,#16653);
#16652 = CARTESIAN_POINT('',(143.5295,-57.1684,-4.6E-02));
#16653 = VECTOR('',#16654,1.);
#16654 = DIRECTION('',(0.,0.,1.));
#16655 = ORIENTED_EDGE('',*,*,#12414,.F.);
#16656 = ORIENTED_EDGE('',*,*,#16650,.F.);
#16657 = CYLINDRICAL_SURFACE('',#16658,0.4064);
#16658 = AXIS2_PLACEMENT_3D('',#16659,#16660,#16661);
#16659 = CARTESIAN_POINT('',(143.5295,-56.762,-4.6E-02));
#16660 = DIRECTION('',(-0.,0.,-1.));
#16661 = DIRECTION('',(6.99353086378E-14,-1.,-0.));
#16662 = ADVANCED_FACE('',(#16663),#16674,.F.);
#16663 = FACE_BOUND('',#16664,.T.);
#16664 = EDGE_LOOP('',(#16665,#16666,#16672,#16673));
#16665 = ORIENTED_EDGE('',*,*,#9895,.T.);
#16666 = ORIENTED_EDGE('',*,*,#16667,.T.);
#16667 = EDGE_CURVE('',#9896,#12426,#16668,.T.);
#16668 = LINE('',#16669,#16670);
#16669 = CARTESIAN_POINT('',(134.2381,-57.25,-4.6E-02));
#16670 = VECTOR('',#16671,1.);
#16671 = DIRECTION('',(0.,0.,1.));
#16672 = ORIENTED_EDGE('',*,*,#12425,.F.);
#16673 = ORIENTED_EDGE('',*,*,#16667,.F.);
#16674 = CYLINDRICAL_SURFACE('',#16675,1.5);
#16675 = AXIS2_PLACEMENT_3D('',#16676,#16677,#16678);
#16676 = CARTESIAN_POINT('',(134.2381,-55.75,-4.6E-02));
#16677 = DIRECTION('',(-0.,-0.,-1.));
#16678 = DIRECTION('',(-0.,-1.,0.));
#16679 = ADVANCED_FACE('',(#16680),#16691,.F.);
#16680 = FACE_BOUND('',#16681,.T.);
#16681 = EDGE_LOOP('',(#16682,#16683,#16689,#16690));
#16682 = ORIENTED_EDGE('',*,*,#9906,.T.);
#16683 = ORIENTED_EDGE('',*,*,#16684,.T.);
#16684 = EDGE_CURVE('',#9907,#12437,#16685,.T.);
#16685 = LINE('',#16686,#16687);
#16686 = CARTESIAN_POINT('',(143.5295,-54.6284,-4.6E-02));
#16687 = VECTOR('',#16688,1.);
#16688 = DIRECTION('',(0.,0.,1.));
#16689 = ORIENTED_EDGE('',*,*,#12436,.F.);
#16690 = ORIENTED_EDGE('',*,*,#16684,.F.);
#16691 = CYLINDRICAL_SURFACE('',#16692,0.4064);
#16692 = AXIS2_PLACEMENT_3D('',#16693,#16694,#16695);
#16693 = CARTESIAN_POINT('',(143.5295,-54.222,-4.6E-02));
#16694 = DIRECTION('',(-0.,0.,-1.));
#16695 = DIRECTION('',(6.99353086378E-14,-1.,-0.));
#16696 = ADVANCED_FACE('',(#16697),#16708,.F.);
#16697 = FACE_BOUND('',#16698,.T.);
#16698 = EDGE_LOOP('',(#16699,#16700,#16706,#16707));
#16699 = ORIENTED_EDGE('',*,*,#9917,.T.);
#16700 = ORIENTED_EDGE('',*,*,#16701,.T.);
#16701 = EDGE_CURVE('',#9918,#12448,#16702,.T.);
#16702 = LINE('',#16703,#16704);
#16703 = CARTESIAN_POINT('',(143.5295,-52.0884,-4.6E-02));
#16704 = VECTOR('',#16705,1.);
#16705 = DIRECTION('',(0.,0.,1.));
#16706 = ORIENTED_EDGE('',*,*,#12447,.F.);
#16707 = ORIENTED_EDGE('',*,*,#16701,.F.);
#16708 = CYLINDRICAL_SURFACE('',#16709,0.4064);
#16709 = AXIS2_PLACEMENT_3D('',#16710,#16711,#16712);
#16710 = CARTESIAN_POINT('',(143.5295,-51.682,-4.6E-02));
#16711 = DIRECTION('',(-0.,0.,-1.));
#16712 = DIRECTION('',(6.99353086378E-14,-1.,-0.));
#16713 = ADVANCED_FACE('',(#16714),#16725,.F.);
#16714 = FACE_BOUND('',#16715,.T.);
#16715 = EDGE_LOOP('',(#16716,#16717,#16723,#16724));
#16716 = ORIENTED_EDGE('',*,*,#9928,.T.);
#16717 = ORIENTED_EDGE('',*,*,#16718,.T.);
#16718 = EDGE_CURVE('',#9929,#12459,#16719,.T.);
#16719 = LINE('',#16720,#16721);
#16720 = CARTESIAN_POINT('',(158.7495,-62.2484,-4.6E-02));
#16721 = VECTOR('',#16722,1.);
#16722 = DIRECTION('',(0.,0.,1.));
#16723 = ORIENTED_EDGE('',*,*,#12458,.F.);
#16724 = ORIENTED_EDGE('',*,*,#16718,.F.);
#16725 = CYLINDRICAL_SURFACE('',#16726,0.4064);
#16726 = AXIS2_PLACEMENT_3D('',#16727,#16728,#16729);
#16727 = CARTESIAN_POINT('',(158.7495,-61.842,-4.6E-02));
#16728 = DIRECTION('',(-0.,-0.,-1.));
#16729 = DIRECTION('',(-0.,-1.,0.));
#16730 = ADVANCED_FACE('',(#16731),#16742,.F.);
#16731 = FACE_BOUND('',#16732,.T.);
#16732 = EDGE_LOOP('',(#16733,#16734,#16740,#16741));
#16733 = ORIENTED_EDGE('',*,*,#9939,.T.);
#16734 = ORIENTED_EDGE('',*,*,#16735,.T.);
#16735 = EDGE_CURVE('',#9940,#12470,#16736,.T.);
#16736 = LINE('',#16737,#16738);
#16737 = CARTESIAN_POINT('',(158.7495,-59.7084,-4.6E-02));
#16738 = VECTOR('',#16739,1.);
#16739 = DIRECTION('',(0.,0.,1.));
#16740 = ORIENTED_EDGE('',*,*,#12469,.F.);
#16741 = ORIENTED_EDGE('',*,*,#16735,.F.);
#16742 = CYLINDRICAL_SURFACE('',#16743,0.4064);
#16743 = AXIS2_PLACEMENT_3D('',#16744,#16745,#16746);
#16744 = CARTESIAN_POINT('',(158.7495,-59.302,-4.6E-02));
#16745 = DIRECTION('',(-0.,-0.,-1.));
#16746 = DIRECTION('',(-0.,-1.,0.));
#16747 = ADVANCED_FACE('',(#16748),#16759,.F.);
#16748 = FACE_BOUND('',#16749,.T.);
#16749 = EDGE_LOOP('',(#16750,#16751,#16757,#16758));
#16750 = ORIENTED_EDGE('',*,*,#9950,.T.);
#16751 = ORIENTED_EDGE('',*,*,#16752,.T.);
#16752 = EDGE_CURVE('',#9951,#12481,#16753,.T.);
#16753 = LINE('',#16754,#16755);
#16754 = CARTESIAN_POINT('',(158.7495,-57.1684,-4.6E-02));
#16755 = VECTOR('',#16756,1.);
#16756 = DIRECTION('',(0.,0.,1.));
#16757 = ORIENTED_EDGE('',*,*,#12480,.F.);
#16758 = ORIENTED_EDGE('',*,*,#16752,.F.);
#16759 = CYLINDRICAL_SURFACE('',#16760,0.4064);
#16760 = AXIS2_PLACEMENT_3D('',#16761,#16762,#16763);
#16761 = CARTESIAN_POINT('',(158.7495,-56.762,-4.6E-02));
#16762 = DIRECTION('',(-0.,-0.,-1.));
#16763 = DIRECTION('',(-0.,-1.,0.));
#16764 = ADVANCED_FACE('',(#16765),#16776,.F.);
#16765 = FACE_BOUND('',#16766,.T.);
#16766 = EDGE_LOOP('',(#16767,#16768,#16774,#16775));
#16767 = ORIENTED_EDGE('',*,*,#9961,.T.);
#16768 = ORIENTED_EDGE('',*,*,#16769,.T.);
#16769 = EDGE_CURVE('',#9962,#12492,#16770,.T.);
#16770 = LINE('',#16771,#16772);
#16771 = CARTESIAN_POINT('',(158.7495,-54.6284,-4.6E-02));
#16772 = VECTOR('',#16773,1.);
#16773 = DIRECTION('',(0.,0.,1.));
#16774 = ORIENTED_EDGE('',*,*,#12491,.F.);
#16775 = ORIENTED_EDGE('',*,*,#16769,.F.);
#16776 = CYLINDRICAL_SURFACE('',#16777,0.4064);
#16777 = AXIS2_PLACEMENT_3D('',#16778,#16779,#16780);
#16778 = CARTESIAN_POINT('',(158.7495,-54.222,-4.6E-02));
#16779 = DIRECTION('',(-0.,-0.,-1.));
#16780 = DIRECTION('',(-0.,-1.,0.));
#16781 = ADVANCED_FACE('',(#16782),#16793,.F.);
#16782 = FACE_BOUND('',#16783,.T.);
#16783 = EDGE_LOOP('',(#16784,#16785,#16791,#16792));
#16784 = ORIENTED_EDGE('',*,*,#9972,.T.);
#16785 = ORIENTED_EDGE('',*,*,#16786,.T.);
#16786 = EDGE_CURVE('',#9973,#12503,#16787,.T.);
#16787 = LINE('',#16788,#16789);
#16788 = CARTESIAN_POINT('',(158.7495,-52.0884,-4.6E-02));
#16789 = VECTOR('',#16790,1.);
#16790 = DIRECTION('',(0.,0.,1.));
#16791 = ORIENTED_EDGE('',*,*,#12502,.F.);
#16792 = ORIENTED_EDGE('',*,*,#16786,.F.);
#16793 = CYLINDRICAL_SURFACE('',#16794,0.4064);
#16794 = AXIS2_PLACEMENT_3D('',#16795,#16796,#16797);
#16795 = CARTESIAN_POINT('',(158.7495,-51.682,-4.6E-02));
#16796 = DIRECTION('',(-0.,-0.,-1.));
#16797 = DIRECTION('',(-0.,-1.,0.));
#16798 = ADVANCED_FACE('',(#16799),#16815,.F.);
#16799 = FACE_BOUND('',#16800,.T.);
#16800 = EDGE_LOOP('',(#16801,#16802,#16808,#16809));
#16801 = ORIENTED_EDGE('',*,*,#9983,.T.);
#16802 = ORIENTED_EDGE('',*,*,#16803,.T.);
#16803 = EDGE_CURVE('',#9986,#12516,#16804,.T.);
#16804 = LINE('',#16805,#16806);
#16805 = CARTESIAN_POINT('',(161.8881,-51.65,-4.6E-02));
#16806 = VECTOR('',#16807,1.);
#16807 = DIRECTION('',(0.,0.,1.));
#16808 = ORIENTED_EDGE('',*,*,#12513,.F.);
#16809 = ORIENTED_EDGE('',*,*,#16810,.F.);
#16810 = EDGE_CURVE('',#9984,#12514,#16811,.T.);
#16811 = LINE('',#16812,#16813);
#16812 = CARTESIAN_POINT('',(162.3881,-51.65,-4.6E-02));
#16813 = VECTOR('',#16814,1.);
#16814 = DIRECTION('',(0.,0.,1.));
#16815 = CYLINDRICAL_SURFACE('',#16816,0.25);
#16816 = AXIS2_PLACEMENT_3D('',#16817,#16818,#16819);
#16817 = CARTESIAN_POINT('',(162.1381,-51.65,-4.6E-02));
#16818 = DIRECTION('',(-0.,-0.,-1.));
#16819 = DIRECTION('',(-1.,0.,-0.));
#16820 = ADVANCED_FACE('',(#16821),#16832,.T.);
#16821 = FACE_BOUND('',#16822,.T.);
#16822 = EDGE_LOOP('',(#16823,#16824,#16825,#16826));
#16823 = ORIENTED_EDGE('',*,*,#10011,.T.);
#16824 = ORIENTED_EDGE('',*,*,#16810,.T.);
#16825 = ORIENTED_EDGE('',*,*,#12541,.F.);
#16826 = ORIENTED_EDGE('',*,*,#16827,.F.);
#16827 = EDGE_CURVE('',#10003,#12533,#16828,.T.);
#16828 = LINE('',#16829,#16830);
#16829 = CARTESIAN_POINT('',(162.3881,-50.55,-4.6E-02));
#16830 = VECTOR('',#16831,1.);
#16831 = DIRECTION('',(0.,0.,1.));
#16832 = PLANE('',#16833);
#16833 = AXIS2_PLACEMENT_3D('',#16834,#16835,#16836);
#16834 = CARTESIAN_POINT('',(162.3881,-51.65,-4.6E-02));
#16835 = DIRECTION('',(-1.,0.,0.));
#16836 = DIRECTION('',(0.,1.,0.));
#16837 = ADVANCED_FACE('',(#16838),#16849,.F.);
#16838 = FACE_BOUND('',#16839,.T.);
#16839 = EDGE_LOOP('',(#16840,#16841,#16842,#16843));
#16840 = ORIENTED_EDGE('',*,*,#10002,.T.);
#16841 = ORIENTED_EDGE('',*,*,#16827,.T.);
#16842 = ORIENTED_EDGE('',*,*,#12532,.F.);
#16843 = ORIENTED_EDGE('',*,*,#16844,.F.);
#16844 = EDGE_CURVE('',#9995,#12525,#16845,.T.);
#16845 = LINE('',#16846,#16847);
#16846 = CARTESIAN_POINT('',(161.8881,-50.55,-4.6E-02));
#16847 = VECTOR('',#16848,1.);
#16848 = DIRECTION('',(0.,0.,1.));
#16849 = CYLINDRICAL_SURFACE('',#16850,0.25);
#16850 = AXIS2_PLACEMENT_3D('',#16851,#16852,#16853);
#16851 = CARTESIAN_POINT('',(162.1381,-50.55,-4.6E-02));
#16852 = DIRECTION('',(-0.,-0.,-1.));
#16853 = DIRECTION('',(1.,0.,-0.));
#16854 = ADVANCED_FACE('',(#16855),#16861,.T.);
#16855 = FACE_BOUND('',#16856,.T.);
#16856 = EDGE_LOOP('',(#16857,#16858,#16859,#16860));
#16857 = ORIENTED_EDGE('',*,*,#9994,.T.);
#16858 = ORIENTED_EDGE('',*,*,#16844,.T.);
#16859 = ORIENTED_EDGE('',*,*,#12524,.F.);
#16860 = ORIENTED_EDGE('',*,*,#16803,.F.);
#16861 = PLANE('',#16862);
#16862 = AXIS2_PLACEMENT_3D('',#16863,#16864,#16865);
#16863 = CARTESIAN_POINT('',(161.8881,-50.55,-4.6E-02));
#16864 = DIRECTION('',(1.,0.,-0.));
#16865 = DIRECTION('',(0.,-1.,0.));
#16866 = ADVANCED_FACE('',(#16867),#16878,.F.);
#16867 = FACE_BOUND('',#16868,.T.);
#16868 = EDGE_LOOP('',(#16869,#16870,#16876,#16877));
#16869 = ORIENTED_EDGE('',*,*,#10019,.T.);
#16870 = ORIENTED_EDGE('',*,*,#16871,.T.);
#16871 = EDGE_CURVE('',#10020,#12550,#16872,.T.);
#16872 = LINE('',#16873,#16874);
#16873 = CARTESIAN_POINT('',(143.5295,-49.5484,-4.6E-02));
#16874 = VECTOR('',#16875,1.);
#16875 = DIRECTION('',(0.,0.,1.));
#16876 = ORIENTED_EDGE('',*,*,#12549,.F.);
#16877 = ORIENTED_EDGE('',*,*,#16871,.F.);
#16878 = CYLINDRICAL_SURFACE('',#16879,0.4064);
#16879 = AXIS2_PLACEMENT_3D('',#16880,#16881,#16882);
#16880 = CARTESIAN_POINT('',(143.5295,-49.142,-4.6E-02));
#16881 = DIRECTION('',(-0.,0.,-1.));
#16882 = DIRECTION('',(6.99353086378E-14,-1.,-0.));
#16883 = ADVANCED_FACE('',(#16884),#16895,.F.);
#16884 = FACE_BOUND('',#16885,.T.);
#16885 = EDGE_LOOP('',(#16886,#16887,#16893,#16894));
#16886 = ORIENTED_EDGE('',*,*,#10030,.T.);
#16887 = ORIENTED_EDGE('',*,*,#16888,.T.);
#16888 = EDGE_CURVE('',#10031,#12561,#16889,.T.);
#16889 = LINE('',#16890,#16891);
#16890 = CARTESIAN_POINT('',(143.5295,-47.0084,-4.6E-02));
#16891 = VECTOR('',#16892,1.);
#16892 = DIRECTION('',(0.,0.,1.));
#16893 = ORIENTED_EDGE('',*,*,#12560,.F.);
#16894 = ORIENTED_EDGE('',*,*,#16888,.F.);
#16895 = CYLINDRICAL_SURFACE('',#16896,0.4064);
#16896 = AXIS2_PLACEMENT_3D('',#16897,#16898,#16899);
#16897 = CARTESIAN_POINT('',(143.5295,-46.602,-4.6E-02));
#16898 = DIRECTION('',(-0.,0.,-1.));
#16899 = DIRECTION('',(6.99353086378E-14,-1.,-0.));
#16900 = ADVANCED_FACE('',(#16901),#16912,.F.);
#16901 = FACE_BOUND('',#16902,.T.);
#16902 = EDGE_LOOP('',(#16903,#16904,#16910,#16911));
#16903 = ORIENTED_EDGE('',*,*,#10041,.T.);
#16904 = ORIENTED_EDGE('',*,*,#16905,.T.);
#16905 = EDGE_CURVE('',#10042,#12572,#16906,.T.);
#16906 = LINE('',#16907,#16908);
#16907 = CARTESIAN_POINT('',(143.5295,-44.4684,-4.6E-02));
#16908 = VECTOR('',#16909,1.);
#16909 = DIRECTION('',(0.,0.,1.));
#16910 = ORIENTED_EDGE('',*,*,#12571,.F.);
#16911 = ORIENTED_EDGE('',*,*,#16905,.F.);
#16912 = CYLINDRICAL_SURFACE('',#16913,0.4064);
#16913 = AXIS2_PLACEMENT_3D('',#16914,#16915,#16916);
#16914 = CARTESIAN_POINT('',(143.5295,-44.062,-4.6E-02));
#16915 = DIRECTION('',(-0.,0.,-1.));
#16916 = DIRECTION('',(6.99353086378E-14,-1.,-0.));
#16917 = ADVANCED_FACE('',(#16918),#16929,.F.);
#16918 = FACE_BOUND('',#16919,.T.);
#16919 = EDGE_LOOP('',(#16920,#16921,#16927,#16928));
#16920 = ORIENTED_EDGE('',*,*,#10052,.T.);
#16921 = ORIENTED_EDGE('',*,*,#16922,.T.);
#16922 = EDGE_CURVE('',#10053,#12583,#16923,.T.);
#16923 = LINE('',#16924,#16925);
#16924 = CARTESIAN_POINT('',(143.5295,-41.9284,-4.6E-02));
#16925 = VECTOR('',#16926,1.);
#16926 = DIRECTION('',(0.,0.,1.));
#16927 = ORIENTED_EDGE('',*,*,#12582,.F.);
#16928 = ORIENTED_EDGE('',*,*,#16922,.F.);
#16929 = CYLINDRICAL_SURFACE('',#16930,0.4064);
#16930 = AXIS2_PLACEMENT_3D('',#16931,#16932,#16933);
#16931 = CARTESIAN_POINT('',(143.5295,-41.522,-4.6E-02));
#16932 = DIRECTION('',(-0.,0.,-1.));
#16933 = DIRECTION('',(6.99353086378E-14,-1.,-0.));
#16934 = ADVANCED_FACE('',(#16935),#16946,.F.);
#16935 = FACE_BOUND('',#16936,.T.);
#16936 = EDGE_LOOP('',(#16937,#16938,#16944,#16945));
#16937 = ORIENTED_EDGE('',*,*,#10063,.T.);
#16938 = ORIENTED_EDGE('',*,*,#16939,.T.);
#16939 = EDGE_CURVE('',#10064,#12594,#16940,.T.);
#16940 = LINE('',#16941,#16942);
#16941 = CARTESIAN_POINT('',(149.6381,-39.203,-4.6E-02));
#16942 = VECTOR('',#16943,1.);
#16943 = DIRECTION('',(0.,0.,1.));
#16944 = ORIENTED_EDGE('',*,*,#12593,.F.);
#16945 = ORIENTED_EDGE('',*,*,#16939,.F.);
#16946 = CYLINDRICAL_SURFACE('',#16947,0.45);
#16947 = AXIS2_PLACEMENT_3D('',#16948,#16949,#16950);
#16948 = CARTESIAN_POINT('',(149.6381,-38.753,-4.6E-02));
#16949 = DIRECTION('',(-0.,-0.,-1.));
#16950 = DIRECTION('',(-0.,-1.,0.));
#16951 = ADVANCED_FACE('',(#16952),#16963,.F.);
#16952 = FACE_BOUND('',#16953,.T.);
#16953 = EDGE_LOOP('',(#16954,#16955,#16961,#16962));
#16954 = ORIENTED_EDGE('',*,*,#10074,.T.);
#16955 = ORIENTED_EDGE('',*,*,#16956,.T.);
#16956 = EDGE_CURVE('',#10075,#12605,#16957,.T.);
#16957 = LINE('',#16958,#16959);
#16958 = CARTESIAN_POINT('',(158.7495,-49.5484,-4.6E-02));
#16959 = VECTOR('',#16960,1.);
#16960 = DIRECTION('',(0.,0.,1.));
#16961 = ORIENTED_EDGE('',*,*,#12604,.F.);
#16962 = ORIENTED_EDGE('',*,*,#16956,.F.);
#16963 = CYLINDRICAL_SURFACE('',#16964,0.4064);
#16964 = AXIS2_PLACEMENT_3D('',#16965,#16966,#16967);
#16965 = CARTESIAN_POINT('',(158.7495,-49.142,-4.6E-02));
#16966 = DIRECTION('',(-0.,-0.,-1.));
#16967 = DIRECTION('',(-0.,-1.,0.));
#16968 = ADVANCED_FACE('',(#16969),#16980,.F.);
#16969 = FACE_BOUND('',#16970,.T.);
#16970 = EDGE_LOOP('',(#16971,#16972,#16978,#16979));
#16971 = ORIENTED_EDGE('',*,*,#10085,.T.);
#16972 = ORIENTED_EDGE('',*,*,#16973,.T.);
#16973 = EDGE_CURVE('',#10086,#12616,#16974,.T.);
#16974 = LINE('',#16975,#16976);
#16975 = CARTESIAN_POINT('',(158.7495,-47.0084,-4.6E-02));
#16976 = VECTOR('',#16977,1.);
#16977 = DIRECTION('',(0.,0.,1.));
#16978 = ORIENTED_EDGE('',*,*,#12615,.F.);
#16979 = ORIENTED_EDGE('',*,*,#16973,.F.);
#16980 = CYLINDRICAL_SURFACE('',#16981,0.4064);
#16981 = AXIS2_PLACEMENT_3D('',#16982,#16983,#16984);
#16982 = CARTESIAN_POINT('',(158.7495,-46.602,-4.6E-02));
#16983 = DIRECTION('',(-0.,-0.,-1.));
#16984 = DIRECTION('',(-0.,-1.,0.));
#16985 = ADVANCED_FACE('',(#16986),#17002,.F.);
#16986 = FACE_BOUND('',#16987,.T.);
#16987 = EDGE_LOOP('',(#16988,#16989,#16995,#16996));
#16988 = ORIENTED_EDGE('',*,*,#10096,.T.);
#16989 = ORIENTED_EDGE('',*,*,#16990,.T.);
#16990 = EDGE_CURVE('',#10099,#12629,#16991,.T.);
#16991 = LINE('',#16992,#16993);
#16992 = CARTESIAN_POINT('',(166.0881,-50.15,-4.6E-02));
#16993 = VECTOR('',#16994,1.);
#16994 = DIRECTION('',(0.,0.,1.));
#16995 = ORIENTED_EDGE('',*,*,#12626,.F.);
#16996 = ORIENTED_EDGE('',*,*,#16997,.F.);
#16997 = EDGE_CURVE('',#10097,#12627,#16998,.T.);
#16998 = LINE('',#16999,#17000);
#16999 = CARTESIAN_POINT('',(166.5881,-50.15,-4.6E-02));
#17000 = VECTOR('',#17001,1.);
#17001 = DIRECTION('',(0.,0.,1.));
#17002 = CYLINDRICAL_SURFACE('',#17003,0.25);
#17003 = AXIS2_PLACEMENT_3D('',#17004,#17005,#17006);
#17004 = CARTESIAN_POINT('',(166.3381,-50.15,-4.6E-02));
#17005 = DIRECTION('',(-0.,-0.,-1.));
#17006 = DIRECTION('',(-1.,0.,-0.));
#17007 = ADVANCED_FACE('',(#17008),#17019,.T.);
#17008 = FACE_BOUND('',#17009,.T.);
#17009 = EDGE_LOOP('',(#17010,#17011,#17012,#17013));
#17010 = ORIENTED_EDGE('',*,*,#10124,.T.);
#17011 = ORIENTED_EDGE('',*,*,#16997,.T.);
#17012 = ORIENTED_EDGE('',*,*,#12654,.F.);
#17013 = ORIENTED_EDGE('',*,*,#17014,.F.);
#17014 = EDGE_CURVE('',#10116,#12646,#17015,.T.);
#17015 = LINE('',#17016,#17017);
#17016 = CARTESIAN_POINT('',(166.5881,-49.05,-4.6E-02));
#17017 = VECTOR('',#17018,1.);
#17018 = DIRECTION('',(0.,0.,1.));
#17019 = PLANE('',#17020);
#17020 = AXIS2_PLACEMENT_3D('',#17021,#17022,#17023);
#17021 = CARTESIAN_POINT('',(166.5881,-50.15,-4.6E-02));
#17022 = DIRECTION('',(-1.,0.,0.));
#17023 = DIRECTION('',(0.,1.,0.));
#17024 = ADVANCED_FACE('',(#17025),#17036,.F.);
#17025 = FACE_BOUND('',#17026,.T.);
#17026 = EDGE_LOOP('',(#17027,#17028,#17029,#17030));
#17027 = ORIENTED_EDGE('',*,*,#10115,.T.);
#17028 = ORIENTED_EDGE('',*,*,#17014,.T.);
#17029 = ORIENTED_EDGE('',*,*,#12645,.F.);
#17030 = ORIENTED_EDGE('',*,*,#17031,.F.);
#17031 = EDGE_CURVE('',#10108,#12638,#17032,.T.);
#17032 = LINE('',#17033,#17034);
#17033 = CARTESIAN_POINT('',(166.0881,-49.05,-4.6E-02));
#17034 = VECTOR('',#17035,1.);
#17035 = DIRECTION('',(0.,0.,1.));
#17036 = CYLINDRICAL_SURFACE('',#17037,0.25);
#17037 = AXIS2_PLACEMENT_3D('',#17038,#17039,#17040);
#17038 = CARTESIAN_POINT('',(166.3381,-49.05,-4.6E-02));
#17039 = DIRECTION('',(-0.,-0.,-1.));
#17040 = DIRECTION('',(1.,0.,-0.));
#17041 = ADVANCED_FACE('',(#17042),#17048,.T.);
#17042 = FACE_BOUND('',#17043,.T.);
#17043 = EDGE_LOOP('',(#17044,#17045,#17046,#17047));
#17044 = ORIENTED_EDGE('',*,*,#10107,.T.);
#17045 = ORIENTED_EDGE('',*,*,#17031,.T.);
#17046 = ORIENTED_EDGE('',*,*,#12637,.F.);
#17047 = ORIENTED_EDGE('',*,*,#16990,.F.);
#17048 = PLANE('',#17049);
#17049 = AXIS2_PLACEMENT_3D('',#17050,#17051,#17052);
#17050 = CARTESIAN_POINT('',(166.0881,-49.05,-4.6E-02));
#17051 = DIRECTION('',(1.,0.,-0.));
#17052 = DIRECTION('',(0.,-1.,0.));
#17053 = ADVANCED_FACE('',(#17054),#17065,.F.);
#17054 = FACE_BOUND('',#17055,.T.);
#17055 = EDGE_LOOP('',(#17056,#17057,#17063,#17064));
#17056 = ORIENTED_EDGE('',*,*,#10132,.T.);
#17057 = ORIENTED_EDGE('',*,*,#17058,.T.);
#17058 = EDGE_CURVE('',#10133,#12663,#17059,.T.);
#17059 = LINE('',#17060,#17061);
#17060 = CARTESIAN_POINT('',(164.2381,-48.4,-4.6E-02));
#17061 = VECTOR('',#17062,1.);
#17062 = DIRECTION('',(0.,0.,1.));
#17063 = ORIENTED_EDGE('',*,*,#12662,.F.);
#17064 = ORIENTED_EDGE('',*,*,#17058,.F.);
#17065 = CYLINDRICAL_SURFACE('',#17066,0.6);
#17066 = AXIS2_PLACEMENT_3D('',#17067,#17068,#17069);
#17067 = CARTESIAN_POINT('',(164.2381,-47.8,-4.6E-02));
#17068 = DIRECTION('',(-0.,-0.,-1.));
#17069 = DIRECTION('',(-0.,-1.,0.));
#17070 = ADVANCED_FACE('',(#17071),#17087,.F.);
#17071 = FACE_BOUND('',#17072,.T.);
#17072 = EDGE_LOOP('',(#17073,#17074,#17080,#17081));
#17073 = ORIENTED_EDGE('',*,*,#10143,.T.);
#17074 = ORIENTED_EDGE('',*,*,#17075,.T.);
#17075 = EDGE_CURVE('',#10146,#12676,#17076,.T.);
#17076 = LINE('',#17077,#17078);
#17077 = CARTESIAN_POINT('',(166.0881,-46.15,-4.6E-02));
#17078 = VECTOR('',#17079,1.);
#17079 = DIRECTION('',(0.,0.,1.));
#17080 = ORIENTED_EDGE('',*,*,#12673,.F.);
#17081 = ORIENTED_EDGE('',*,*,#17082,.F.);
#17082 = EDGE_CURVE('',#10144,#12674,#17083,.T.);
#17083 = LINE('',#17084,#17085);
#17084 = CARTESIAN_POINT('',(166.5881,-46.15,-4.6E-02));
#17085 = VECTOR('',#17086,1.);
#17086 = DIRECTION('',(0.,0.,1.));
#17087 = CYLINDRICAL_SURFACE('',#17088,0.25);
#17088 = AXIS2_PLACEMENT_3D('',#17089,#17090,#17091);
#17089 = CARTESIAN_POINT('',(166.3381,-46.15,-4.6E-02));
#17090 = DIRECTION('',(-0.,-0.,-1.));
#17091 = DIRECTION('',(-1.,0.,-0.));
#17092 = ADVANCED_FACE('',(#17093),#17104,.T.);
#17093 = FACE_BOUND('',#17094,.T.);
#17094 = EDGE_LOOP('',(#17095,#17096,#17097,#17098));
#17095 = ORIENTED_EDGE('',*,*,#10171,.T.);
#17096 = ORIENTED_EDGE('',*,*,#17082,.T.);
#17097 = ORIENTED_EDGE('',*,*,#12701,.F.);
#17098 = ORIENTED_EDGE('',*,*,#17099,.F.);
#17099 = EDGE_CURVE('',#10163,#12693,#17100,.T.);
#17100 = LINE('',#17101,#17102);
#17101 = CARTESIAN_POINT('',(166.5881,-45.05,-4.6E-02));
#17102 = VECTOR('',#17103,1.);
#17103 = DIRECTION('',(0.,0.,1.));
#17104 = PLANE('',#17105);
#17105 = AXIS2_PLACEMENT_3D('',#17106,#17107,#17108);
#17106 = CARTESIAN_POINT('',(166.5881,-46.15,-4.6E-02));
#17107 = DIRECTION('',(-1.,0.,0.));
#17108 = DIRECTION('',(0.,1.,0.));
#17109 = ADVANCED_FACE('',(#17110),#17121,.F.);
#17110 = FACE_BOUND('',#17111,.T.);
#17111 = EDGE_LOOP('',(#17112,#17113,#17114,#17115));
#17112 = ORIENTED_EDGE('',*,*,#10162,.T.);
#17113 = ORIENTED_EDGE('',*,*,#17099,.T.);
#17114 = ORIENTED_EDGE('',*,*,#12692,.F.);
#17115 = ORIENTED_EDGE('',*,*,#17116,.F.);
#17116 = EDGE_CURVE('',#10155,#12685,#17117,.T.);
#17117 = LINE('',#17118,#17119);
#17118 = CARTESIAN_POINT('',(166.0881,-45.05,-4.6E-02));
#17119 = VECTOR('',#17120,1.);
#17120 = DIRECTION('',(0.,0.,1.));
#17121 = CYLINDRICAL_SURFACE('',#17122,0.25);
#17122 = AXIS2_PLACEMENT_3D('',#17123,#17124,#17125);
#17123 = CARTESIAN_POINT('',(166.3381,-45.05,-4.6E-02));
#17124 = DIRECTION('',(-0.,-0.,-1.));
#17125 = DIRECTION('',(1.,0.,-0.));
#17126 = ADVANCED_FACE('',(#17127),#17133,.T.);
#17127 = FACE_BOUND('',#17128,.T.);
#17128 = EDGE_LOOP('',(#17129,#17130,#17131,#17132));
#17129 = ORIENTED_EDGE('',*,*,#10154,.T.);
#17130 = ORIENTED_EDGE('',*,*,#17116,.T.);
#17131 = ORIENTED_EDGE('',*,*,#12684,.F.);
#17132 = ORIENTED_EDGE('',*,*,#17075,.F.);
#17133 = PLANE('',#17134);
#17134 = AXIS2_PLACEMENT_3D('',#17135,#17136,#17137);
#17135 = CARTESIAN_POINT('',(166.0881,-45.05,-4.6E-02));
#17136 = DIRECTION('',(1.,0.,-0.));
#17137 = DIRECTION('',(0.,-1.,0.));
#17138 = ADVANCED_FACE('',(#17139),#17150,.F.);
#17139 = FACE_BOUND('',#17140,.T.);
#17140 = EDGE_LOOP('',(#17141,#17142,#17148,#17149));
#17141 = ORIENTED_EDGE('',*,*,#10179,.T.);
#17142 = ORIENTED_EDGE('',*,*,#17143,.T.);
#17143 = EDGE_CURVE('',#10180,#12710,#17144,.T.);
#17144 = LINE('',#17145,#17146);
#17145 = CARTESIAN_POINT('',(158.7495,-44.4684,-4.6E-02));
#17146 = VECTOR('',#17147,1.);
#17147 = DIRECTION('',(0.,0.,1.));
#17148 = ORIENTED_EDGE('',*,*,#12709,.F.);
#17149 = ORIENTED_EDGE('',*,*,#17143,.F.);
#17150 = CYLINDRICAL_SURFACE('',#17151,0.4064);
#17151 = AXIS2_PLACEMENT_3D('',#17152,#17153,#17154);
#17152 = CARTESIAN_POINT('',(158.7495,-44.062,-4.6E-02));
#17153 = DIRECTION('',(-0.,-0.,-1.));
#17154 = DIRECTION('',(-0.,-1.,0.));
#17155 = ADVANCED_FACE('',(#17156),#17167,.F.);
#17156 = FACE_BOUND('',#17157,.T.);
#17157 = EDGE_LOOP('',(#17158,#17159,#17165,#17166));
#17158 = ORIENTED_EDGE('',*,*,#10190,.T.);
#17159 = ORIENTED_EDGE('',*,*,#17160,.T.);
#17160 = EDGE_CURVE('',#10191,#12721,#17161,.T.);
#17161 = LINE('',#17162,#17163);
#17162 = CARTESIAN_POINT('',(158.7495,-41.9284,-4.6E-02));
#17163 = VECTOR('',#17164,1.);
#17164 = DIRECTION('',(0.,0.,1.));
#17165 = ORIENTED_EDGE('',*,*,#12720,.F.);
#17166 = ORIENTED_EDGE('',*,*,#17160,.F.);
#17167 = CYLINDRICAL_SURFACE('',#17168,0.4064);
#17168 = AXIS2_PLACEMENT_3D('',#17169,#17170,#17171);
#17169 = CARTESIAN_POINT('',(158.7495,-41.522,-4.6E-02));
#17170 = DIRECTION('',(-0.,-0.,-1.));
#17171 = DIRECTION('',(-0.,-1.,0.));
#17172 = ADVANCED_FACE('',(#17173),#17184,.F.);
#17173 = FACE_BOUND('',#17174,.T.);
#17174 = EDGE_LOOP('',(#17175,#17176,#17182,#17183));
#17175 = ORIENTED_EDGE('',*,*,#10201,.T.);
#17176 = ORIENTED_EDGE('',*,*,#17177,.T.);
#17177 = EDGE_CURVE('',#10202,#12732,#17178,.T.);
#17178 = LINE('',#17179,#17180);
#17179 = CARTESIAN_POINT('',(152.6381,-39.203,-4.6E-02));
#17180 = VECTOR('',#17181,1.);
#17181 = DIRECTION('',(0.,0.,1.));
#17182 = ORIENTED_EDGE('',*,*,#12731,.F.);
#17183 = ORIENTED_EDGE('',*,*,#17177,.F.);
#17184 = CYLINDRICAL_SURFACE('',#17185,0.45);
#17185 = AXIS2_PLACEMENT_3D('',#17186,#17187,#17188);
#17186 = CARTESIAN_POINT('',(152.6381,-38.753,-4.6E-02));
#17187 = DIRECTION('',(-0.,-0.,-1.));
#17188 = DIRECTION('',(-0.,-1.,0.));
#17189 = ADVANCED_FACE('',(#17190),#17206,.F.);
#17190 = FACE_BOUND('',#17191,.T.);
#17191 = EDGE_LOOP('',(#17192,#17193,#17199,#17200));
#17192 = ORIENTED_EDGE('',*,*,#10212,.T.);
#17193 = ORIENTED_EDGE('',*,*,#17194,.T.);
#17194 = EDGE_CURVE('',#10215,#12745,#17195,.T.);
#17195 = LINE('',#17196,#17197);
#17196 = CARTESIAN_POINT('',(166.0881,-43.15,-4.6E-02));
#17197 = VECTOR('',#17198,1.);
#17198 = DIRECTION('',(0.,0.,1.));
#17199 = ORIENTED_EDGE('',*,*,#12742,.F.);
#17200 = ORIENTED_EDGE('',*,*,#17201,.F.);
#17201 = EDGE_CURVE('',#10213,#12743,#17202,.T.);
#17202 = LINE('',#17203,#17204);
#17203 = CARTESIAN_POINT('',(166.5881,-43.15,-4.6E-02));
#17204 = VECTOR('',#17205,1.);
#17205 = DIRECTION('',(0.,0.,1.));
#17206 = CYLINDRICAL_SURFACE('',#17207,0.25);
#17207 = AXIS2_PLACEMENT_3D('',#17208,#17209,#17210);
#17208 = CARTESIAN_POINT('',(166.3381,-43.15,-4.6E-02));
#17209 = DIRECTION('',(-0.,-0.,-1.));
#17210 = DIRECTION('',(-1.,0.,-0.));
#17211 = ADVANCED_FACE('',(#17212),#17223,.T.);
#17212 = FACE_BOUND('',#17213,.T.);
#17213 = EDGE_LOOP('',(#17214,#17215,#17216,#17217));
#17214 = ORIENTED_EDGE('',*,*,#10240,.T.);
#17215 = ORIENTED_EDGE('',*,*,#17201,.T.);
#17216 = ORIENTED_EDGE('',*,*,#12770,.F.);
#17217 = ORIENTED_EDGE('',*,*,#17218,.F.);
#17218 = EDGE_CURVE('',#10232,#12762,#17219,.T.);
#17219 = LINE('',#17220,#17221);
#17220 = CARTESIAN_POINT('',(166.5881,-42.05,-4.6E-02));
#17221 = VECTOR('',#17222,1.);
#17222 = DIRECTION('',(0.,0.,1.));
#17223 = PLANE('',#17224);
#17224 = AXIS2_PLACEMENT_3D('',#17225,#17226,#17227);
#17225 = CARTESIAN_POINT('',(166.5881,-43.15,-4.6E-02));
#17226 = DIRECTION('',(-1.,0.,0.));
#17227 = DIRECTION('',(0.,1.,0.));
#17228 = ADVANCED_FACE('',(#17229),#17240,.F.);
#17229 = FACE_BOUND('',#17230,.T.);
#17230 = EDGE_LOOP('',(#17231,#17232,#17233,#17234));
#17231 = ORIENTED_EDGE('',*,*,#10231,.T.);
#17232 = ORIENTED_EDGE('',*,*,#17218,.T.);
#17233 = ORIENTED_EDGE('',*,*,#12761,.F.);
#17234 = ORIENTED_EDGE('',*,*,#17235,.F.);
#17235 = EDGE_CURVE('',#10224,#12754,#17236,.T.);
#17236 = LINE('',#17237,#17238);
#17237 = CARTESIAN_POINT('',(166.0881,-42.05,-4.6E-02));
#17238 = VECTOR('',#17239,1.);
#17239 = DIRECTION('',(0.,0.,1.));
#17240 = CYLINDRICAL_SURFACE('',#17241,0.25);
#17241 = AXIS2_PLACEMENT_3D('',#17242,#17243,#17244);
#17242 = CARTESIAN_POINT('',(166.3381,-42.05,-4.6E-02));
#17243 = DIRECTION('',(-0.,-0.,-1.));
#17244 = DIRECTION('',(1.,0.,-0.));
#17245 = ADVANCED_FACE('',(#17246),#17252,.T.);
#17246 = FACE_BOUND('',#17247,.T.);
#17247 = EDGE_LOOP('',(#17248,#17249,#17250,#17251));
#17248 = ORIENTED_EDGE('',*,*,#10223,.T.);
#17249 = ORIENTED_EDGE('',*,*,#17235,.T.);
#17250 = ORIENTED_EDGE('',*,*,#12753,.F.);
#17251 = ORIENTED_EDGE('',*,*,#17194,.F.);
#17252 = PLANE('',#17253);
#17253 = AXIS2_PLACEMENT_3D('',#17254,#17255,#17256);
#17254 = CARTESIAN_POINT('',(166.0881,-42.05,-4.6E-02));
#17255 = DIRECTION('',(1.,0.,-0.));
#17256 = DIRECTION('',(0.,-1.,0.));
#17257 = ADVANCED_FACE('',(#17258),#17269,.F.);
#17258 = FACE_BOUND('',#17259,.T.);
#17259 = EDGE_LOOP('',(#17260,#17261,#17267,#17268));
#17260 = ORIENTED_EDGE('',*,*,#10248,.T.);
#17261 = ORIENTED_EDGE('',*,*,#17262,.T.);
#17262 = EDGE_CURVE('',#10249,#12779,#17263,.T.);
#17263 = LINE('',#17264,#17265);
#17264 = CARTESIAN_POINT('',(164.2381,-41.4,-4.6E-02));
#17265 = VECTOR('',#17266,1.);
#17266 = DIRECTION('',(0.,0.,1.));
#17267 = ORIENTED_EDGE('',*,*,#12778,.F.);
#17268 = ORIENTED_EDGE('',*,*,#17262,.F.);
#17269 = CYLINDRICAL_SURFACE('',#17270,0.6);
#17270 = AXIS2_PLACEMENT_3D('',#17271,#17272,#17273);
#17271 = CARTESIAN_POINT('',(164.2381,-40.8,-4.6E-02));
#17272 = DIRECTION('',(-0.,-0.,-1.));
#17273 = DIRECTION('',(-0.,-1.,0.));
#17274 = ( GEOMETRIC_REPRESENTATION_CONTEXT(3) 
GLOBAL_UNCERTAINTY_ASSIGNED_CONTEXT((#17278)) 
GLOBAL_UNIT_ASSIGNED_CONTEXT((#17275,#17276,#17277)) 
REPRESENTATION_CONTEXT('Context #1',
  '3D Context with UNIT and UNCERTAINTY') );
#17275 = ( LENGTH_UNIT() NAMED_UNIT(*) SI_UNIT(.MILLI.,.METRE.) );
#17276 = ( NAMED_UNIT(*) PLANE_ANGLE_UNIT() SI_UNIT($,.RADIAN.) );
#17277 = ( NAMED_UNIT(*) SI_UNIT($,.STERADIAN.) SOLID_ANGLE_UNIT() );
#17278 = UNCERTAINTY_MEASURE_WITH_UNIT(LENGTH_MEASURE(1.E-07),#17275,
  'distance_accuracy_value','confusion accuracy');
#17279 = CONTEXT_DEPENDENT_SHAPE_REPRESENTATION(#17280,#17282);
#17280 = ( REPRESENTATION_RELATIONSHIP('','',#7626,#10) 
REPRESENTATION_RELATIONSHIP_WITH_TRANSFORMATION(#17281) 
SHAPE_REPRESENTATION_RELATIONSHIP() );
#17281 = ITEM_DEFINED_TRANSFORMATION('','',#11,#23);
#17282 = PRODUCT_DEFINITION_SHAPE('Placement','Placement of an item',
  #17283);
#17283 = NEXT_ASSEMBLY_USAGE_OCCURRENCE('3','=>[0:1:1:4]','',#5,#7621,$
  );
#17284 = PRODUCT_RELATED_PRODUCT_CATEGORY('part',$,(#7623));
#17285 = MECHANICAL_DESIGN_GEOMETRIC_PRESENTATION_REPRESENTATION('',(
    #17286),#17274);
#17286 = STYLED_ITEM('color',(#17287),#7627);
#17287 = PRESENTATION_STYLE_ASSIGNMENT((#17288));
#17288 = SURFACE_STYLE_USAGE(.BOTH.,#17289);
#17289 = SURFACE_SIDE_STYLE('',(#17290));
#17290 = SURFACE_STYLE_FILL_AREA(#17291);
#17291 = FILL_AREA_STYLE('',(#17292));
#17292 = FILL_AREA_STYLE_COLOUR('',#17293);
#17293 = COLOUR_RGB('',0.313304153717,0.484529207832,0.410020903123);
#17294 = MECHANICAL_DESIGN_GEOMETRIC_PRESENTATION_REPRESENTATION('',(
    #17295,#17303,#17310,#17317,#17324,#17331,#17338,#17345,#17352,
    #17359,#17366,#17374,#17381,#17388,#17395,#17402,#17409,#17416,
    #17423,#17430,#17437,#17444,#17451,#17458,#17465,#17472,#17479,
    #17486,#17493,#17500,#17507,#17514,#17521,#17528,#17535,#17542,
    #17549,#17556,#17563,#17570,#17577,#17584,#17591,#17598,#17605,
    #17612,#17619,#17626,#17633,#17640,#17647,#17654,#17661,#17668,
    #17675,#17682,#17689,#17696,#17703,#17710,#17717,#17724,#17731,
    #17738,#17745,#17752,#17759,#17766,#17773,#17780,#17787,#17794,
    #17801,#17808,#17815,#17822,#17829,#17836,#17843,#17850,#17857,
    #17864,#17871,#17878,#17885,#17892,#17899,#17907,#17914,#17921,
    #17928,#17935,#17942,#17949,#17956,#17963,#17970,#17977,#17984,
    #17991,#17998,#18005,#18012,#18019,#18026,#18033,#18040,#18047,
    #18054,#18061,#18068,#18075,#18082,#18089,#18096,#18103,#18110,
    #18117,#18124,#18131,#18138,#18145,#18152,#18159,#18166,#18173,
    #18180,#18187,#18194,#18201,#18208,#18215,#18222,#18229,#18236,
    #18243,#18250,#18257,#18264,#18271,#18278),#7608);
#17295 = STYLED_ITEM('color',(#17296),#3556);
#17296 = PRESENTATION_STYLE_ASSIGNMENT((#17297));
#17297 = SURFACE_STYLE_USAGE(.BOTH.,#17298);
#17298 = SURFACE_SIDE_STYLE('',(#17299));
#17299 = SURFACE_STYLE_FILL_AREA(#17300);
#17300 = FILL_AREA_STYLE('',(#17301));
#17301 = FILL_AREA_STYLE_COLOUR('',#17302);
#17302 = COLOUR_RGB('',0.823999987314,0.819999987296,0.781000009244);
#17303 = STYLED_ITEM('color',(#17304),#3596);
#17304 = PRESENTATION_STYLE_ASSIGNMENT((#17305));
#17305 = SURFACE_STYLE_USAGE(.BOTH.,#17306);
#17306 = SURFACE_SIDE_STYLE('',(#17307));
#17307 = SURFACE_STYLE_FILL_AREA(#17308);
#17308 = FILL_AREA_STYLE('',(#17309));
#17309 = FILL_AREA_STYLE_COLOUR('',#17302);
#17310 = STYLED_ITEM('color',(#17311),#3627);
#17311 = PRESENTATION_STYLE_ASSIGNMENT((#17312));
#17312 = SURFACE_STYLE_USAGE(.BOTH.,#17313);
#17313 = SURFACE_SIDE_STYLE('',(#17314));
#17314 = SURFACE_STYLE_FILL_AREA(#17315);
#17315 = FILL_AREA_STYLE('',(#17316));
#17316 = FILL_AREA_STYLE_COLOUR('',#17302);
#17317 = STYLED_ITEM('color',(#17318),#3651);
#17318 = PRESENTATION_STYLE_ASSIGNMENT((#17319));
#17319 = SURFACE_STYLE_USAGE(.BOTH.,#17320);
#17320 = SURFACE_SIDE_STYLE('',(#17321));
#17321 = SURFACE_STYLE_FILL_AREA(#17322);
#17322 = FILL_AREA_STYLE('',(#17323));
#17323 = FILL_AREA_STYLE_COLOUR('',#17302);
#17324 = STYLED_ITEM('color',(#17325),#3675);
#17325 = PRESENTATION_STYLE_ASSIGNMENT((#17326));
#17326 = SURFACE_STYLE_USAGE(.BOTH.,#17327);
#17327 = SURFACE_SIDE_STYLE('',(#17328));
#17328 = SURFACE_STYLE_FILL_AREA(#17329);
#17329 = FILL_AREA_STYLE('',(#17330));
#17330 = FILL_AREA_STYLE_COLOUR('',#17302);
#17331 = STYLED_ITEM('color',(#17332),#3692);
#17332 = PRESENTATION_STYLE_ASSIGNMENT((#17333));
#17333 = SURFACE_STYLE_USAGE(.BOTH.,#17334);
#17334 = SURFACE_SIDE_STYLE('',(#17335));
#17335 = SURFACE_STYLE_FILL_AREA(#17336);
#17336 = FILL_AREA_STYLE('',(#17337));
#17337 = FILL_AREA_STYLE_COLOUR('',#17302);
#17338 = STYLED_ITEM('color',(#17339),#3837);
#17339 = PRESENTATION_STYLE_ASSIGNMENT((#17340));
#17340 = SURFACE_STYLE_USAGE(.BOTH.,#17341);
#17341 = SURFACE_SIDE_STYLE('',(#17342));
#17342 = SURFACE_STYLE_FILL_AREA(#17343);
#17343 = FILL_AREA_STYLE('',(#17344));
#17344 = FILL_AREA_STYLE_COLOUR('',#17302);
#17345 = STYLED_ITEM('color',(#17346),#3902);
#17346 = PRESENTATION_STYLE_ASSIGNMENT((#17347));
#17347 = SURFACE_STYLE_USAGE(.BOTH.,#17348);
#17348 = SURFACE_SIDE_STYLE('',(#17349));
#17349 = SURFACE_STYLE_FILL_AREA(#17350);
#17350 = FILL_AREA_STYLE('',(#17351));
#17351 = FILL_AREA_STYLE_COLOUR('',#17302);
#17352 = STYLED_ITEM('color',(#17353),#4069);
#17353 = PRESENTATION_STYLE_ASSIGNMENT((#17354));
#17354 = SURFACE_STYLE_USAGE(.BOTH.,#17355);
#17355 = SURFACE_SIDE_STYLE('',(#17356));
#17356 = SURFACE_STYLE_FILL_AREA(#17357);
#17357 = FILL_AREA_STYLE('',(#17358));
#17358 = FILL_AREA_STYLE_COLOUR('',#17302);
#17359 = STYLED_ITEM('color',(#17360),#4100);
#17360 = PRESENTATION_STYLE_ASSIGNMENT((#17361));
#17361 = SURFACE_STYLE_USAGE(.BOTH.,#17362);
#17362 = SURFACE_SIDE_STYLE('',(#17363));
#17363 = SURFACE_STYLE_FILL_AREA(#17364);
#17364 = FILL_AREA_STYLE('',(#17365));
#17365 = FILL_AREA_STYLE_COLOUR('',#17302);
#17366 = STYLED_ITEM('color',(#17367),#4170);
#17367 = PRESENTATION_STYLE_ASSIGNMENT((#17368));
#17368 = SURFACE_STYLE_USAGE(.BOTH.,#17369);
#17369 = SURFACE_SIDE_STYLE('',(#17370));
#17370 = SURFACE_STYLE_FILL_AREA(#17371);
#17371 = FILL_AREA_STYLE('',(#17372));
#17372 = FILL_AREA_STYLE_COLOUR('',#17373);
#17373 = COLOUR_RGB('',0.147999998088,0.144999993226,0.144999993226);
#17374 = STYLED_ITEM('color',(#17375),#4201);
#17375 = PRESENTATION_STYLE_ASSIGNMENT((#17376));
#17376 = SURFACE_STYLE_USAGE(.BOTH.,#17377);
#17377 = SURFACE_SIDE_STYLE('',(#17378));
#17378 = SURFACE_STYLE_FILL_AREA(#17379);
#17379 = FILL_AREA_STYLE('',(#17380));
#17380 = FILL_AREA_STYLE_COLOUR('',#17373);
#17381 = STYLED_ITEM('color',(#17382),#4241);
#17382 = PRESENTATION_STYLE_ASSIGNMENT((#17383));
#17383 = SURFACE_STYLE_USAGE(.BOTH.,#17384);
#17384 = SURFACE_SIDE_STYLE('',(#17385));
#17385 = SURFACE_STYLE_FILL_AREA(#17386);
#17386 = FILL_AREA_STYLE('',(#17387));
#17387 = FILL_AREA_STYLE_COLOUR('',#17302);
#17388 = STYLED_ITEM('color',(#17389),#4397);
#17389 = PRESENTATION_STYLE_ASSIGNMENT((#17390));
#17390 = SURFACE_STYLE_USAGE(.BOTH.,#17391);
#17391 = SURFACE_SIDE_STYLE('',(#17392));
#17392 = SURFACE_STYLE_FILL_AREA(#17393);
#17393 = FILL_AREA_STYLE('',(#17394));
#17394 = FILL_AREA_STYLE_COLOUR('',#17373);
#17395 = STYLED_ITEM('color',(#17396),#4437);
#17396 = PRESENTATION_STYLE_ASSIGNMENT((#17397));
#17397 = SURFACE_STYLE_USAGE(.BOTH.,#17398);
#17398 = SURFACE_SIDE_STYLE('',(#17399));
#17399 = SURFACE_STYLE_FILL_AREA(#17400);
#17400 = FILL_AREA_STYLE('',(#17401));
#17401 = FILL_AREA_STYLE_COLOUR('',#17373);
#17402 = STYLED_ITEM('color',(#17403),#4461);
#17403 = PRESENTATION_STYLE_ASSIGNMENT((#17404));
#17404 = SURFACE_STYLE_USAGE(.BOTH.,#17405);
#17405 = SURFACE_SIDE_STYLE('',(#17406));
#17406 = SURFACE_STYLE_FILL_AREA(#17407);
#17407 = FILL_AREA_STYLE('',(#17408));
#17408 = FILL_AREA_STYLE_COLOUR('',#17302);
#17409 = STYLED_ITEM('color',(#17410),#4515);
#17410 = PRESENTATION_STYLE_ASSIGNMENT((#17411));
#17411 = SURFACE_STYLE_USAGE(.BOTH.,#17412);
#17412 = SURFACE_SIDE_STYLE('',(#17413));
#17413 = SURFACE_STYLE_FILL_AREA(#17414);
#17414 = FILL_AREA_STYLE('',(#17415));
#17415 = FILL_AREA_STYLE_COLOUR('',#17302);
#17416 = STYLED_ITEM('color',(#17417),#4539);
#17417 = PRESENTATION_STYLE_ASSIGNMENT((#17418));
#17418 = SURFACE_STYLE_USAGE(.BOTH.,#17419);
#17419 = SURFACE_SIDE_STYLE('',(#17420));
#17420 = SURFACE_STYLE_FILL_AREA(#17421);
#17421 = FILL_AREA_STYLE('',(#17422));
#17422 = FILL_AREA_STYLE_COLOUR('',#17373);
#17423 = STYLED_ITEM('color',(#17424),#4570);
#17424 = PRESENTATION_STYLE_ASSIGNMENT((#17425));
#17425 = SURFACE_STYLE_USAGE(.BOTH.,#17426);
#17426 = SURFACE_SIDE_STYLE('',(#17427));
#17427 = SURFACE_STYLE_FILL_AREA(#17428);
#17428 = FILL_AREA_STYLE('',(#17429));
#17429 = FILL_AREA_STYLE_COLOUR('',#17302);
#17430 = STYLED_ITEM('color',(#17431),#4617);
#17431 = PRESENTATION_STYLE_ASSIGNMENT((#17432));
#17432 = SURFACE_STYLE_USAGE(.BOTH.,#17433);
#17433 = SURFACE_SIDE_STYLE('',(#17434));
#17434 = SURFACE_STYLE_FILL_AREA(#17435);
#17435 = FILL_AREA_STYLE('',(#17436));
#17436 = FILL_AREA_STYLE_COLOUR('',#17373);
#17437 = STYLED_ITEM('color',(#17438),#4648);
#17438 = PRESENTATION_STYLE_ASSIGNMENT((#17439));
#17439 = SURFACE_STYLE_USAGE(.BOTH.,#17440);
#17440 = SURFACE_SIDE_STYLE('',(#17441));
#17441 = SURFACE_STYLE_FILL_AREA(#17442);
#17442 = FILL_AREA_STYLE('',(#17443));
#17443 = FILL_AREA_STYLE_COLOUR('',#17302);
#17444 = STYLED_ITEM('color',(#17445),#4665);
#17445 = PRESENTATION_STYLE_ASSIGNMENT((#17446));
#17446 = SURFACE_STYLE_USAGE(.BOTH.,#17447);
#17447 = SURFACE_SIDE_STYLE('',(#17448));
#17448 = SURFACE_STYLE_FILL_AREA(#17449);
#17449 = FILL_AREA_STYLE('',(#17450));
#17450 = FILL_AREA_STYLE_COLOUR('',#17302);
#17451 = STYLED_ITEM('color',(#17452),#4696);
#17452 = PRESENTATION_STYLE_ASSIGNMENT((#17453));
#17453 = SURFACE_STYLE_USAGE(.BOTH.,#17454);
#17454 = SURFACE_SIDE_STYLE('',(#17455));
#17455 = SURFACE_STYLE_FILL_AREA(#17456);
#17456 = FILL_AREA_STYLE('',(#17457));
#17457 = FILL_AREA_STYLE_COLOUR('',#17302);
#17458 = STYLED_ITEM('color',(#17459),#4720);
#17459 = PRESENTATION_STYLE_ASSIGNMENT((#17460));
#17460 = SURFACE_STYLE_USAGE(.BOTH.,#17461);
#17461 = SURFACE_SIDE_STYLE('',(#17462));
#17462 = SURFACE_STYLE_FILL_AREA(#17463);
#17463 = FILL_AREA_STYLE('',(#17464));
#17464 = FILL_AREA_STYLE_COLOUR('',#17373);
#17465 = STYLED_ITEM('color',(#17466),#4752);
#17466 = PRESENTATION_STYLE_ASSIGNMENT((#17467));
#17467 = SURFACE_STYLE_USAGE(.BOTH.,#17468);
#17468 = SURFACE_SIDE_STYLE('',(#17469));
#17469 = SURFACE_STYLE_FILL_AREA(#17470);
#17470 = FILL_AREA_STYLE('',(#17471));
#17471 = FILL_AREA_STYLE_COLOUR('',#17302);
#17472 = STYLED_ITEM('color',(#17473),#4774);
#17473 = PRESENTATION_STYLE_ASSIGNMENT((#17474));
#17474 = SURFACE_STYLE_USAGE(.BOTH.,#17475);
#17475 = SURFACE_SIDE_STYLE('',(#17476));
#17476 = SURFACE_STYLE_FILL_AREA(#17477);
#17477 = FILL_AREA_STYLE('',(#17478));
#17478 = FILL_AREA_STYLE_COLOUR('',#17373);
#17479 = STYLED_ITEM('color',(#17480),#4813);
#17480 = PRESENTATION_STYLE_ASSIGNMENT((#17481));
#17481 = SURFACE_STYLE_USAGE(.BOTH.,#17482);
#17482 = SURFACE_SIDE_STYLE('',(#17483));
#17483 = SURFACE_STYLE_FILL_AREA(#17484);
#17484 = FILL_AREA_STYLE('',(#17485));
#17485 = FILL_AREA_STYLE_COLOUR('',#17302);
#17486 = STYLED_ITEM('color',(#17487),#4934);
#17487 = PRESENTATION_STYLE_ASSIGNMENT((#17488));
#17488 = SURFACE_STYLE_USAGE(.BOTH.,#17489);
#17489 = SURFACE_SIDE_STYLE('',(#17490));
#17490 = SURFACE_STYLE_FILL_AREA(#17491);
#17491 = FILL_AREA_STYLE('',(#17492));
#17492 = FILL_AREA_STYLE_COLOUR('',#17302);
#17493 = STYLED_ITEM('color',(#17494),#4965);
#17494 = PRESENTATION_STYLE_ASSIGNMENT((#17495));
#17495 = SURFACE_STYLE_USAGE(.BOTH.,#17496);
#17496 = SURFACE_SIDE_STYLE('',(#17497));
#17497 = SURFACE_STYLE_FILL_AREA(#17498);
#17498 = FILL_AREA_STYLE('',(#17499));
#17499 = FILL_AREA_STYLE_COLOUR('',#17302);
#17500 = STYLED_ITEM('color',(#17501),#4989);
#17501 = PRESENTATION_STYLE_ASSIGNMENT((#17502));
#17502 = SURFACE_STYLE_USAGE(.BOTH.,#17503);
#17503 = SURFACE_SIDE_STYLE('',(#17504));
#17504 = SURFACE_STYLE_FILL_AREA(#17505);
#17505 = FILL_AREA_STYLE('',(#17506));
#17506 = FILL_AREA_STYLE_COLOUR('',#17302);
#17507 = STYLED_ITEM('color',(#17508),#5013);
#17508 = PRESENTATION_STYLE_ASSIGNMENT((#17509));
#17509 = SURFACE_STYLE_USAGE(.BOTH.,#17510);
#17510 = SURFACE_SIDE_STYLE('',(#17511));
#17511 = SURFACE_STYLE_FILL_AREA(#17512);
#17512 = FILL_AREA_STYLE('',(#17513));
#17513 = FILL_AREA_STYLE_COLOUR('',#17302);
#17514 = STYLED_ITEM('color',(#17515),#5046);
#17515 = PRESENTATION_STYLE_ASSIGNMENT((#17516));
#17516 = SURFACE_STYLE_USAGE(.BOTH.,#17517);
#17517 = SURFACE_SIDE_STYLE('',(#17518));
#17518 = SURFACE_STYLE_FILL_AREA(#17519);
#17519 = FILL_AREA_STYLE('',(#17520));
#17520 = FILL_AREA_STYLE_COLOUR('',#17302);
#17521 = STYLED_ITEM('color',(#17522),#5079);
#17522 = PRESENTATION_STYLE_ASSIGNMENT((#17523));
#17523 = SURFACE_STYLE_USAGE(.BOTH.,#17524);
#17524 = SURFACE_SIDE_STYLE('',(#17525));
#17525 = SURFACE_STYLE_FILL_AREA(#17526);
#17526 = FILL_AREA_STYLE('',(#17527));
#17527 = FILL_AREA_STYLE_COLOUR('',#17302);
#17528 = STYLED_ITEM('color',(#17529),#5112);
#17529 = PRESENTATION_STYLE_ASSIGNMENT((#17530));
#17530 = SURFACE_STYLE_USAGE(.BOTH.,#17531);
#17531 = SURFACE_SIDE_STYLE('',(#17532));
#17532 = SURFACE_STYLE_FILL_AREA(#17533);
#17533 = FILL_AREA_STYLE('',(#17534));
#17534 = FILL_AREA_STYLE_COLOUR('',#17373);
#17535 = STYLED_ITEM('color',(#17536),#5137);
#17536 = PRESENTATION_STYLE_ASSIGNMENT((#17537));
#17537 = SURFACE_STYLE_USAGE(.BOTH.,#17538);
#17538 = SURFACE_SIDE_STYLE('',(#17539));
#17539 = SURFACE_STYLE_FILL_AREA(#17540);
#17540 = FILL_AREA_STYLE('',(#17541));
#17541 = FILL_AREA_STYLE_COLOUR('',#17373);
#17542 = STYLED_ITEM('color',(#17543),#5162);
#17543 = PRESENTATION_STYLE_ASSIGNMENT((#17544));
#17544 = SURFACE_STYLE_USAGE(.BOTH.,#17545);
#17545 = SURFACE_SIDE_STYLE('',(#17546));
#17546 = SURFACE_STYLE_FILL_AREA(#17547);
#17547 = FILL_AREA_STYLE('',(#17548));
#17548 = FILL_AREA_STYLE_COLOUR('',#17302);
#17549 = STYLED_ITEM('color',(#17550),#5186);
#17550 = PRESENTATION_STYLE_ASSIGNMENT((#17551));
#17551 = SURFACE_STYLE_USAGE(.BOTH.,#17552);
#17552 = SURFACE_SIDE_STYLE('',(#17553));
#17553 = SURFACE_STYLE_FILL_AREA(#17554);
#17554 = FILL_AREA_STYLE('',(#17555));
#17555 = FILL_AREA_STYLE_COLOUR('',#17302);
#17556 = STYLED_ITEM('color',(#17557),#5203);
#17557 = PRESENTATION_STYLE_ASSIGNMENT((#17558));
#17558 = SURFACE_STYLE_USAGE(.BOTH.,#17559);
#17559 = SURFACE_SIDE_STYLE('',(#17560));
#17560 = SURFACE_STYLE_FILL_AREA(#17561);
#17561 = FILL_AREA_STYLE('',(#17562));
#17562 = FILL_AREA_STYLE_COLOUR('',#17302);
#17563 = STYLED_ITEM('color',(#17564),#5215);
#17564 = PRESENTATION_STYLE_ASSIGNMENT((#17565));
#17565 = SURFACE_STYLE_USAGE(.BOTH.,#17566);
#17566 = SURFACE_SIDE_STYLE('',(#17567));
#17567 = SURFACE_STYLE_FILL_AREA(#17568);
#17568 = FILL_AREA_STYLE('',(#17569));
#17569 = FILL_AREA_STYLE_COLOUR('',#17302);
#17570 = STYLED_ITEM('color',(#17571),#5239);
#17571 = PRESENTATION_STYLE_ASSIGNMENT((#17572));
#17572 = SURFACE_STYLE_USAGE(.BOTH.,#17573);
#17573 = SURFACE_SIDE_STYLE('',(#17574));
#17574 = SURFACE_STYLE_FILL_AREA(#17575);
#17575 = FILL_AREA_STYLE('',(#17576));
#17576 = FILL_AREA_STYLE_COLOUR('',#17302);
#17577 = STYLED_ITEM('color',(#17578),#5263);
#17578 = PRESENTATION_STYLE_ASSIGNMENT((#17579));
#17579 = SURFACE_STYLE_USAGE(.BOTH.,#17580);
#17580 = SURFACE_SIDE_STYLE('',(#17581));
#17581 = SURFACE_STYLE_FILL_AREA(#17582);
#17582 = FILL_AREA_STYLE('',(#17583));
#17583 = FILL_AREA_STYLE_COLOUR('',#17373);
#17584 = STYLED_ITEM('color',(#17585),#5302);
#17585 = PRESENTATION_STYLE_ASSIGNMENT((#17586));
#17586 = SURFACE_STYLE_USAGE(.BOTH.,#17587);
#17587 = SURFACE_SIDE_STYLE('',(#17588));
#17588 = SURFACE_STYLE_FILL_AREA(#17589);
#17589 = FILL_AREA_STYLE('',(#17590));
#17590 = FILL_AREA_STYLE_COLOUR('',#17302);
#17591 = STYLED_ITEM('color',(#17592),#5324);
#17592 = PRESENTATION_STYLE_ASSIGNMENT((#17593));
#17593 = SURFACE_STYLE_USAGE(.BOTH.,#17594);
#17594 = SURFACE_SIDE_STYLE('',(#17595));
#17595 = SURFACE_STYLE_FILL_AREA(#17596);
#17596 = FILL_AREA_STYLE('',(#17597));
#17597 = FILL_AREA_STYLE_COLOUR('',#17373);
#17598 = STYLED_ITEM('color',(#17599),#5356);
#17599 = PRESENTATION_STYLE_ASSIGNMENT((#17600));
#17600 = SURFACE_STYLE_USAGE(.BOTH.,#17601);
#17601 = SURFACE_SIDE_STYLE('',(#17602));
#17602 = SURFACE_STYLE_FILL_AREA(#17603);
#17603 = FILL_AREA_STYLE('',(#17604));
#17604 = FILL_AREA_STYLE_COLOUR('',#17373);
#17605 = STYLED_ITEM('color',(#17606),#5381);
#17606 = PRESENTATION_STYLE_ASSIGNMENT((#17607));
#17607 = SURFACE_STYLE_USAGE(.BOTH.,#17608);
#17608 = SURFACE_SIDE_STYLE('',(#17609));
#17609 = SURFACE_STYLE_FILL_AREA(#17610);
#17610 = FILL_AREA_STYLE('',(#17611));
#17611 = FILL_AREA_STYLE_COLOUR('',#17373);
#17612 = STYLED_ITEM('color',(#17613),#5407);
#17613 = PRESENTATION_STYLE_ASSIGNMENT((#17614));
#17614 = SURFACE_STYLE_USAGE(.BOTH.,#17615);
#17615 = SURFACE_SIDE_STYLE('',(#17616));
#17616 = SURFACE_STYLE_FILL_AREA(#17617);
#17617 = FILL_AREA_STYLE('',(#17618));
#17618 = FILL_AREA_STYLE_COLOUR('',#17373);
#17619 = STYLED_ITEM('color',(#17620),#5424);
#17620 = PRESENTATION_STYLE_ASSIGNMENT((#17621));
#17621 = SURFACE_STYLE_USAGE(.BOTH.,#17622);
#17622 = SURFACE_SIDE_STYLE('',(#17623));
#17623 = SURFACE_STYLE_FILL_AREA(#17624);
#17624 = FILL_AREA_STYLE('',(#17625));
#17625 = FILL_AREA_STYLE_COLOUR('',#17373);
#17626 = STYLED_ITEM('color',(#17627),#5464);
#17627 = PRESENTATION_STYLE_ASSIGNMENT((#17628));
#17628 = SURFACE_STYLE_USAGE(.BOTH.,#17629);
#17629 = SURFACE_SIDE_STYLE('',(#17630));
#17630 = SURFACE_STYLE_FILL_AREA(#17631);
#17631 = FILL_AREA_STYLE('',(#17632));
#17632 = FILL_AREA_STYLE_COLOUR('',#17373);
#17633 = STYLED_ITEM('color',(#17634),#5490);
#17634 = PRESENTATION_STYLE_ASSIGNMENT((#17635));
#17635 = SURFACE_STYLE_USAGE(.BOTH.,#17636);
#17636 = SURFACE_SIDE_STYLE('',(#17637));
#17637 = SURFACE_STYLE_FILL_AREA(#17638);
#17638 = FILL_AREA_STYLE('',(#17639));
#17639 = FILL_AREA_STYLE_COLOUR('',#17373);
#17640 = STYLED_ITEM('color',(#17641),#5516);
#17641 = PRESENTATION_STYLE_ASSIGNMENT((#17642));
#17642 = SURFACE_STYLE_USAGE(.BOTH.,#17643);
#17643 = SURFACE_SIDE_STYLE('',(#17644));
#17644 = SURFACE_STYLE_FILL_AREA(#17645);
#17645 = FILL_AREA_STYLE('',(#17646));
#17646 = FILL_AREA_STYLE_COLOUR('',#17373);
#17647 = STYLED_ITEM('color',(#17648),#5549);
#17648 = PRESENTATION_STYLE_ASSIGNMENT((#17649));
#17649 = SURFACE_STYLE_USAGE(.BOTH.,#17650);
#17650 = SURFACE_SIDE_STYLE('',(#17651));
#17651 = SURFACE_STYLE_FILL_AREA(#17652);
#17652 = FILL_AREA_STYLE('',(#17653));
#17653 = FILL_AREA_STYLE_COLOUR('',#17373);
#17654 = STYLED_ITEM('color',(#17655),#5582);
#17655 = PRESENTATION_STYLE_ASSIGNMENT((#17656));
#17656 = SURFACE_STYLE_USAGE(.BOTH.,#17657);
#17657 = SURFACE_SIDE_STYLE('',(#17658));
#17658 = SURFACE_STYLE_FILL_AREA(#17659);
#17659 = FILL_AREA_STYLE('',(#17660));
#17660 = FILL_AREA_STYLE_COLOUR('',#17302);
#17661 = STYLED_ITEM('color',(#17662),#5613);
#17662 = PRESENTATION_STYLE_ASSIGNMENT((#17663));
#17663 = SURFACE_STYLE_USAGE(.BOTH.,#17664);
#17664 = SURFACE_SIDE_STYLE('',(#17665));
#17665 = SURFACE_STYLE_FILL_AREA(#17666);
#17666 = FILL_AREA_STYLE('',(#17667));
#17667 = FILL_AREA_STYLE_COLOUR('',#17302);
#17668 = STYLED_ITEM('color',(#17669),#5637);
#17669 = PRESENTATION_STYLE_ASSIGNMENT((#17670));
#17670 = SURFACE_STYLE_USAGE(.BOTH.,#17671);
#17671 = SURFACE_SIDE_STYLE('',(#17672));
#17672 = SURFACE_STYLE_FILL_AREA(#17673);
#17673 = FILL_AREA_STYLE('',(#17674));
#17674 = FILL_AREA_STYLE_COLOUR('',#17302);
#17675 = STYLED_ITEM('color',(#17676),#5661);
#17676 = PRESENTATION_STYLE_ASSIGNMENT((#17677));
#17677 = SURFACE_STYLE_USAGE(.BOTH.,#17678);
#17678 = SURFACE_SIDE_STYLE('',(#17679));
#17679 = SURFACE_STYLE_FILL_AREA(#17680);
#17680 = FILL_AREA_STYLE('',(#17681));
#17681 = FILL_AREA_STYLE_COLOUR('',#17302);
#17682 = STYLED_ITEM('color',(#17683),#5678);
#17683 = PRESENTATION_STYLE_ASSIGNMENT((#17684));
#17684 = SURFACE_STYLE_USAGE(.BOTH.,#17685);
#17685 = SURFACE_SIDE_STYLE('',(#17686));
#17686 = SURFACE_STYLE_FILL_AREA(#17687);
#17687 = FILL_AREA_STYLE('',(#17688));
#17688 = FILL_AREA_STYLE_COLOUR('',#17302);
#17689 = STYLED_ITEM('color',(#17690),#5709);
#17690 = PRESENTATION_STYLE_ASSIGNMENT((#17691));
#17691 = SURFACE_STYLE_USAGE(.BOTH.,#17692);
#17692 = SURFACE_SIDE_STYLE('',(#17693));
#17693 = SURFACE_STYLE_FILL_AREA(#17694);
#17694 = FILL_AREA_STYLE('',(#17695));
#17695 = FILL_AREA_STYLE_COLOUR('',#17302);
#17696 = STYLED_ITEM('color',(#17697),#5733);
#17697 = PRESENTATION_STYLE_ASSIGNMENT((#17698));
#17698 = SURFACE_STYLE_USAGE(.BOTH.,#17699);
#17699 = SURFACE_SIDE_STYLE('',(#17700));
#17700 = SURFACE_STYLE_FILL_AREA(#17701);
#17701 = FILL_AREA_STYLE('',(#17702));
#17702 = FILL_AREA_STYLE_COLOUR('',#17302);
#17703 = STYLED_ITEM('color',(#17704),#5757);
#17704 = PRESENTATION_STYLE_ASSIGNMENT((#17705));
#17705 = SURFACE_STYLE_USAGE(.BOTH.,#17706);
#17706 = SURFACE_SIDE_STYLE('',(#17707));
#17707 = SURFACE_STYLE_FILL_AREA(#17708);
#17708 = FILL_AREA_STYLE('',(#17709));
#17709 = FILL_AREA_STYLE_COLOUR('',#17302);
#17710 = STYLED_ITEM('color',(#17711),#5774);
#17711 = PRESENTATION_STYLE_ASSIGNMENT((#17712));
#17712 = SURFACE_STYLE_USAGE(.BOTH.,#17713);
#17713 = SURFACE_SIDE_STYLE('',(#17714));
#17714 = SURFACE_STYLE_FILL_AREA(#17715);
#17715 = FILL_AREA_STYLE('',(#17716));
#17716 = FILL_AREA_STYLE_COLOUR('',#17373);
#17717 = STYLED_ITEM('color',(#17718),#5798);
#17718 = PRESENTATION_STYLE_ASSIGNMENT((#17719));
#17719 = SURFACE_STYLE_USAGE(.BOTH.,#17720);
#17720 = SURFACE_SIDE_STYLE('',(#17721));
#17721 = SURFACE_STYLE_FILL_AREA(#17722);
#17722 = FILL_AREA_STYLE('',(#17723));
#17723 = FILL_AREA_STYLE_COLOUR('',#17373);
#17724 = STYLED_ITEM('color',(#17725),#5816);
#17725 = PRESENTATION_STYLE_ASSIGNMENT((#17726));
#17726 = SURFACE_STYLE_USAGE(.BOTH.,#17727);
#17727 = SURFACE_SIDE_STYLE('',(#17728));
#17728 = SURFACE_STYLE_FILL_AREA(#17729);
#17729 = FILL_AREA_STYLE('',(#17730));
#17730 = FILL_AREA_STYLE_COLOUR('',#17302);
#17731 = STYLED_ITEM('color',(#17732),#5828);
#17732 = PRESENTATION_STYLE_ASSIGNMENT((#17733));
#17733 = SURFACE_STYLE_USAGE(.BOTH.,#17734);
#17734 = SURFACE_SIDE_STYLE('',(#17735));
#17735 = SURFACE_STYLE_FILL_AREA(#17736);
#17736 = FILL_AREA_STYLE('',(#17737));
#17737 = FILL_AREA_STYLE_COLOUR('',#17373);
#17738 = STYLED_ITEM('color',(#17739),#5852);
#17739 = PRESENTATION_STYLE_ASSIGNMENT((#17740));
#17740 = SURFACE_STYLE_USAGE(.BOTH.,#17741);
#17741 = SURFACE_SIDE_STYLE('',(#17742));
#17742 = SURFACE_STYLE_FILL_AREA(#17743);
#17743 = FILL_AREA_STYLE('',(#17744));
#17744 = FILL_AREA_STYLE_COLOUR('',#17373);
#17745 = STYLED_ITEM('color',(#17746),#5869);
#17746 = PRESENTATION_STYLE_ASSIGNMENT((#17747));
#17747 = SURFACE_STYLE_USAGE(.BOTH.,#17748);
#17748 = SURFACE_SIDE_STYLE('',(#17749));
#17749 = SURFACE_STYLE_FILL_AREA(#17750);
#17750 = FILL_AREA_STYLE('',(#17751));
#17751 = FILL_AREA_STYLE_COLOUR('',#17373);
#17752 = STYLED_ITEM('color',(#17753),#5888);
#17753 = PRESENTATION_STYLE_ASSIGNMENT((#17754));
#17754 = SURFACE_STYLE_USAGE(.BOTH.,#17755);
#17755 = SURFACE_SIDE_STYLE('',(#17756));
#17756 = SURFACE_STYLE_FILL_AREA(#17757);
#17757 = FILL_AREA_STYLE('',(#17758));
#17758 = FILL_AREA_STYLE_COLOUR('',#17373);
#17759 = STYLED_ITEM('color',(#17760),#5919);
#17760 = PRESENTATION_STYLE_ASSIGNMENT((#17761));
#17761 = SURFACE_STYLE_USAGE(.BOTH.,#17762);
#17762 = SURFACE_SIDE_STYLE('',(#17763));
#17763 = SURFACE_STYLE_FILL_AREA(#17764);
#17764 = FILL_AREA_STYLE('',(#17765));
#17765 = FILL_AREA_STYLE_COLOUR('',#17373);
#17766 = STYLED_ITEM('color',(#17767),#5950);
#17767 = PRESENTATION_STYLE_ASSIGNMENT((#17768));
#17768 = SURFACE_STYLE_USAGE(.BOTH.,#17769);
#17769 = SURFACE_SIDE_STYLE('',(#17770));
#17770 = SURFACE_STYLE_FILL_AREA(#17771);
#17771 = FILL_AREA_STYLE('',(#17772));
#17772 = FILL_AREA_STYLE_COLOUR('',#17302);
#17773 = STYLED_ITEM('color',(#17774),#5967);
#17774 = PRESENTATION_STYLE_ASSIGNMENT((#17775));
#17775 = SURFACE_STYLE_USAGE(.BOTH.,#17776);
#17776 = SURFACE_SIDE_STYLE('',(#17777));
#17777 = SURFACE_STYLE_FILL_AREA(#17778);
#17778 = FILL_AREA_STYLE('',(#17779));
#17779 = FILL_AREA_STYLE_COLOUR('',#17302);
#17780 = STYLED_ITEM('color',(#17781),#5979);
#17781 = PRESENTATION_STYLE_ASSIGNMENT((#17782));
#17782 = SURFACE_STYLE_USAGE(.BOTH.,#17783);
#17783 = SURFACE_SIDE_STYLE('',(#17784));
#17784 = SURFACE_STYLE_FILL_AREA(#17785);
#17785 = FILL_AREA_STYLE('',(#17786));
#17786 = FILL_AREA_STYLE_COLOUR('',#17373);
#17787 = STYLED_ITEM('color',(#17788),#5991);
#17788 = PRESENTATION_STYLE_ASSIGNMENT((#17789));
#17789 = SURFACE_STYLE_USAGE(.BOTH.,#17790);
#17790 = SURFACE_SIDE_STYLE('',(#17791));
#17791 = SURFACE_STYLE_FILL_AREA(#17792);
#17792 = FILL_AREA_STYLE('',(#17793));
#17793 = FILL_AREA_STYLE_COLOUR('',#17373);
#17794 = STYLED_ITEM('color',(#17795),#6015);
#17795 = PRESENTATION_STYLE_ASSIGNMENT((#17796));
#17796 = SURFACE_STYLE_USAGE(.BOTH.,#17797);
#17797 = SURFACE_SIDE_STYLE('',(#17798));
#17798 = SURFACE_STYLE_FILL_AREA(#17799);
#17799 = FILL_AREA_STYLE('',(#17800));
#17800 = FILL_AREA_STYLE_COLOUR('',#17373);
#17801 = STYLED_ITEM('color',(#17802),#6038);
#17802 = PRESENTATION_STYLE_ASSIGNMENT((#17803));
#17803 = SURFACE_STYLE_USAGE(.BOTH.,#17804);
#17804 = SURFACE_SIDE_STYLE('',(#17805));
#17805 = SURFACE_STYLE_FILL_AREA(#17806);
#17806 = FILL_AREA_STYLE('',(#17807));
#17807 = FILL_AREA_STYLE_COLOUR('',#17373);
#17808 = STYLED_ITEM('color',(#17809),#6050);
#17809 = PRESENTATION_STYLE_ASSIGNMENT((#17810));
#17810 = SURFACE_STYLE_USAGE(.BOTH.,#17811);
#17811 = SURFACE_SIDE_STYLE('',(#17812));
#17812 = SURFACE_STYLE_FILL_AREA(#17813);
#17813 = FILL_AREA_STYLE('',(#17814));
#17814 = FILL_AREA_STYLE_COLOUR('',#17373);
#17815 = STYLED_ITEM('color',(#17816),#6081);
#17816 = PRESENTATION_STYLE_ASSIGNMENT((#17817));
#17817 = SURFACE_STYLE_USAGE(.BOTH.,#17818);
#17818 = SURFACE_SIDE_STYLE('',(#17819));
#17819 = SURFACE_STYLE_FILL_AREA(#17820);
#17820 = FILL_AREA_STYLE('',(#17821));
#17821 = FILL_AREA_STYLE_COLOUR('',#17373);
#17822 = STYLED_ITEM('color',(#17823),#6105);
#17823 = PRESENTATION_STYLE_ASSIGNMENT((#17824));
#17824 = SURFACE_STYLE_USAGE(.BOTH.,#17825);
#17825 = SURFACE_SIDE_STYLE('',(#17826));
#17826 = SURFACE_STYLE_FILL_AREA(#17827);
#17827 = FILL_AREA_STYLE('',(#17828));
#17828 = FILL_AREA_STYLE_COLOUR('',#17373);
#17829 = STYLED_ITEM('color',(#17830),#6129);
#17830 = PRESENTATION_STYLE_ASSIGNMENT((#17831));
#17831 = SURFACE_STYLE_USAGE(.BOTH.,#17832);
#17832 = SURFACE_SIDE_STYLE('',(#17833));
#17833 = SURFACE_STYLE_FILL_AREA(#17834);
#17834 = FILL_AREA_STYLE('',(#17835));
#17835 = FILL_AREA_STYLE_COLOUR('',#17373);
#17836 = STYLED_ITEM('color',(#17837),#6160);
#17837 = PRESENTATION_STYLE_ASSIGNMENT((#17838));
#17838 = SURFACE_STYLE_USAGE(.BOTH.,#17839);
#17839 = SURFACE_SIDE_STYLE('',(#17840));
#17840 = SURFACE_STYLE_FILL_AREA(#17841);
#17841 = FILL_AREA_STYLE('',(#17842));
#17842 = FILL_AREA_STYLE_COLOUR('',#17373);
#17843 = STYLED_ITEM('color',(#17844),#6184);
#17844 = PRESENTATION_STYLE_ASSIGNMENT((#17845));
#17845 = SURFACE_STYLE_USAGE(.BOTH.,#17846);
#17846 = SURFACE_SIDE_STYLE('',(#17847));
#17847 = SURFACE_STYLE_FILL_AREA(#17848);
#17848 = FILL_AREA_STYLE('',(#17849));
#17849 = FILL_AREA_STYLE_COLOUR('',#17373);
#17850 = STYLED_ITEM('color',(#17851),#6208);
#17851 = PRESENTATION_STYLE_ASSIGNMENT((#17852));
#17852 = SURFACE_STYLE_USAGE(.BOTH.,#17853);
#17853 = SURFACE_SIDE_STYLE('',(#17854));
#17854 = SURFACE_STYLE_FILL_AREA(#17855);
#17855 = FILL_AREA_STYLE('',(#17856));
#17856 = FILL_AREA_STYLE_COLOUR('',#17373);
#17857 = STYLED_ITEM('color',(#17858),#6239);
#17858 = PRESENTATION_STYLE_ASSIGNMENT((#17859));
#17859 = SURFACE_STYLE_USAGE(.BOTH.,#17860);
#17860 = SURFACE_SIDE_STYLE('',(#17861));
#17861 = SURFACE_STYLE_FILL_AREA(#17862);
#17862 = FILL_AREA_STYLE('',(#17863));
#17863 = FILL_AREA_STYLE_COLOUR('',#17373);
#17864 = STYLED_ITEM('color',(#17865),#6263);
#17865 = PRESENTATION_STYLE_ASSIGNMENT((#17866));
#17866 = SURFACE_STYLE_USAGE(.BOTH.,#17867);
#17867 = SURFACE_SIDE_STYLE('',(#17868));
#17868 = SURFACE_STYLE_FILL_AREA(#17869);
#17869 = FILL_AREA_STYLE('',(#17870));
#17870 = FILL_AREA_STYLE_COLOUR('',#17373);
#17871 = STYLED_ITEM('color',(#17872),#6287);
#17872 = PRESENTATION_STYLE_ASSIGNMENT((#17873));
#17873 = SURFACE_STYLE_USAGE(.BOTH.,#17874);
#17874 = SURFACE_SIDE_STYLE('',(#17875));
#17875 = SURFACE_STYLE_FILL_AREA(#17876);
#17876 = FILL_AREA_STYLE('',(#17877));
#17877 = FILL_AREA_STYLE_COLOUR('',#17373);
#17878 = STYLED_ITEM('color',(#17879),#6304);
#17879 = PRESENTATION_STYLE_ASSIGNMENT((#17880));
#17880 = SURFACE_STYLE_USAGE(.BOTH.,#17881);
#17881 = SURFACE_SIDE_STYLE('',(#17882));
#17882 = SURFACE_STYLE_FILL_AREA(#17883);
#17883 = FILL_AREA_STYLE('',(#17884));
#17884 = FILL_AREA_STYLE_COLOUR('',#17302);
#17885 = STYLED_ITEM('color',(#17886),#6321);
#17886 = PRESENTATION_STYLE_ASSIGNMENT((#17887));
#17887 = SURFACE_STYLE_USAGE(.BOTH.,#17888);
#17888 = SURFACE_SIDE_STYLE('',(#17889));
#17889 = SURFACE_STYLE_FILL_AREA(#17890);
#17890 = FILL_AREA_STYLE('',(#17891));
#17891 = FILL_AREA_STYLE_COLOUR('',#17302);
#17892 = STYLED_ITEM('color',(#17893),#6333);
#17893 = PRESENTATION_STYLE_ASSIGNMENT((#17894));
#17894 = SURFACE_STYLE_USAGE(.BOTH.,#17895);
#17895 = SURFACE_SIDE_STYLE('',(#17896));
#17896 = SURFACE_STYLE_FILL_AREA(#17897);
#17897 = FILL_AREA_STYLE('',(#17898));
#17898 = FILL_AREA_STYLE_COLOUR('',#17373);
#17899 = STYLED_ITEM('color',(#17900),#6357);
#17900 = PRESENTATION_STYLE_ASSIGNMENT((#17901));
#17901 = SURFACE_STYLE_USAGE(.BOTH.,#17902);
#17902 = SURFACE_SIDE_STYLE('',(#17903));
#17903 = SURFACE_STYLE_FILL_AREA(#17904);
#17904 = FILL_AREA_STYLE('',(#17905));
#17905 = FILL_AREA_STYLE_COLOUR('',#17906);
#17906 = COLOUR_RGB('',0.372321987396,0.371574020205,0.373173001298);
#17907 = STYLED_ITEM('color',(#17908),#6381);
#17908 = PRESENTATION_STYLE_ASSIGNMENT((#17909));
#17909 = SURFACE_STYLE_USAGE(.BOTH.,#17910);
#17910 = SURFACE_SIDE_STYLE('',(#17911));
#17911 = SURFACE_STYLE_FILL_AREA(#17912);
#17912 = FILL_AREA_STYLE('',(#17913));
#17913 = FILL_AREA_STYLE_COLOUR('',#17373);
#17914 = STYLED_ITEM('color',(#17915),#6398);
#17915 = PRESENTATION_STYLE_ASSIGNMENT((#17916));
#17916 = SURFACE_STYLE_USAGE(.BOTH.,#17917);
#17917 = SURFACE_SIDE_STYLE('',(#17918));
#17918 = SURFACE_STYLE_FILL_AREA(#17919);
#17919 = FILL_AREA_STYLE('',(#17920));
#17920 = FILL_AREA_STYLE_COLOUR('',#17373);
#17921 = STYLED_ITEM('color',(#17922),#6422);
#17922 = PRESENTATION_STYLE_ASSIGNMENT((#17923));
#17923 = SURFACE_STYLE_USAGE(.BOTH.,#17924);
#17924 = SURFACE_SIDE_STYLE('',(#17925));
#17925 = SURFACE_STYLE_FILL_AREA(#17926);
#17926 = FILL_AREA_STYLE('',(#17927));
#17927 = FILL_AREA_STYLE_COLOUR('',#17906);
#17928 = STYLED_ITEM('color',(#17929),#6446);
#17929 = PRESENTATION_STYLE_ASSIGNMENT((#17930));
#17930 = SURFACE_STYLE_USAGE(.BOTH.,#17931);
#17931 = SURFACE_SIDE_STYLE('',(#17932));
#17932 = SURFACE_STYLE_FILL_AREA(#17933);
#17933 = FILL_AREA_STYLE('',(#17934));
#17934 = FILL_AREA_STYLE_COLOUR('',#17373);
#17935 = STYLED_ITEM('color',(#17936),#6463);
#17936 = PRESENTATION_STYLE_ASSIGNMENT((#17937));
#17937 = SURFACE_STYLE_USAGE(.BOTH.,#17938);
#17938 = SURFACE_SIDE_STYLE('',(#17939));
#17939 = SURFACE_STYLE_FILL_AREA(#17940);
#17940 = FILL_AREA_STYLE('',(#17941));
#17941 = FILL_AREA_STYLE_COLOUR('',#17373);
#17942 = STYLED_ITEM('color',(#17943),#6487);
#17943 = PRESENTATION_STYLE_ASSIGNMENT((#17944));
#17944 = SURFACE_STYLE_USAGE(.BOTH.,#17945);
#17945 = SURFACE_SIDE_STYLE('',(#17946));
#17946 = SURFACE_STYLE_FILL_AREA(#17947);
#17947 = FILL_AREA_STYLE('',(#17948));
#17948 = FILL_AREA_STYLE_COLOUR('',#17906);
#17949 = STYLED_ITEM('color',(#17950),#6511);
#17950 = PRESENTATION_STYLE_ASSIGNMENT((#17951));
#17951 = SURFACE_STYLE_USAGE(.BOTH.,#17952);
#17952 = SURFACE_SIDE_STYLE('',(#17953));
#17953 = SURFACE_STYLE_FILL_AREA(#17954);
#17954 = FILL_AREA_STYLE('',(#17955));
#17955 = FILL_AREA_STYLE_COLOUR('',#17373);
#17956 = STYLED_ITEM('color',(#17957),#6528);
#17957 = PRESENTATION_STYLE_ASSIGNMENT((#17958));
#17958 = SURFACE_STYLE_USAGE(.BOTH.,#17959);
#17959 = SURFACE_SIDE_STYLE('',(#17960));
#17960 = SURFACE_STYLE_FILL_AREA(#17961);
#17961 = FILL_AREA_STYLE('',(#17962));
#17962 = FILL_AREA_STYLE_COLOUR('',#17373);
#17963 = STYLED_ITEM('color',(#17964),#6553);
#17964 = PRESENTATION_STYLE_ASSIGNMENT((#17965));
#17965 = SURFACE_STYLE_USAGE(.BOTH.,#17966);
#17966 = SURFACE_SIDE_STYLE('',(#17967));
#17967 = SURFACE_STYLE_FILL_AREA(#17968);
#17968 = FILL_AREA_STYLE('',(#17969));
#17969 = FILL_AREA_STYLE_COLOUR('',#17373);
#17970 = STYLED_ITEM('color',(#17971),#6578);
#17971 = PRESENTATION_STYLE_ASSIGNMENT((#17972));
#17972 = SURFACE_STYLE_USAGE(.BOTH.,#17973);
#17973 = SURFACE_SIDE_STYLE('',(#17974));
#17974 = SURFACE_STYLE_FILL_AREA(#17975);
#17975 = FILL_AREA_STYLE('',(#17976));
#17976 = FILL_AREA_STYLE_COLOUR('',#17373);
#17977 = STYLED_ITEM('color',(#17978),#6603);
#17978 = PRESENTATION_STYLE_ASSIGNMENT((#17979));
#17979 = SURFACE_STYLE_USAGE(.BOTH.,#17980);
#17980 = SURFACE_SIDE_STYLE('',(#17981));
#17981 = SURFACE_STYLE_FILL_AREA(#17982);
#17982 = FILL_AREA_STYLE('',(#17983));
#17983 = FILL_AREA_STYLE_COLOUR('',#17373);
#17984 = STYLED_ITEM('color',(#17985),#6620);
#17985 = PRESENTATION_STYLE_ASSIGNMENT((#17986));
#17986 = SURFACE_STYLE_USAGE(.BOTH.,#17987);
#17987 = SURFACE_SIDE_STYLE('',(#17988));
#17988 = SURFACE_STYLE_FILL_AREA(#17989);
#17989 = FILL_AREA_STYLE('',(#17990));
#17990 = FILL_AREA_STYLE_COLOUR('',#17373);
#17991 = STYLED_ITEM('color',(#17992),#6632);
#17992 = PRESENTATION_STYLE_ASSIGNMENT((#17993));
#17993 = SURFACE_STYLE_USAGE(.BOTH.,#17994);
#17994 = SURFACE_SIDE_STYLE('',(#17995));
#17995 = SURFACE_STYLE_FILL_AREA(#17996);
#17996 = FILL_AREA_STYLE('',(#17997));
#17997 = FILL_AREA_STYLE_COLOUR('',#17373);
#17998 = STYLED_ITEM('color',(#17999),#6644);
#17999 = PRESENTATION_STYLE_ASSIGNMENT((#18000));
#18000 = SURFACE_STYLE_USAGE(.BOTH.,#18001);
#18001 = SURFACE_SIDE_STYLE('',(#18002));
#18002 = SURFACE_STYLE_FILL_AREA(#18003);
#18003 = FILL_AREA_STYLE('',(#18004));
#18004 = FILL_AREA_STYLE_COLOUR('',#17373);
#18005 = STYLED_ITEM('color',(#18006),#6656);
#18006 = PRESENTATION_STYLE_ASSIGNMENT((#18007));
#18007 = SURFACE_STYLE_USAGE(.BOTH.,#18008);
#18008 = SURFACE_SIDE_STYLE('',(#18009));
#18009 = SURFACE_STYLE_FILL_AREA(#18010);
#18010 = FILL_AREA_STYLE('',(#18011));
#18011 = FILL_AREA_STYLE_COLOUR('',#17302);
#18012 = STYLED_ITEM('color',(#18013),#6668);
#18013 = PRESENTATION_STYLE_ASSIGNMENT((#18014));
#18014 = SURFACE_STYLE_USAGE(.BOTH.,#18015);
#18015 = SURFACE_SIDE_STYLE('',(#18016));
#18016 = SURFACE_STYLE_FILL_AREA(#18017);
#18017 = FILL_AREA_STYLE('',(#18018));
#18018 = FILL_AREA_STYLE_COLOUR('',#17302);
#18019 = STYLED_ITEM('color',(#18020),#6680);
#18020 = PRESENTATION_STYLE_ASSIGNMENT((#18021));
#18021 = SURFACE_STYLE_USAGE(.BOTH.,#18022);
#18022 = SURFACE_SIDE_STYLE('',(#18023));
#18023 = SURFACE_STYLE_FILL_AREA(#18024);
#18024 = FILL_AREA_STYLE('',(#18025));
#18025 = FILL_AREA_STYLE_COLOUR('',#17373);
#18026 = STYLED_ITEM('color',(#18027),#6704);
#18027 = PRESENTATION_STYLE_ASSIGNMENT((#18028));
#18028 = SURFACE_STYLE_USAGE(.BOTH.,#18029);
#18029 = SURFACE_SIDE_STYLE('',(#18030));
#18030 = SURFACE_STYLE_FILL_AREA(#18031);
#18031 = FILL_AREA_STYLE('',(#18032));
#18032 = FILL_AREA_STYLE_COLOUR('',#17373);
#18033 = STYLED_ITEM('color',(#18034),#6728);
#18034 = PRESENTATION_STYLE_ASSIGNMENT((#18035));
#18035 = SURFACE_STYLE_USAGE(.BOTH.,#18036);
#18036 = SURFACE_SIDE_STYLE('',(#18037));
#18037 = SURFACE_STYLE_FILL_AREA(#18038);
#18038 = FILL_AREA_STYLE('',(#18039));
#18039 = FILL_AREA_STYLE_COLOUR('',#17373);
#18040 = STYLED_ITEM('color',(#18041),#6761);
#18041 = PRESENTATION_STYLE_ASSIGNMENT((#18042));
#18042 = SURFACE_STYLE_USAGE(.BOTH.,#18043);
#18043 = SURFACE_SIDE_STYLE('',(#18044));
#18044 = SURFACE_STYLE_FILL_AREA(#18045);
#18045 = FILL_AREA_STYLE('',(#18046));
#18046 = FILL_AREA_STYLE_COLOUR('',#17373);
#18047 = STYLED_ITEM('color',(#18048),#6794);
#18048 = PRESENTATION_STYLE_ASSIGNMENT((#18049));
#18049 = SURFACE_STYLE_USAGE(.BOTH.,#18050);
#18050 = SURFACE_SIDE_STYLE('',(#18051));
#18051 = SURFACE_STYLE_FILL_AREA(#18052);
#18052 = FILL_AREA_STYLE('',(#18053));
#18053 = FILL_AREA_STYLE_COLOUR('',#17373);
#18054 = STYLED_ITEM('color',(#18055),#6827);
#18055 = PRESENTATION_STYLE_ASSIGNMENT((#18056));
#18056 = SURFACE_STYLE_USAGE(.BOTH.,#18057);
#18057 = SURFACE_SIDE_STYLE('',(#18058));
#18058 = SURFACE_STYLE_FILL_AREA(#18059);
#18059 = FILL_AREA_STYLE('',(#18060));
#18060 = FILL_AREA_STYLE_COLOUR('',#17373);
#18061 = STYLED_ITEM('color',(#18062),#6860);
#18062 = PRESENTATION_STYLE_ASSIGNMENT((#18063));
#18063 = SURFACE_STYLE_USAGE(.BOTH.,#18064);
#18064 = SURFACE_SIDE_STYLE('',(#18065));
#18065 = SURFACE_STYLE_FILL_AREA(#18066);
#18066 = FILL_AREA_STYLE('',(#18067));
#18067 = FILL_AREA_STYLE_COLOUR('',#17373);
#18068 = STYLED_ITEM('color',(#18069),#6913);
#18069 = PRESENTATION_STYLE_ASSIGNMENT((#18070));
#18070 = SURFACE_STYLE_USAGE(.BOTH.,#18071);
#18071 = SURFACE_SIDE_STYLE('',(#18072));
#18072 = SURFACE_STYLE_FILL_AREA(#18073);
#18073 = FILL_AREA_STYLE('',(#18074));
#18074 = FILL_AREA_STYLE_COLOUR('',#17373);
#18075 = STYLED_ITEM('color',(#18076),#6966);
#18076 = PRESENTATION_STYLE_ASSIGNMENT((#18077));
#18077 = SURFACE_STYLE_USAGE(.BOTH.,#18078);
#18078 = SURFACE_SIDE_STYLE('',(#18079));
#18079 = SURFACE_STYLE_FILL_AREA(#18080);
#18080 = FILL_AREA_STYLE('',(#18081));
#18081 = FILL_AREA_STYLE_COLOUR('',#17373);
#18082 = STYLED_ITEM('color',(#18083),#7019);
#18083 = PRESENTATION_STYLE_ASSIGNMENT((#18084));
#18084 = SURFACE_STYLE_USAGE(.BOTH.,#18085);
#18085 = SURFACE_SIDE_STYLE('',(#18086));
#18086 = SURFACE_STYLE_FILL_AREA(#18087);
#18087 = FILL_AREA_STYLE('',(#18088));
#18088 = FILL_AREA_STYLE_COLOUR('',#17906);
#18089 = STYLED_ITEM('color',(#18090),#7050);
#18090 = PRESENTATION_STYLE_ASSIGNMENT((#18091));
#18091 = SURFACE_STYLE_USAGE(.BOTH.,#18092);
#18092 = SURFACE_SIDE_STYLE('',(#18093));
#18093 = SURFACE_STYLE_FILL_AREA(#18094);
#18094 = FILL_AREA_STYLE('',(#18095));
#18095 = FILL_AREA_STYLE_COLOUR('',#17906);
#18096 = STYLED_ITEM('color',(#18097),#7081);
#18097 = PRESENTATION_STYLE_ASSIGNMENT((#18098));
#18098 = SURFACE_STYLE_USAGE(.BOTH.,#18099);
#18099 = SURFACE_SIDE_STYLE('',(#18100));
#18100 = SURFACE_STYLE_FILL_AREA(#18101);
#18101 = FILL_AREA_STYLE('',(#18102));
#18102 = FILL_AREA_STYLE_COLOUR('',#17906);
#18103 = STYLED_ITEM('color',(#18104),#7112);
#18104 = PRESENTATION_STYLE_ASSIGNMENT((#18105));
#18105 = SURFACE_STYLE_USAGE(.BOTH.,#18106);
#18106 = SURFACE_SIDE_STYLE('',(#18107));
#18107 = SURFACE_STYLE_FILL_AREA(#18108);
#18108 = FILL_AREA_STYLE('',(#18109));
#18109 = FILL_AREA_STYLE_COLOUR('',#17373);
#18110 = STYLED_ITEM('color',(#18111),#7121);
#18111 = PRESENTATION_STYLE_ASSIGNMENT((#18112));
#18112 = SURFACE_STYLE_USAGE(.BOTH.,#18113);
#18113 = SURFACE_SIDE_STYLE('',(#18114));
#18114 = SURFACE_STYLE_FILL_AREA(#18115);
#18115 = FILL_AREA_STYLE('',(#18116));
#18116 = FILL_AREA_STYLE_COLOUR('',#17373);
#18117 = STYLED_ITEM('color',(#18118),#7130);
#18118 = PRESENTATION_STYLE_ASSIGNMENT((#18119));
#18119 = SURFACE_STYLE_USAGE(.BOTH.,#18120);
#18120 = SURFACE_SIDE_STYLE('',(#18121));
#18121 = SURFACE_STYLE_FILL_AREA(#18122);
#18122 = FILL_AREA_STYLE('',(#18123));
#18123 = FILL_AREA_STYLE_COLOUR('',#17373);
#18124 = STYLED_ITEM('color',(#18125),#7147);
#18125 = PRESENTATION_STYLE_ASSIGNMENT((#18126));
#18126 = SURFACE_STYLE_USAGE(.BOTH.,#18127);
#18127 = SURFACE_SIDE_STYLE('',(#18128));
#18128 = SURFACE_STYLE_FILL_AREA(#18129);
#18129 = FILL_AREA_STYLE('',(#18130));
#18130 = FILL_AREA_STYLE_COLOUR('',#17373);
#18131 = STYLED_ITEM('color',(#18132),#7164);
#18132 = PRESENTATION_STYLE_ASSIGNMENT((#18133));
#18133 = SURFACE_STYLE_USAGE(.BOTH.,#18134);
#18134 = SURFACE_SIDE_STYLE('',(#18135));
#18135 = SURFACE_STYLE_FILL_AREA(#18136);
#18136 = FILL_AREA_STYLE('',(#18137));
#18137 = FILL_AREA_STYLE_COLOUR('',#17373);
#18138 = STYLED_ITEM('color',(#18139),#7176);
#18139 = PRESENTATION_STYLE_ASSIGNMENT((#18140));
#18140 = SURFACE_STYLE_USAGE(.BOTH.,#18141);
#18141 = SURFACE_SIDE_STYLE('',(#18142));
#18142 = SURFACE_STYLE_FILL_AREA(#18143);
#18143 = FILL_AREA_STYLE('',(#18144));
#18144 = FILL_AREA_STYLE_COLOUR('',#17906);
#18145 = STYLED_ITEM('color',(#18146),#7200);
#18146 = PRESENTATION_STYLE_ASSIGNMENT((#18147));
#18147 = SURFACE_STYLE_USAGE(.BOTH.,#18148);
#18148 = SURFACE_SIDE_STYLE('',(#18149));
#18149 = SURFACE_STYLE_FILL_AREA(#18150);
#18150 = FILL_AREA_STYLE('',(#18151));
#18151 = FILL_AREA_STYLE_COLOUR('',#17906);
#18152 = STYLED_ITEM('color',(#18153),#7225);
#18153 = PRESENTATION_STYLE_ASSIGNMENT((#18154));
#18154 = SURFACE_STYLE_USAGE(.BOTH.,#18155);
#18155 = SURFACE_SIDE_STYLE('',(#18156));
#18156 = SURFACE_STYLE_FILL_AREA(#18157);
#18157 = FILL_AREA_STYLE('',(#18158));
#18158 = FILL_AREA_STYLE_COLOUR('',#17906);
#18159 = STYLED_ITEM('color',(#18160),#7249);
#18160 = PRESENTATION_STYLE_ASSIGNMENT((#18161));
#18161 = SURFACE_STYLE_USAGE(.BOTH.,#18162);
#18162 = SURFACE_SIDE_STYLE('',(#18163));
#18163 = SURFACE_STYLE_FILL_AREA(#18164);
#18164 = FILL_AREA_STYLE('',(#18165));
#18165 = FILL_AREA_STYLE_COLOUR('',#17906);
#18166 = STYLED_ITEM('color',(#18167),#7274);
#18167 = PRESENTATION_STYLE_ASSIGNMENT((#18168));
#18168 = SURFACE_STYLE_USAGE(.BOTH.,#18169);
#18169 = SURFACE_SIDE_STYLE('',(#18170));
#18170 = SURFACE_STYLE_FILL_AREA(#18171);
#18171 = FILL_AREA_STYLE('',(#18172));
#18172 = FILL_AREA_STYLE_COLOUR('',#17906);
#18173 = STYLED_ITEM('color',(#18174),#7291);
#18174 = PRESENTATION_STYLE_ASSIGNMENT((#18175));
#18175 = SURFACE_STYLE_USAGE(.BOTH.,#18176);
#18176 = SURFACE_SIDE_STYLE('',(#18177));
#18177 = SURFACE_STYLE_FILL_AREA(#18178);
#18178 = FILL_AREA_STYLE('',(#18179));
#18179 = FILL_AREA_STYLE_COLOUR('',#17906);
#18180 = STYLED_ITEM('color',(#18181),#7315);
#18181 = PRESENTATION_STYLE_ASSIGNMENT((#18182));
#18182 = SURFACE_STYLE_USAGE(.BOTH.,#18183);
#18183 = SURFACE_SIDE_STYLE('',(#18184));
#18184 = SURFACE_STYLE_FILL_AREA(#18185);
#18185 = FILL_AREA_STYLE('',(#18186));
#18186 = FILL_AREA_STYLE_COLOUR('',#17906);
#18187 = STYLED_ITEM('color',(#18188),#7340);
#18188 = PRESENTATION_STYLE_ASSIGNMENT((#18189));
#18189 = SURFACE_STYLE_USAGE(.BOTH.,#18190);
#18190 = SURFACE_SIDE_STYLE('',(#18191));
#18191 = SURFACE_STYLE_FILL_AREA(#18192);
#18192 = FILL_AREA_STYLE('',(#18193));
#18193 = FILL_AREA_STYLE_COLOUR('',#17906);
#18194 = STYLED_ITEM('color',(#18195),#7364);
#18195 = PRESENTATION_STYLE_ASSIGNMENT((#18196));
#18196 = SURFACE_STYLE_USAGE(.BOTH.,#18197);
#18197 = SURFACE_SIDE_STYLE('',(#18198));
#18198 = SURFACE_STYLE_FILL_AREA(#18199);
#18199 = FILL_AREA_STYLE('',(#18200));
#18200 = FILL_AREA_STYLE_COLOUR('',#17906);
#18201 = STYLED_ITEM('color',(#18202),#7389);
#18202 = PRESENTATION_STYLE_ASSIGNMENT((#18203));
#18203 = SURFACE_STYLE_USAGE(.BOTH.,#18204);
#18204 = SURFACE_SIDE_STYLE('',(#18205));
#18205 = SURFACE_STYLE_FILL_AREA(#18206);
#18206 = FILL_AREA_STYLE('',(#18207));
#18207 = FILL_AREA_STYLE_COLOUR('',#17906);
#18208 = STYLED_ITEM('color',(#18209),#7406);
#18209 = PRESENTATION_STYLE_ASSIGNMENT((#18210));
#18210 = SURFACE_STYLE_USAGE(.BOTH.,#18211);
#18211 = SURFACE_SIDE_STYLE('',(#18212));
#18212 = SURFACE_STYLE_FILL_AREA(#18213);
#18213 = FILL_AREA_STYLE('',(#18214));
#18214 = FILL_AREA_STYLE_COLOUR('',#17906);
#18215 = STYLED_ITEM('color',(#18216),#7430);
#18216 = PRESENTATION_STYLE_ASSIGNMENT((#18217));
#18217 = SURFACE_STYLE_USAGE(.BOTH.,#18218);
#18218 = SURFACE_SIDE_STYLE('',(#18219));
#18219 = SURFACE_STYLE_FILL_AREA(#18220);
#18220 = FILL_AREA_STYLE('',(#18221));
#18221 = FILL_AREA_STYLE_COLOUR('',#17906);
#18222 = STYLED_ITEM('color',(#18223),#7455);
#18223 = PRESENTATION_STYLE_ASSIGNMENT((#18224));
#18224 = SURFACE_STYLE_USAGE(.BOTH.,#18225);
#18225 = SURFACE_SIDE_STYLE('',(#18226));
#18226 = SURFACE_STYLE_FILL_AREA(#18227);
#18227 = FILL_AREA_STYLE('',(#18228));
#18228 = FILL_AREA_STYLE_COLOUR('',#17906);
#18229 = STYLED_ITEM('color',(#18230),#7479);
#18230 = PRESENTATION_STYLE_ASSIGNMENT((#18231));
#18231 = SURFACE_STYLE_USAGE(.BOTH.,#18232);
#18232 = SURFACE_SIDE_STYLE('',(#18233));
#18233 = SURFACE_STYLE_FILL_AREA(#18234);
#18234 = FILL_AREA_STYLE('',(#18235));
#18235 = FILL_AREA_STYLE_COLOUR('',#17906);
#18236 = STYLED_ITEM('color',(#18237),#7504);
#18237 = PRESENTATION_STYLE_ASSIGNMENT((#18238));
#18238 = SURFACE_STYLE_USAGE(.BOTH.,#18239);
#18239 = SURFACE_SIDE_STYLE('',(#18240));
#18240 = SURFACE_STYLE_FILL_AREA(#18241);
#18241 = FILL_AREA_STYLE('',(#18242));
#18242 = FILL_AREA_STYLE_COLOUR('',#17906);
#18243 = STYLED_ITEM('color',(#18244),#7521);
#18244 = PRESENTATION_STYLE_ASSIGNMENT((#18245));
#18245 = SURFACE_STYLE_USAGE(.BOTH.,#18246);
#18246 = SURFACE_SIDE_STYLE('',(#18247));
#18247 = SURFACE_STYLE_FILL_AREA(#18248);
#18248 = FILL_AREA_STYLE('',(#18249));
#18249 = FILL_AREA_STYLE_COLOUR('',#17906);
#18250 = STYLED_ITEM('color',(#18251),#7538);
#18251 = PRESENTATION_STYLE_ASSIGNMENT((#18252));
#18252 = SURFACE_STYLE_USAGE(.BOTH.,#18253);
#18253 = SURFACE_SIDE_STYLE('',(#18254));
#18254 = SURFACE_STYLE_FILL_AREA(#18255);
#18255 = FILL_AREA_STYLE('',(#18256));
#18256 = FILL_AREA_STYLE_COLOUR('',#17906);
#18257 = STYLED_ITEM('color',(#18258),#7555);
#18258 = PRESENTATION_STYLE_ASSIGNMENT((#18259));
#18259 = SURFACE_STYLE_USAGE(.BOTH.,#18260);
#18260 = SURFACE_SIDE_STYLE('',(#18261));
#18261 = SURFACE_STYLE_FILL_AREA(#18262);
#18262 = FILL_AREA_STYLE('',(#18263));
#18263 = FILL_AREA_STYLE_COLOUR('',#17906);
#18264 = STYLED_ITEM('color',(#18265),#7572);
#18265 = PRESENTATION_STYLE_ASSIGNMENT((#18266));
#18266 = SURFACE_STYLE_USAGE(.BOTH.,#18267);
#18267 = SURFACE_SIDE_STYLE('',(#18268));
#18268 = SURFACE_STYLE_FILL_AREA(#18269);
#18269 = FILL_AREA_STYLE('',(#18270));
#18270 = FILL_AREA_STYLE_COLOUR('',#17906);
#18271 = STYLED_ITEM('color',(#18272),#7584);
#18272 = PRESENTATION_STYLE_ASSIGNMENT((#18273));
#18273 = SURFACE_STYLE_USAGE(.BOTH.,#18274);
#18274 = SURFACE_SIDE_STYLE('',(#18275));
#18275 = SURFACE_STYLE_FILL_AREA(#18276);
#18276 = FILL_AREA_STYLE('',(#18277));
#18277 = FILL_AREA_STYLE_COLOUR('',#17906);
#18278 = STYLED_ITEM('color',(#18279),#7596);
#18279 = PRESENTATION_STYLE_ASSIGNMENT((#18280));
#18280 = SURFACE_STYLE_USAGE(.BOTH.,#18281);
#18281 = SURFACE_SIDE_STYLE('',(#18282));
#18282 = SURFACE_STYLE_FILL_AREA(#18283);
#18283 = FILL_AREA_STYLE('',(#18284));
#18284 = FILL_AREA_STYLE_COLOUR('',#17906);
#18285 = MECHANICAL_DESIGN_GEOMETRIC_PRESENTATION_REPRESENTATION('',(
    #18286,#18294,#18301,#18308,#18315,#18322,#18329,#18336,#18343,
    #18350,#18357,#18364,#18371,#18378,#18385,#18392,#18399,#18406,
    #18413,#18420,#18427,#18434,#18441,#18448,#18455,#18462,#18469,
    #18476,#18483,#18490,#18497,#18504,#18511,#18518,#18525,#18532,
    #18539,#18546,#18553,#18560,#18567,#18574,#18581,#18588,#18595,
    #18602,#18609,#18616,#18623,#18630,#18637,#18644,#18651,#18658,
    #18665,#18673,#18680,#18687,#18694,#18701,#18708,#18715,#18722,
    #18729,#18736,#18743,#18750,#18757,#18764,#18771,#18778,#18785,
    #18792,#18799,#18806,#18813,#18820,#18827,#18834,#18841,#18848,
    #18855,#18862,#18869,#18876,#18883,#18890,#18897,#18904,#18911,
    #18918,#18925,#18932,#18939,#18946,#18953,#18960,#18967,#18974,
    #18981,#18988,#18995,#19002,#19009,#19016,#19023,#19030,#19037,
    #19044,#19051),#3535);
#18286 = STYLED_ITEM('color',(#18287),#43);
#18287 = PRESENTATION_STYLE_ASSIGNMENT((#18288));
#18288 = SURFACE_STYLE_USAGE(.BOTH.,#18289);
#18289 = SURFACE_SIDE_STYLE('',(#18290));
#18290 = SURFACE_STYLE_FILL_AREA(#18291);
#18291 = FILL_AREA_STYLE('',(#18292));
#18292 = FILL_AREA_STYLE_COLOUR('',#18293);
#18293 = COLOUR_RGB('',0.894117649055,0.890196087049,0.811764731185);
#18294 = STYLED_ITEM('color',(#18295),#83);
#18295 = PRESENTATION_STYLE_ASSIGNMENT((#18296));
#18296 = SURFACE_STYLE_USAGE(.BOTH.,#18297);
#18297 = SURFACE_SIDE_STYLE('',(#18298));
#18298 = SURFACE_STYLE_FILL_AREA(#18299);
#18299 = FILL_AREA_STYLE('',(#18300));
#18300 = FILL_AREA_STYLE_COLOUR('',#18293);
#18301 = STYLED_ITEM('color',(#18302),#163);
#18302 = PRESENTATION_STYLE_ASSIGNMENT((#18303));
#18303 = SURFACE_STYLE_USAGE(.BOTH.,#18304);
#18304 = SURFACE_SIDE_STYLE('',(#18305));
#18305 = SURFACE_STYLE_FILL_AREA(#18306);
#18306 = FILL_AREA_STYLE('',(#18307));
#18307 = FILL_AREA_STYLE_COLOUR('',#18293);
#18308 = STYLED_ITEM('color',(#18309),#251);
#18309 = PRESENTATION_STYLE_ASSIGNMENT((#18310));
#18310 = SURFACE_STYLE_USAGE(.BOTH.,#18311);
#18311 = SURFACE_SIDE_STYLE('',(#18312));
#18312 = SURFACE_STYLE_FILL_AREA(#18313);
#18313 = FILL_AREA_STYLE('',(#18314));
#18314 = FILL_AREA_STYLE_COLOUR('',#18293);
#18315 = STYLED_ITEM('color',(#18316),#308);
#18316 = PRESENTATION_STYLE_ASSIGNMENT((#18317));
#18317 = SURFACE_STYLE_USAGE(.BOTH.,#18318);
#18318 = SURFACE_SIDE_STYLE('',(#18319));
#18319 = SURFACE_STYLE_FILL_AREA(#18320);
#18320 = FILL_AREA_STYLE('',(#18321));
#18321 = FILL_AREA_STYLE_COLOUR('',#18293);
#18322 = STYLED_ITEM('color',(#18323),#325);
#18323 = PRESENTATION_STYLE_ASSIGNMENT((#18324));
#18324 = SURFACE_STYLE_USAGE(.BOTH.,#18325);
#18325 = SURFACE_SIDE_STYLE('',(#18326));
#18326 = SURFACE_STYLE_FILL_AREA(#18327);
#18327 = FILL_AREA_STYLE('',(#18328));
#18328 = FILL_AREA_STYLE_COLOUR('',#18293);
#18329 = STYLED_ITEM('color',(#18330),#349);
#18330 = PRESENTATION_STYLE_ASSIGNMENT((#18331));
#18331 = SURFACE_STYLE_USAGE(.BOTH.,#18332);
#18332 = SURFACE_SIDE_STYLE('',(#18333));
#18333 = SURFACE_STYLE_FILL_AREA(#18334);
#18334 = FILL_AREA_STYLE('',(#18335));
#18335 = FILL_AREA_STYLE_COLOUR('',#18293);
#18336 = STYLED_ITEM('color',(#18337),#373);
#18337 = PRESENTATION_STYLE_ASSIGNMENT((#18338));
#18338 = SURFACE_STYLE_USAGE(.BOTH.,#18339);
#18339 = SURFACE_SIDE_STYLE('',(#18340));
#18340 = SURFACE_STYLE_FILL_AREA(#18341);
#18341 = FILL_AREA_STYLE('',(#18342));
#18342 = FILL_AREA_STYLE_COLOUR('',#18293);
#18343 = STYLED_ITEM('color',(#18344),#397);
#18344 = PRESENTATION_STYLE_ASSIGNMENT((#18345));
#18345 = SURFACE_STYLE_USAGE(.BOTH.,#18346);
#18346 = SURFACE_SIDE_STYLE('',(#18347));
#18347 = SURFACE_STYLE_FILL_AREA(#18348);
#18348 = FILL_AREA_STYLE('',(#18349));
#18349 = FILL_AREA_STYLE_COLOUR('',#18293);
#18350 = STYLED_ITEM('color',(#18351),#453);
#18351 = PRESENTATION_STYLE_ASSIGNMENT((#18352));
#18352 = SURFACE_STYLE_USAGE(.BOTH.,#18353);
#18353 = SURFACE_SIDE_STYLE('',(#18354));
#18354 = SURFACE_STYLE_FILL_AREA(#18355);
#18355 = FILL_AREA_STYLE('',(#18356));
#18356 = FILL_AREA_STYLE_COLOUR('',#18293);
#18357 = STYLED_ITEM('color',(#18358),#589);
#18358 = PRESENTATION_STYLE_ASSIGNMENT((#18359));
#18359 = SURFACE_STYLE_USAGE(.BOTH.,#18360);
#18360 = SURFACE_SIDE_STYLE('',(#18361));
#18361 = SURFACE_STYLE_FILL_AREA(#18362);
#18362 = FILL_AREA_STYLE('',(#18363));
#18363 = FILL_AREA_STYLE_COLOUR('',#18293);
#18364 = STYLED_ITEM('color',(#18365),#620);
#18365 = PRESENTATION_STYLE_ASSIGNMENT((#18366));
#18366 = SURFACE_STYLE_USAGE(.BOTH.,#18367);
#18367 = SURFACE_SIDE_STYLE('',(#18368));
#18368 = SURFACE_STYLE_FILL_AREA(#18369);
#18369 = FILL_AREA_STYLE('',(#18370));
#18370 = FILL_AREA_STYLE_COLOUR('',#18293);
#18371 = STYLED_ITEM('color',(#18372),#632);
#18372 = PRESENTATION_STYLE_ASSIGNMENT((#18373));
#18373 = SURFACE_STYLE_USAGE(.BOTH.,#18374);
#18374 = SURFACE_SIDE_STYLE('',(#18375));
#18375 = SURFACE_STYLE_FILL_AREA(#18376);
#18376 = FILL_AREA_STYLE('',(#18377));
#18377 = FILL_AREA_STYLE_COLOUR('',#18293);
#18378 = STYLED_ITEM('color',(#18379),#718);
#18379 = PRESENTATION_STYLE_ASSIGNMENT((#18380));
#18380 = SURFACE_STYLE_USAGE(.BOTH.,#18381);
#18381 = SURFACE_SIDE_STYLE('',(#18382));
#18382 = SURFACE_STYLE_FILL_AREA(#18383);
#18383 = FILL_AREA_STYLE('',(#18384));
#18384 = FILL_AREA_STYLE_COLOUR('',#18293);
#18385 = STYLED_ITEM('color',(#18386),#732);
#18386 = PRESENTATION_STYLE_ASSIGNMENT((#18387));
#18387 = SURFACE_STYLE_USAGE(.BOTH.,#18388);
#18388 = SURFACE_SIDE_STYLE('',(#18389));
#18389 = SURFACE_STYLE_FILL_AREA(#18390);
#18390 = FILL_AREA_STYLE('',(#18391));
#18391 = FILL_AREA_STYLE_COLOUR('',#18293);
#18392 = STYLED_ITEM('color',(#18393),#788);
#18393 = PRESENTATION_STYLE_ASSIGNMENT((#18394));
#18394 = SURFACE_STYLE_USAGE(.BOTH.,#18395);
#18395 = SURFACE_SIDE_STYLE('',(#18396));
#18396 = SURFACE_STYLE_FILL_AREA(#18397);
#18397 = FILL_AREA_STYLE('',(#18398));
#18398 = FILL_AREA_STYLE_COLOUR('',#18293);
#18399 = STYLED_ITEM('color',(#18400),#845);
#18400 = PRESENTATION_STYLE_ASSIGNMENT((#18401));
#18401 = SURFACE_STYLE_USAGE(.BOTH.,#18402);
#18402 = SURFACE_SIDE_STYLE('',(#18403));
#18403 = SURFACE_STYLE_FILL_AREA(#18404);
#18404 = FILL_AREA_STYLE('',(#18405));
#18405 = FILL_AREA_STYLE_COLOUR('',#18293);
#18406 = STYLED_ITEM('color',(#18407),#869);
#18407 = PRESENTATION_STYLE_ASSIGNMENT((#18408));
#18408 = SURFACE_STYLE_USAGE(.BOTH.,#18409);
#18409 = SURFACE_SIDE_STYLE('',(#18410));
#18410 = SURFACE_STYLE_FILL_AREA(#18411);
#18411 = FILL_AREA_STYLE('',(#18412));
#18412 = FILL_AREA_STYLE_COLOUR('',#18293);
#18413 = STYLED_ITEM('color',(#18414),#942);
#18414 = PRESENTATION_STYLE_ASSIGNMENT((#18415));
#18415 = SURFACE_STYLE_USAGE(.BOTH.,#18416);
#18416 = SURFACE_SIDE_STYLE('',(#18417));
#18417 = SURFACE_STYLE_FILL_AREA(#18418);
#18418 = FILL_AREA_STYLE('',(#18419));
#18419 = FILL_AREA_STYLE_COLOUR('',#18293);
#18420 = STYLED_ITEM('color',(#18421),#966);
#18421 = PRESENTATION_STYLE_ASSIGNMENT((#18422));
#18422 = SURFACE_STYLE_USAGE(.BOTH.,#18423);
#18423 = SURFACE_SIDE_STYLE('',(#18424));
#18424 = SURFACE_STYLE_FILL_AREA(#18425);
#18425 = FILL_AREA_STYLE('',(#18426));
#18426 = FILL_AREA_STYLE_COLOUR('',#18293);
#18427 = STYLED_ITEM('color',(#18428),#999);
#18428 = PRESENTATION_STYLE_ASSIGNMENT((#18429));
#18429 = SURFACE_STYLE_USAGE(.BOTH.,#18430);
#18430 = SURFACE_SIDE_STYLE('',(#18431));
#18431 = SURFACE_STYLE_FILL_AREA(#18432);
#18432 = FILL_AREA_STYLE('',(#18433));
#18433 = FILL_AREA_STYLE_COLOUR('',#18293);
#18434 = STYLED_ITEM('color',(#18435),#1110);
#18435 = PRESENTATION_STYLE_ASSIGNMENT((#18436));
#18436 = SURFACE_STYLE_USAGE(.BOTH.,#18437);
#18437 = SURFACE_SIDE_STYLE('',(#18438));
#18438 = SURFACE_STYLE_FILL_AREA(#18439);
#18439 = FILL_AREA_STYLE('',(#18440));
#18440 = FILL_AREA_STYLE_COLOUR('',#18293);
#18441 = STYLED_ITEM('color',(#18442),#1227);
#18442 = PRESENTATION_STYLE_ASSIGNMENT((#18443));
#18443 = SURFACE_STYLE_USAGE(.BOTH.,#18444);
#18444 = SURFACE_SIDE_STYLE('',(#18445));
#18445 = SURFACE_STYLE_FILL_AREA(#18446);
#18446 = FILL_AREA_STYLE('',(#18447));
#18447 = FILL_AREA_STYLE_COLOUR('',#18293);
#18448 = STYLED_ITEM('color',(#18449),#1267);
#18449 = PRESENTATION_STYLE_ASSIGNMENT((#18450));
#18450 = SURFACE_STYLE_USAGE(.BOTH.,#18451);
#18451 = SURFACE_SIDE_STYLE('',(#18452));
#18452 = SURFACE_STYLE_FILL_AREA(#18453);
#18453 = FILL_AREA_STYLE('',(#18454));
#18454 = FILL_AREA_STYLE_COLOUR('',#18293);
#18455 = STYLED_ITEM('color',(#18456),#1298);
#18456 = PRESENTATION_STYLE_ASSIGNMENT((#18457));
#18457 = SURFACE_STYLE_USAGE(.BOTH.,#18458);
#18458 = SURFACE_SIDE_STYLE('',(#18459));
#18459 = SURFACE_STYLE_FILL_AREA(#18460);
#18460 = FILL_AREA_STYLE('',(#18461));
#18461 = FILL_AREA_STYLE_COLOUR('',#18293);
#18462 = STYLED_ITEM('color',(#18463),#1316);
#18463 = PRESENTATION_STYLE_ASSIGNMENT((#18464));
#18464 = SURFACE_STYLE_USAGE(.BOTH.,#18465);
#18465 = SURFACE_SIDE_STYLE('',(#18466));
#18466 = SURFACE_STYLE_FILL_AREA(#18467);
#18467 = FILL_AREA_STYLE('',(#18468));
#18468 = FILL_AREA_STYLE_COLOUR('',#18293);
#18469 = STYLED_ITEM('color',(#18470),#1333);
#18470 = PRESENTATION_STYLE_ASSIGNMENT((#18471));
#18471 = SURFACE_STYLE_USAGE(.BOTH.,#18472);
#18472 = SURFACE_SIDE_STYLE('',(#18473));
#18473 = SURFACE_STYLE_FILL_AREA(#18474);
#18474 = FILL_AREA_STYLE('',(#18475));
#18475 = FILL_AREA_STYLE_COLOUR('',#18293);
#18476 = STYLED_ITEM('color',(#18477),#1351);
#18477 = PRESENTATION_STYLE_ASSIGNMENT((#18478));
#18478 = SURFACE_STYLE_USAGE(.BOTH.,#18479);
#18479 = SURFACE_SIDE_STYLE('',(#18480));
#18480 = SURFACE_STYLE_FILL_AREA(#18481);
#18481 = FILL_AREA_STYLE('',(#18482));
#18482 = FILL_AREA_STYLE_COLOUR('',#18293);
#18483 = STYLED_ITEM('color',(#18484),#1377);
#18484 = PRESENTATION_STYLE_ASSIGNMENT((#18485));
#18485 = SURFACE_STYLE_USAGE(.BOTH.,#18486);
#18486 = SURFACE_SIDE_STYLE('',(#18487));
#18487 = SURFACE_STYLE_FILL_AREA(#18488);
#18488 = FILL_AREA_STYLE('',(#18489));
#18489 = FILL_AREA_STYLE_COLOUR('',#18293);
#18490 = STYLED_ITEM('color',(#18491),#1408);
#18491 = PRESENTATION_STYLE_ASSIGNMENT((#18492));
#18492 = SURFACE_STYLE_USAGE(.BOTH.,#18493);
#18493 = SURFACE_SIDE_STYLE('',(#18494));
#18494 = SURFACE_STYLE_FILL_AREA(#18495);
#18495 = FILL_AREA_STYLE('',(#18496));
#18496 = FILL_AREA_STYLE_COLOUR('',#18293);
#18497 = STYLED_ITEM('color',(#18498),#1425);
#18498 = PRESENTATION_STYLE_ASSIGNMENT((#18499));
#18499 = SURFACE_STYLE_USAGE(.BOTH.,#18500);
#18500 = SURFACE_SIDE_STYLE('',(#18501));
#18501 = SURFACE_STYLE_FILL_AREA(#18502);
#18502 = FILL_AREA_STYLE('',(#18503));
#18503 = FILL_AREA_STYLE_COLOUR('',#18293);
#18504 = STYLED_ITEM('color',(#18505),#1458);
#18505 = PRESENTATION_STYLE_ASSIGNMENT((#18506));
#18506 = SURFACE_STYLE_USAGE(.BOTH.,#18507);
#18507 = SURFACE_SIDE_STYLE('',(#18508));
#18508 = SURFACE_STYLE_FILL_AREA(#18509);
#18509 = FILL_AREA_STYLE('',(#18510));
#18510 = FILL_AREA_STYLE_COLOUR('',#18293);
#18511 = STYLED_ITEM('color',(#18512),#1498);
#18512 = PRESENTATION_STYLE_ASSIGNMENT((#18513));
#18513 = SURFACE_STYLE_USAGE(.BOTH.,#18514);
#18514 = SURFACE_SIDE_STYLE('',(#18515));
#18515 = SURFACE_STYLE_FILL_AREA(#18516);
#18516 = FILL_AREA_STYLE('',(#18517));
#18517 = FILL_AREA_STYLE_COLOUR('',#18293);
#18518 = STYLED_ITEM('color',(#18519),#1521);
#18519 = PRESENTATION_STYLE_ASSIGNMENT((#18520));
#18520 = SURFACE_STYLE_USAGE(.BOTH.,#18521);
#18521 = SURFACE_SIDE_STYLE('',(#18522));
#18522 = SURFACE_STYLE_FILL_AREA(#18523);
#18523 = FILL_AREA_STYLE('',(#18524));
#18524 = FILL_AREA_STYLE_COLOUR('',#18293);
#18525 = STYLED_ITEM('color',(#18526),#1570);
#18526 = PRESENTATION_STYLE_ASSIGNMENT((#18527));
#18527 = SURFACE_STYLE_USAGE(.BOTH.,#18528);
#18528 = SURFACE_SIDE_STYLE('',(#18529));
#18529 = SURFACE_STYLE_FILL_AREA(#18530);
#18530 = FILL_AREA_STYLE('',(#18531));
#18531 = FILL_AREA_STYLE_COLOUR('',#18293);
#18532 = STYLED_ITEM('color',(#18533),#1594);
#18533 = PRESENTATION_STYLE_ASSIGNMENT((#18534));
#18534 = SURFACE_STYLE_USAGE(.BOTH.,#18535);
#18535 = SURFACE_SIDE_STYLE('',(#18536));
#18536 = SURFACE_STYLE_FILL_AREA(#18537);
#18537 = FILL_AREA_STYLE('',(#18538));
#18538 = FILL_AREA_STYLE_COLOUR('',#18293);
#18539 = STYLED_ITEM('color',(#18540),#1641);
#18540 = PRESENTATION_STYLE_ASSIGNMENT((#18541));
#18541 = SURFACE_STYLE_USAGE(.BOTH.,#18542);
#18542 = SURFACE_SIDE_STYLE('',(#18543));
#18543 = SURFACE_STYLE_FILL_AREA(#18544);
#18544 = FILL_AREA_STYLE('',(#18545));
#18545 = FILL_AREA_STYLE_COLOUR('',#18293);
#18546 = STYLED_ITEM('color',(#18547),#1658);
#18547 = PRESENTATION_STYLE_ASSIGNMENT((#18548));
#18548 = SURFACE_STYLE_USAGE(.BOTH.,#18549);
#18549 = SURFACE_SIDE_STYLE('',(#18550));
#18550 = SURFACE_STYLE_FILL_AREA(#18551);
#18551 = FILL_AREA_STYLE('',(#18552));
#18552 = FILL_AREA_STYLE_COLOUR('',#18293);
#18553 = STYLED_ITEM('color',(#18554),#1675);
#18554 = PRESENTATION_STYLE_ASSIGNMENT((#18555));
#18555 = SURFACE_STYLE_USAGE(.BOTH.,#18556);
#18556 = SURFACE_SIDE_STYLE('',(#18557));
#18557 = SURFACE_STYLE_FILL_AREA(#18558);
#18558 = FILL_AREA_STYLE('',(#18559));
#18559 = FILL_AREA_STYLE_COLOUR('',#18293);
#18560 = STYLED_ITEM('color',(#18561),#1687);
#18561 = PRESENTATION_STYLE_ASSIGNMENT((#18562));
#18562 = SURFACE_STYLE_USAGE(.BOTH.,#18563);
#18563 = SURFACE_SIDE_STYLE('',(#18564));
#18564 = SURFACE_STYLE_FILL_AREA(#18565);
#18565 = FILL_AREA_STYLE('',(#18566));
#18566 = FILL_AREA_STYLE_COLOUR('',#18293);
#18567 = STYLED_ITEM('color',(#18568),#1734);
#18568 = PRESENTATION_STYLE_ASSIGNMENT((#18569));
#18569 = SURFACE_STYLE_USAGE(.BOTH.,#18570);
#18570 = SURFACE_SIDE_STYLE('',(#18571));
#18571 = SURFACE_STYLE_FILL_AREA(#18572);
#18572 = FILL_AREA_STYLE('',(#18573));
#18573 = FILL_AREA_STYLE_COLOUR('',#18293);
#18574 = STYLED_ITEM('color',(#18575),#1765);
#18575 = PRESENTATION_STYLE_ASSIGNMENT((#18576));
#18576 = SURFACE_STYLE_USAGE(.BOTH.,#18577);
#18577 = SURFACE_SIDE_STYLE('',(#18578));
#18578 = SURFACE_STYLE_FILL_AREA(#18579);
#18579 = FILL_AREA_STYLE('',(#18580));
#18580 = FILL_AREA_STYLE_COLOUR('',#18293);
#18581 = STYLED_ITEM('color',(#18582),#1782);
#18582 = PRESENTATION_STYLE_ASSIGNMENT((#18583));
#18583 = SURFACE_STYLE_USAGE(.BOTH.,#18584);
#18584 = SURFACE_SIDE_STYLE('',(#18585));
#18585 = SURFACE_STYLE_FILL_AREA(#18586);
#18586 = FILL_AREA_STYLE('',(#18587));
#18587 = FILL_AREA_STYLE_COLOUR('',#18293);
#18588 = STYLED_ITEM('color',(#18589),#1799);
#18589 = PRESENTATION_STYLE_ASSIGNMENT((#18590));
#18590 = SURFACE_STYLE_USAGE(.BOTH.,#18591);
#18591 = SURFACE_SIDE_STYLE('',(#18592));
#18592 = SURFACE_STYLE_FILL_AREA(#18593);
#18593 = FILL_AREA_STYLE('',(#18594));
#18594 = FILL_AREA_STYLE_COLOUR('',#18293);
#18595 = STYLED_ITEM('color',(#18596),#1823);
#18596 = PRESENTATION_STYLE_ASSIGNMENT((#18597));
#18597 = SURFACE_STYLE_USAGE(.BOTH.,#18598);
#18598 = SURFACE_SIDE_STYLE('',(#18599));
#18599 = SURFACE_STYLE_FILL_AREA(#18600);
#18600 = FILL_AREA_STYLE('',(#18601));
#18601 = FILL_AREA_STYLE_COLOUR('',#18293);
#18602 = STYLED_ITEM('color',(#18603),#1847);
#18603 = PRESENTATION_STYLE_ASSIGNMENT((#18604));
#18604 = SURFACE_STYLE_USAGE(.BOTH.,#18605);
#18605 = SURFACE_SIDE_STYLE('',(#18606));
#18606 = SURFACE_STYLE_FILL_AREA(#18607);
#18607 = FILL_AREA_STYLE('',(#18608));
#18608 = FILL_AREA_STYLE_COLOUR('',#18293);
#18609 = STYLED_ITEM('color',(#18610),#1864);
#18610 = PRESENTATION_STYLE_ASSIGNMENT((#18611));
#18611 = SURFACE_STYLE_USAGE(.BOTH.,#18612);
#18612 = SURFACE_SIDE_STYLE('',(#18613));
#18613 = SURFACE_STYLE_FILL_AREA(#18614);
#18614 = FILL_AREA_STYLE('',(#18615));
#18615 = FILL_AREA_STYLE_COLOUR('',#18293);
#18616 = STYLED_ITEM('color',(#18617),#1881);
#18617 = PRESENTATION_STYLE_ASSIGNMENT((#18618));
#18618 = SURFACE_STYLE_USAGE(.BOTH.,#18619);
#18619 = SURFACE_SIDE_STYLE('',(#18620));
#18620 = SURFACE_STYLE_FILL_AREA(#18621);
#18621 = FILL_AREA_STYLE('',(#18622));
#18622 = FILL_AREA_STYLE_COLOUR('',#18293);
#18623 = STYLED_ITEM('color',(#18624),#1893);
#18624 = PRESENTATION_STYLE_ASSIGNMENT((#18625));
#18625 = SURFACE_STYLE_USAGE(.BOTH.,#18626);
#18626 = SURFACE_SIDE_STYLE('',(#18627));
#18627 = SURFACE_STYLE_FILL_AREA(#18628);
#18628 = FILL_AREA_STYLE('',(#18629));
#18629 = FILL_AREA_STYLE_COLOUR('',#18293);
#18630 = STYLED_ITEM('color',(#18631),#1910);
#18631 = PRESENTATION_STYLE_ASSIGNMENT((#18632));
#18632 = SURFACE_STYLE_USAGE(.BOTH.,#18633);
#18633 = SURFACE_SIDE_STYLE('',(#18634));
#18634 = SURFACE_STYLE_FILL_AREA(#18635);
#18635 = FILL_AREA_STYLE('',(#18636));
#18636 = FILL_AREA_STYLE_COLOUR('',#18293);
#18637 = STYLED_ITEM('color',(#18638),#1922);
#18638 = PRESENTATION_STYLE_ASSIGNMENT((#18639));
#18639 = SURFACE_STYLE_USAGE(.BOTH.,#18640);
#18640 = SURFACE_SIDE_STYLE('',(#18641));
#18641 = SURFACE_STYLE_FILL_AREA(#18642);
#18642 = FILL_AREA_STYLE('',(#18643));
#18643 = FILL_AREA_STYLE_COLOUR('',#18293);
#18644 = STYLED_ITEM('color',(#18645),#1946);
#18645 = PRESENTATION_STYLE_ASSIGNMENT((#18646));
#18646 = SURFACE_STYLE_USAGE(.BOTH.,#18647);
#18647 = SURFACE_SIDE_STYLE('',(#18648));
#18648 = SURFACE_STYLE_FILL_AREA(#18649);
#18649 = FILL_AREA_STYLE('',(#18650));
#18650 = FILL_AREA_STYLE_COLOUR('',#18293);
#18651 = STYLED_ITEM('color',(#18652),#1964);
#18652 = PRESENTATION_STYLE_ASSIGNMENT((#18653));
#18653 = SURFACE_STYLE_USAGE(.BOTH.,#18654);
#18654 = SURFACE_SIDE_STYLE('',(#18655));
#18655 = SURFACE_STYLE_FILL_AREA(#18656);
#18656 = FILL_AREA_STYLE('',(#18657));
#18657 = FILL_AREA_STYLE_COLOUR('',#18293);
#18658 = STYLED_ITEM('color',(#18659),#1976);
#18659 = PRESENTATION_STYLE_ASSIGNMENT((#18660));
#18660 = SURFACE_STYLE_USAGE(.BOTH.,#18661);
#18661 = SURFACE_SIDE_STYLE('',(#18662));
#18662 = SURFACE_STYLE_FILL_AREA(#18663);
#18663 = FILL_AREA_STYLE('',(#18664));
#18664 = FILL_AREA_STYLE_COLOUR('',#18293);
#18665 = STYLED_ITEM('color',(#18666),#1990);
#18666 = PRESENTATION_STYLE_ASSIGNMENT((#18667));
#18667 = SURFACE_STYLE_USAGE(.BOTH.,#18668);
#18668 = SURFACE_SIDE_STYLE('',(#18669));
#18669 = SURFACE_STYLE_FILL_AREA(#18670);
#18670 = FILL_AREA_STYLE('',(#18671));
#18671 = FILL_AREA_STYLE_COLOUR('',#18672);
#18672 = COLOUR_RGB('',0.823529417451,0.819607860991,0.780392170416);
#18673 = STYLED_ITEM('color',(#18674),#2021);
#18674 = PRESENTATION_STYLE_ASSIGNMENT((#18675));
#18675 = SURFACE_STYLE_USAGE(.BOTH.,#18676);
#18676 = SURFACE_SIDE_STYLE('',(#18677));
#18677 = SURFACE_STYLE_FILL_AREA(#18678);
#18678 = FILL_AREA_STYLE('',(#18679));
#18679 = FILL_AREA_STYLE_COLOUR('',#18672);
#18680 = STYLED_ITEM('color',(#18681),#2045);
#18681 = PRESENTATION_STYLE_ASSIGNMENT((#18682));
#18682 = SURFACE_STYLE_USAGE(.BOTH.,#18683);
#18683 = SURFACE_SIDE_STYLE('',(#18684));
#18684 = SURFACE_STYLE_FILL_AREA(#18685);
#18685 = FILL_AREA_STYLE('',(#18686));
#18686 = FILL_AREA_STYLE_COLOUR('',#18672);
#18687 = STYLED_ITEM('color',(#18688),#2069);
#18688 = PRESENTATION_STYLE_ASSIGNMENT((#18689));
#18689 = SURFACE_STYLE_USAGE(.BOTH.,#18690);
#18690 = SURFACE_SIDE_STYLE('',(#18691));
#18691 = SURFACE_STYLE_FILL_AREA(#18692);
#18692 = FILL_AREA_STYLE('',(#18693));
#18693 = FILL_AREA_STYLE_COLOUR('',#18672);
#18694 = STYLED_ITEM('color',(#18695),#2086);
#18695 = PRESENTATION_STYLE_ASSIGNMENT((#18696));
#18696 = SURFACE_STYLE_USAGE(.BOTH.,#18697);
#18697 = SURFACE_SIDE_STYLE('',(#18698));
#18698 = SURFACE_STYLE_FILL_AREA(#18699);
#18699 = FILL_AREA_STYLE('',(#18700));
#18700 = FILL_AREA_STYLE_COLOUR('',#18672);
#18701 = STYLED_ITEM('color',(#18702),#2117);
#18702 = PRESENTATION_STYLE_ASSIGNMENT((#18703));
#18703 = SURFACE_STYLE_USAGE(.BOTH.,#18704);
#18704 = SURFACE_SIDE_STYLE('',(#18705));
#18705 = SURFACE_STYLE_FILL_AREA(#18706);
#18706 = FILL_AREA_STYLE('',(#18707));
#18707 = FILL_AREA_STYLE_COLOUR('',#18672);
#18708 = STYLED_ITEM('color',(#18709),#2141);
#18709 = PRESENTATION_STYLE_ASSIGNMENT((#18710));
#18710 = SURFACE_STYLE_USAGE(.BOTH.,#18711);
#18711 = SURFACE_SIDE_STYLE('',(#18712));
#18712 = SURFACE_STYLE_FILL_AREA(#18713);
#18713 = FILL_AREA_STYLE('',(#18714));
#18714 = FILL_AREA_STYLE_COLOUR('',#18672);
#18715 = STYLED_ITEM('color',(#18716),#2165);
#18716 = PRESENTATION_STYLE_ASSIGNMENT((#18717));
#18717 = SURFACE_STYLE_USAGE(.BOTH.,#18718);
#18718 = SURFACE_SIDE_STYLE('',(#18719));
#18719 = SURFACE_STYLE_FILL_AREA(#18720);
#18720 = FILL_AREA_STYLE('',(#18721));
#18721 = FILL_AREA_STYLE_COLOUR('',#18672);
#18722 = STYLED_ITEM('color',(#18723),#2182);
#18723 = PRESENTATION_STYLE_ASSIGNMENT((#18724));
#18724 = SURFACE_STYLE_USAGE(.BOTH.,#18725);
#18725 = SURFACE_SIDE_STYLE('',(#18726));
#18726 = SURFACE_STYLE_FILL_AREA(#18727);
#18727 = FILL_AREA_STYLE('',(#18728));
#18728 = FILL_AREA_STYLE_COLOUR('',#18293);
#18729 = STYLED_ITEM('color',(#18730),#2228);
#18730 = PRESENTATION_STYLE_ASSIGNMENT((#18731));
#18731 = SURFACE_STYLE_USAGE(.BOTH.,#18732);
#18732 = SURFACE_SIDE_STYLE('',(#18733));
#18733 = SURFACE_STYLE_FILL_AREA(#18734);
#18734 = FILL_AREA_STYLE('',(#18735));
#18735 = FILL_AREA_STYLE_COLOUR('',#18293);
#18736 = STYLED_ITEM('color',(#18737),#2274);
#18737 = PRESENTATION_STYLE_ASSIGNMENT((#18738));
#18738 = SURFACE_STYLE_USAGE(.BOTH.,#18739);
#18739 = SURFACE_SIDE_STYLE('',(#18740));
#18740 = SURFACE_STYLE_FILL_AREA(#18741);
#18741 = FILL_AREA_STYLE('',(#18742));
#18742 = FILL_AREA_STYLE_COLOUR('',#18293);
#18743 = STYLED_ITEM('color',(#18744),#2291);
#18744 = PRESENTATION_STYLE_ASSIGNMENT((#18745));
#18745 = SURFACE_STYLE_USAGE(.BOTH.,#18746);
#18746 = SURFACE_SIDE_STYLE('',(#18747));
#18747 = SURFACE_STYLE_FILL_AREA(#18748);
#18748 = FILL_AREA_STYLE('',(#18749));
#18749 = FILL_AREA_STYLE_COLOUR('',#18293);
#18750 = STYLED_ITEM('color',(#18751),#2303);
#18751 = PRESENTATION_STYLE_ASSIGNMENT((#18752));
#18752 = SURFACE_STYLE_USAGE(.BOTH.,#18753);
#18753 = SURFACE_SIDE_STYLE('',(#18754));
#18754 = SURFACE_STYLE_FILL_AREA(#18755);
#18755 = FILL_AREA_STYLE('',(#18756));
#18756 = FILL_AREA_STYLE_COLOUR('',#18672);
#18757 = STYLED_ITEM('color',(#18758),#2334);
#18758 = PRESENTATION_STYLE_ASSIGNMENT((#18759));
#18759 = SURFACE_STYLE_USAGE(.BOTH.,#18760);
#18760 = SURFACE_SIDE_STYLE('',(#18761));
#18761 = SURFACE_STYLE_FILL_AREA(#18762);
#18762 = FILL_AREA_STYLE('',(#18763));
#18763 = FILL_AREA_STYLE_COLOUR('',#18672);
#18764 = STYLED_ITEM('color',(#18765),#2358);
#18765 = PRESENTATION_STYLE_ASSIGNMENT((#18766));
#18766 = SURFACE_STYLE_USAGE(.BOTH.,#18767);
#18767 = SURFACE_SIDE_STYLE('',(#18768));
#18768 = SURFACE_STYLE_FILL_AREA(#18769);
#18769 = FILL_AREA_STYLE('',(#18770));
#18770 = FILL_AREA_STYLE_COLOUR('',#18672);
#18771 = STYLED_ITEM('color',(#18772),#2382);
#18772 = PRESENTATION_STYLE_ASSIGNMENT((#18773));
#18773 = SURFACE_STYLE_USAGE(.BOTH.,#18774);
#18774 = SURFACE_SIDE_STYLE('',(#18775));
#18775 = SURFACE_STYLE_FILL_AREA(#18776);
#18776 = FILL_AREA_STYLE('',(#18777));
#18777 = FILL_AREA_STYLE_COLOUR('',#18672);
#18778 = STYLED_ITEM('color',(#18779),#2399);
#18779 = PRESENTATION_STYLE_ASSIGNMENT((#18780));
#18780 = SURFACE_STYLE_USAGE(.BOTH.,#18781);
#18781 = SURFACE_SIDE_STYLE('',(#18782));
#18782 = SURFACE_STYLE_FILL_AREA(#18783);
#18783 = FILL_AREA_STYLE('',(#18784));
#18784 = FILL_AREA_STYLE_COLOUR('',#18672);
#18785 = STYLED_ITEM('color',(#18786),#2430);
#18786 = PRESENTATION_STYLE_ASSIGNMENT((#18787));
#18787 = SURFACE_STYLE_USAGE(.BOTH.,#18788);
#18788 = SURFACE_SIDE_STYLE('',(#18789));
#18789 = SURFACE_STYLE_FILL_AREA(#18790);
#18790 = FILL_AREA_STYLE('',(#18791));
#18791 = FILL_AREA_STYLE_COLOUR('',#18672);
#18792 = STYLED_ITEM('color',(#18793),#2454);
#18793 = PRESENTATION_STYLE_ASSIGNMENT((#18794));
#18794 = SURFACE_STYLE_USAGE(.BOTH.,#18795);
#18795 = SURFACE_SIDE_STYLE('',(#18796));
#18796 = SURFACE_STYLE_FILL_AREA(#18797);
#18797 = FILL_AREA_STYLE('',(#18798));
#18798 = FILL_AREA_STYLE_COLOUR('',#18672);
#18799 = STYLED_ITEM('color',(#18800),#2478);
#18800 = PRESENTATION_STYLE_ASSIGNMENT((#18801));
#18801 = SURFACE_STYLE_USAGE(.BOTH.,#18802);
#18802 = SURFACE_SIDE_STYLE('',(#18803));
#18803 = SURFACE_STYLE_FILL_AREA(#18804);
#18804 = FILL_AREA_STYLE('',(#18805));
#18805 = FILL_AREA_STYLE_COLOUR('',#18672);
#18806 = STYLED_ITEM('color',(#18807),#2495);
#18807 = PRESENTATION_STYLE_ASSIGNMENT((#18808));
#18808 = SURFACE_STYLE_USAGE(.BOTH.,#18809);
#18809 = SURFACE_SIDE_STYLE('',(#18810));
#18810 = SURFACE_STYLE_FILL_AREA(#18811);
#18811 = FILL_AREA_STYLE('',(#18812));
#18812 = FILL_AREA_STYLE_COLOUR('',#18672);
#18813 = STYLED_ITEM('color',(#18814),#2592);
#18814 = PRESENTATION_STYLE_ASSIGNMENT((#18815));
#18815 = SURFACE_STYLE_USAGE(.BOTH.,#18816);
#18816 = SURFACE_SIDE_STYLE('',(#18817));
#18817 = SURFACE_STYLE_FILL_AREA(#18818);
#18818 = FILL_AREA_STYLE('',(#18819));
#18819 = FILL_AREA_STYLE_COLOUR('',#18672);
#18820 = STYLED_ITEM('color',(#18821),#2616);
#18821 = PRESENTATION_STYLE_ASSIGNMENT((#18822));
#18822 = SURFACE_STYLE_USAGE(.BOTH.,#18823);
#18823 = SURFACE_SIDE_STYLE('',(#18824));
#18824 = SURFACE_STYLE_FILL_AREA(#18825);
#18825 = FILL_AREA_STYLE('',(#18826));
#18826 = FILL_AREA_STYLE_COLOUR('',#18672);
#18827 = STYLED_ITEM('color',(#18828),#2706);
#18828 = PRESENTATION_STYLE_ASSIGNMENT((#18829));
#18829 = SURFACE_STYLE_USAGE(.BOTH.,#18830);
#18830 = SURFACE_SIDE_STYLE('',(#18831));
#18831 = SURFACE_STYLE_FILL_AREA(#18832);
#18832 = FILL_AREA_STYLE('',(#18833));
#18833 = FILL_AREA_STYLE_COLOUR('',#18672);
#18834 = STYLED_ITEM('color',(#18835),#2723);
#18835 = PRESENTATION_STYLE_ASSIGNMENT((#18836));
#18836 = SURFACE_STYLE_USAGE(.BOTH.,#18837);
#18837 = SURFACE_SIDE_STYLE('',(#18838));
#18838 = SURFACE_STYLE_FILL_AREA(#18839);
#18839 = FILL_AREA_STYLE('',(#18840));
#18840 = FILL_AREA_STYLE_COLOUR('',#18672);
#18841 = STYLED_ITEM('color',(#18842),#2820);
#18842 = PRESENTATION_STYLE_ASSIGNMENT((#18843));
#18843 = SURFACE_STYLE_USAGE(.BOTH.,#18844);
#18844 = SURFACE_SIDE_STYLE('',(#18845));
#18845 = SURFACE_STYLE_FILL_AREA(#18846);
#18846 = FILL_AREA_STYLE('',(#18847));
#18847 = FILL_AREA_STYLE_COLOUR('',#18672);
#18848 = STYLED_ITEM('color',(#18849),#2844);
#18849 = PRESENTATION_STYLE_ASSIGNMENT((#18850));
#18850 = SURFACE_STYLE_USAGE(.BOTH.,#18851);
#18851 = SURFACE_SIDE_STYLE('',(#18852));
#18852 = SURFACE_STYLE_FILL_AREA(#18853);
#18853 = FILL_AREA_STYLE('',(#18854));
#18854 = FILL_AREA_STYLE_COLOUR('',#18672);
#18855 = STYLED_ITEM('color',(#18856),#2934);
#18856 = PRESENTATION_STYLE_ASSIGNMENT((#18857));
#18857 = SURFACE_STYLE_USAGE(.BOTH.,#18858);
#18858 = SURFACE_SIDE_STYLE('',(#18859));
#18859 = SURFACE_STYLE_FILL_AREA(#18860);
#18860 = FILL_AREA_STYLE('',(#18861));
#18861 = FILL_AREA_STYLE_COLOUR('',#18672);
#18862 = STYLED_ITEM('color',(#18863),#2951);
#18863 = PRESENTATION_STYLE_ASSIGNMENT((#18864));
#18864 = SURFACE_STYLE_USAGE(.BOTH.,#18865);
#18865 = SURFACE_SIDE_STYLE('',(#18866));
#18866 = SURFACE_STYLE_FILL_AREA(#18867);
#18867 = FILL_AREA_STYLE('',(#18868));
#18868 = FILL_AREA_STYLE_COLOUR('',#18672);
#18869 = STYLED_ITEM('color',(#18870),#2963);
#18870 = PRESENTATION_STYLE_ASSIGNMENT((#18871));
#18871 = SURFACE_STYLE_USAGE(.BOTH.,#18872);
#18872 = SURFACE_SIDE_STYLE('',(#18873));
#18873 = SURFACE_STYLE_FILL_AREA(#18874);
#18874 = FILL_AREA_STYLE('',(#18875));
#18875 = FILL_AREA_STYLE_COLOUR('',#18672);
#18876 = STYLED_ITEM('color',(#18877),#2975);
#18877 = PRESENTATION_STYLE_ASSIGNMENT((#18878));
#18878 = SURFACE_STYLE_USAGE(.BOTH.,#18879);
#18879 = SURFACE_SIDE_STYLE('',(#18880));
#18880 = SURFACE_STYLE_FILL_AREA(#18881);
#18881 = FILL_AREA_STYLE('',(#18882));
#18882 = FILL_AREA_STYLE_COLOUR('',#18672);
#18883 = STYLED_ITEM('color',(#18884),#2992);
#18884 = PRESENTATION_STYLE_ASSIGNMENT((#18885));
#18885 = SURFACE_STYLE_USAGE(.BOTH.,#18886);
#18886 = SURFACE_SIDE_STYLE('',(#18887));
#18887 = SURFACE_STYLE_FILL_AREA(#18888);
#18888 = FILL_AREA_STYLE('',(#18889));
#18889 = FILL_AREA_STYLE_COLOUR('',#18672);
#18890 = STYLED_ITEM('color',(#18891),#3009);
#18891 = PRESENTATION_STYLE_ASSIGNMENT((#18892));
#18892 = SURFACE_STYLE_USAGE(.BOTH.,#18893);
#18893 = SURFACE_SIDE_STYLE('',(#18894));
#18894 = SURFACE_STYLE_FILL_AREA(#18895);
#18895 = FILL_AREA_STYLE('',(#18896));
#18896 = FILL_AREA_STYLE_COLOUR('',#18672);
#18897 = STYLED_ITEM('color',(#18898),#3026);
#18898 = PRESENTATION_STYLE_ASSIGNMENT((#18899));
#18899 = SURFACE_STYLE_USAGE(.BOTH.,#18900);
#18900 = SURFACE_SIDE_STYLE('',(#18901));
#18901 = SURFACE_STYLE_FILL_AREA(#18902);
#18902 = FILL_AREA_STYLE('',(#18903));
#18903 = FILL_AREA_STYLE_COLOUR('',#18672);
#18904 = STYLED_ITEM('color',(#18905),#3059);
#18905 = PRESENTATION_STYLE_ASSIGNMENT((#18906));
#18906 = SURFACE_STYLE_USAGE(.BOTH.,#18907);
#18907 = SURFACE_SIDE_STYLE('',(#18908));
#18908 = SURFACE_STYLE_FILL_AREA(#18909);
#18909 = FILL_AREA_STYLE('',(#18910));
#18910 = FILL_AREA_STYLE_COLOUR('',#18672);
#18911 = STYLED_ITEM('color',(#18912),#3099);
#18912 = PRESENTATION_STYLE_ASSIGNMENT((#18913));
#18913 = SURFACE_STYLE_USAGE(.BOTH.,#18914);
#18914 = SURFACE_SIDE_STYLE('',(#18915));
#18915 = SURFACE_STYLE_FILL_AREA(#18916);
#18916 = FILL_AREA_STYLE('',(#18917));
#18917 = FILL_AREA_STYLE_COLOUR('',#18672);
#18918 = STYLED_ITEM('color',(#18919),#3130);
#18919 = PRESENTATION_STYLE_ASSIGNMENT((#18920));
#18920 = SURFACE_STYLE_USAGE(.BOTH.,#18921);
#18921 = SURFACE_SIDE_STYLE('',(#18922));
#18922 = SURFACE_STYLE_FILL_AREA(#18923);
#18923 = FILL_AREA_STYLE('',(#18924));
#18924 = FILL_AREA_STYLE_COLOUR('',#18672);
#18925 = STYLED_ITEM('color',(#18926),#3147);
#18926 = PRESENTATION_STYLE_ASSIGNMENT((#18927));
#18927 = SURFACE_STYLE_USAGE(.BOTH.,#18928);
#18928 = SURFACE_SIDE_STYLE('',(#18929));
#18929 = SURFACE_STYLE_FILL_AREA(#18930);
#18930 = FILL_AREA_STYLE('',(#18931));
#18931 = FILL_AREA_STYLE_COLOUR('',#18672);
#18932 = STYLED_ITEM('color',(#18933),#3164);
#18933 = PRESENTATION_STYLE_ASSIGNMENT((#18934));
#18934 = SURFACE_STYLE_USAGE(.BOTH.,#18935);
#18935 = SURFACE_SIDE_STYLE('',(#18936));
#18936 = SURFACE_STYLE_FILL_AREA(#18937);
#18937 = FILL_AREA_STYLE('',(#18938));
#18938 = FILL_AREA_STYLE_COLOUR('',#18672);
#18939 = STYLED_ITEM('color',(#18940),#3176);
#18940 = PRESENTATION_STYLE_ASSIGNMENT((#18941));
#18941 = SURFACE_STYLE_USAGE(.BOTH.,#18942);
#18942 = SURFACE_SIDE_STYLE('',(#18943));
#18943 = SURFACE_STYLE_FILL_AREA(#18944);
#18944 = FILL_AREA_STYLE('',(#18945));
#18945 = FILL_AREA_STYLE_COLOUR('',#18672);
#18946 = STYLED_ITEM('color',(#18947),#3209);
#18947 = PRESENTATION_STYLE_ASSIGNMENT((#18948));
#18948 = SURFACE_STYLE_USAGE(.BOTH.,#18949);
#18949 = SURFACE_SIDE_STYLE('',(#18950));
#18950 = SURFACE_STYLE_FILL_AREA(#18951);
#18951 = FILL_AREA_STYLE('',(#18952));
#18952 = FILL_AREA_STYLE_COLOUR('',#18672);
#18953 = STYLED_ITEM('color',(#18954),#3226);
#18954 = PRESENTATION_STYLE_ASSIGNMENT((#18955));
#18955 = SURFACE_STYLE_USAGE(.BOTH.,#18956);
#18956 = SURFACE_SIDE_STYLE('',(#18957));
#18957 = SURFACE_STYLE_FILL_AREA(#18958);
#18958 = FILL_AREA_STYLE('',(#18959));
#18959 = FILL_AREA_STYLE_COLOUR('',#18672);
#18960 = STYLED_ITEM('color',(#18961),#3243);
#18961 = PRESENTATION_STYLE_ASSIGNMENT((#18962));
#18962 = SURFACE_STYLE_USAGE(.BOTH.,#18963);
#18963 = SURFACE_SIDE_STYLE('',(#18964));
#18964 = SURFACE_STYLE_FILL_AREA(#18965);
#18965 = FILL_AREA_STYLE('',(#18966));
#18966 = FILL_AREA_STYLE_COLOUR('',#18672);
#18967 = STYLED_ITEM('color',(#18968),#3260);
#18968 = PRESENTATION_STYLE_ASSIGNMENT((#18969));
#18969 = SURFACE_STYLE_USAGE(.BOTH.,#18970);
#18970 = SURFACE_SIDE_STYLE('',(#18971));
#18971 = SURFACE_STYLE_FILL_AREA(#18972);
#18972 = FILL_AREA_STYLE('',(#18973));
#18973 = FILL_AREA_STYLE_COLOUR('',#18672);
#18974 = STYLED_ITEM('color',(#18975),#3293);
#18975 = PRESENTATION_STYLE_ASSIGNMENT((#18976));
#18976 = SURFACE_STYLE_USAGE(.BOTH.,#18977);
#18977 = SURFACE_SIDE_STYLE('',(#18978));
#18978 = SURFACE_STYLE_FILL_AREA(#18979);
#18979 = FILL_AREA_STYLE('',(#18980));
#18980 = FILL_AREA_STYLE_COLOUR('',#18672);
#18981 = STYLED_ITEM('color',(#18982),#3333);
#18982 = PRESENTATION_STYLE_ASSIGNMENT((#18983));
#18983 = SURFACE_STYLE_USAGE(.BOTH.,#18984);
#18984 = SURFACE_SIDE_STYLE('',(#18985));
#18985 = SURFACE_STYLE_FILL_AREA(#18986);
#18986 = FILL_AREA_STYLE('',(#18987));
#18987 = FILL_AREA_STYLE_COLOUR('',#18672);
#18988 = STYLED_ITEM('color',(#18989),#3364);
#18989 = PRESENTATION_STYLE_ASSIGNMENT((#18990));
#18990 = SURFACE_STYLE_USAGE(.BOTH.,#18991);
#18991 = SURFACE_SIDE_STYLE('',(#18992));
#18992 = SURFACE_STYLE_FILL_AREA(#18993);
#18993 = FILL_AREA_STYLE('',(#18994));
#18994 = FILL_AREA_STYLE_COLOUR('',#18672);
#18995 = STYLED_ITEM('color',(#18996),#3381);
#18996 = PRESENTATION_STYLE_ASSIGNMENT((#18997));
#18997 = SURFACE_STYLE_USAGE(.BOTH.,#18998);
#18998 = SURFACE_SIDE_STYLE('',(#18999));
#18999 = SURFACE_STYLE_FILL_AREA(#19000);
#19000 = FILL_AREA_STYLE('',(#19001));
#19001 = FILL_AREA_STYLE_COLOUR('',#18672);
#19002 = STYLED_ITEM('color',(#19003),#3398);
#19003 = PRESENTATION_STYLE_ASSIGNMENT((#19004));
#19004 = SURFACE_STYLE_USAGE(.BOTH.,#19005);
#19005 = SURFACE_SIDE_STYLE('',(#19006));
#19006 = SURFACE_STYLE_FILL_AREA(#19007);
#19007 = FILL_AREA_STYLE('',(#19008));
#19008 = FILL_AREA_STYLE_COLOUR('',#18672);
#19009 = STYLED_ITEM('color',(#19010),#3410);
#19010 = PRESENTATION_STYLE_ASSIGNMENT((#19011));
#19011 = SURFACE_STYLE_USAGE(.BOTH.,#19012);
#19012 = SURFACE_SIDE_STYLE('',(#19013));
#19013 = SURFACE_STYLE_FILL_AREA(#19014);
#19014 = FILL_AREA_STYLE('',(#19015));
#19015 = FILL_AREA_STYLE_COLOUR('',#18672);
#19016 = STYLED_ITEM('color',(#19017),#3443);
#19017 = PRESENTATION_STYLE_ASSIGNMENT((#19018));
#19018 = SURFACE_STYLE_USAGE(.BOTH.,#19019);
#19019 = SURFACE_SIDE_STYLE('',(#19020));
#19020 = SURFACE_STYLE_FILL_AREA(#19021);
#19021 = FILL_AREA_STYLE('',(#19022));
#19022 = FILL_AREA_STYLE_COLOUR('',#18672);
#19023 = STYLED_ITEM('color',(#19024),#3460);
#19024 = PRESENTATION_STYLE_ASSIGNMENT((#19025));
#19025 = SURFACE_STYLE_USAGE(.BOTH.,#19026);
#19026 = SURFACE_SIDE_STYLE('',(#19027));
#19027 = SURFACE_STYLE_FILL_AREA(#19028);
#19028 = FILL_AREA_STYLE('',(#19029));
#19029 = FILL_AREA_STYLE_COLOUR('',#18672);
#19030 = STYLED_ITEM('color',(#19031),#3477);
#19031 = PRESENTATION_STYLE_ASSIGNMENT((#19032));
#19032 = SURFACE_STYLE_USAGE(.BOTH.,#19033);
#19033 = SURFACE_SIDE_STYLE('',(#19034));
#19034 = SURFACE_STYLE_FILL_AREA(#19035);
#19035 = FILL_AREA_STYLE('',(#19036));
#19036 = FILL_AREA_STYLE_COLOUR('',#18672);
#19037 = STYLED_ITEM('color',(#19038),#3489);
#19038 = PRESENTATION_STYLE_ASSIGNMENT((#19039));
#19039 = SURFACE_STYLE_USAGE(.BOTH.,#19040);
#19040 = SURFACE_SIDE_STYLE('',(#19041));
#19041 = SURFACE_STYLE_FILL_AREA(#19042);
#19042 = FILL_AREA_STYLE('',(#19043));
#19043 = FILL_AREA_STYLE_COLOUR('',#18672);
#19044 = STYLED_ITEM('color',(#19045),#3506);
#19045 = PRESENTATION_STYLE_ASSIGNMENT((#19046));
#19046 = SURFACE_STYLE_USAGE(.BOTH.,#19047);
#19047 = SURFACE_SIDE_STYLE('',(#19048));
#19048 = SURFACE_STYLE_FILL_AREA(#19049);
#19049 = FILL_AREA_STYLE('',(#19050));
#19050 = FILL_AREA_STYLE_COLOUR('',#18672);
#19051 = STYLED_ITEM('color',(#19052),#3523);
#19052 = PRESENTATION_STYLE_ASSIGNMENT((#19053));
#19053 = SURFACE_STYLE_USAGE(.BOTH.,#19054);
#19054 = SURFACE_SIDE_STYLE('',(#19055));
#19055 = SURFACE_STYLE_FILL_AREA(#19056);
#19056 = FILL_AREA_STYLE('',(#19057));
#19057 = FILL_AREA_STYLE_COLOUR('',#18672);
ENDSEC;
END-ISO-10303-21;
